{"type": "FeatureCollection", "features": [{"type": "Feature", "geometry": {"type": "MultiPolygon", "coordinates": [[[[72.6526112, 19.8322743], [72.6837766, 19.8042385], [72.686255, 19.7521284], [72.7102822, 19.7026526], [72.7319598, 19.5963831], [72.7157995, 19.5915441], [72.7189243, 19.5391852], [72.7660829, 19.5045716], [72.7665496, 19.4789428], [72.7441692, 19.4600676], [72.7691081, 19.393992], [72.7579665, 19.375618], [72.7991652, 19.3295702], [72.8232568, 19.3326909], [72.8296459, 19.3124444], [72.7886617, 19.308526], [72.7786189, 19.2786382], [72.7817899, 19.1950878], [72.7967566, 19.1965266], [72.7810013, 19.1665171], [72.7860052, 19.1325423], [72.8042561, 19.1454495], [72.8262448, 19.096478], [72.8175685, 19.0428847], [72.8224616, 19.0404441], [72.8330201, 19.0491527], [72.8381297, 19.0484251], [72.8313357, 19.0225119], [72.8149044, 19.0266958], [72.8126531, 18.9822052], [72.7916763, 18.9488968], [72.8234364, 18.9414618], [72.8255072, 18.9195774], [72.8048086, 18.8991204], [72.8129303, 18.8948267], [72.8178468, 18.9073725], [72.8349625, 18.9236755], [72.8393447, 18.9203234], [72.8403904, 18.9208099], [72.8444463, 18.9252994], [72.8610948, 19.0021132], [72.88374, 19.008657], [72.904458, 18.9924937], [72.9576221, 19.0262926], [72.9697148, 19.1262942], [73.002651, 19.0008274], [73.0327063, 19.0012294], [72.9971444, 18.9692149], [72.9554763, 18.9733824], [72.927459, 18.9276601], [72.9462544, 18.9346026], [72.9572931, 18.9091957], [72.9075089, 18.9011738], [72.9271824, 18.8510443], [72.9659772, 18.8472944], [72.9884637, 18.8655747], [72.9809328, 18.8114101], [72.9678307, 18.7915061], [72.941521, 18.8289848], [72.9152425, 18.7916942], [72.8689825, 18.8063862], [72.8532225, 18.7006279], [72.8663278, 18.6480394], [72.9292769, 18.5416672], [72.9157589, 18.5287679], [72.910092, 18.5305317], [72.9080978, 18.5407994], [72.9058072, 18.540512], [72.911518, 18.5069838], [72.8947297, 18.4635054], [72.9063782, 18.4032045], [72.9264361, 18.3859322], [72.9145324, 18.3547699], [72.9494709, 18.338344], [72.9928851, 18.2732256], [73.0045474, 18.2847731], [73.0285156, 18.264474], [73.0666673, 18.272869], [73.0617481, 18.2508415], [73.0803359, 18.232011], [72.9819846, 18.2427614], [72.9688377, 18.2780915], [72.9357528, 18.2812295], [72.9317066, 18.2203428], [72.9572707, 18.2188346], [72.9811853, 18.1956409], [72.9870433, 18.1491499], [72.9696143, 18.1319296], [72.9992513, 18.0739541], [72.990219, 18.0560544], [73.0179584, 18.029271], [73.0021763, 18.0204358], [73.0181918, 17.991198], [73.0416155, 17.9860397], [73.0298138, 17.9446963], [73.0524221, 17.9314906], [73.1342107, 17.7179426], [73.1156069, 17.6807536], [73.1378826, 17.6112533], [73.1696024, 17.5829378], [73.1377566, 17.5564976], [73.1761229, 17.5158657], [73.1969798, 17.4380829], [73.1676257, 17.405131], [73.1776679, 17.3873372], [73.2067645, 17.3842656], [73.2189202, 17.3293673], [73.2419819, 17.3173533], [73.2258354, 17.2824232], [73.2173431, 17.3048877], [73.1933589, 17.3119603], [73.1895602, 17.2984503], [73.2428616, 17.2243329], [73.2451791, 17.2030729], [73.2308024, 17.1994243], [73.2525766, 17.1879142], [73.2664919, 17.1124714], [73.2902884, 17.0777281], [73.2771295, 17.0346027], [73.2574582, 17.0484917], [73.2548886, 17.0270526], [73.2832557, 17.0119001], [73.2712984, 16.9869065], [73.2948983, 16.9852046], [73.2771161, 16.8921194], [73.3003617, 16.8921711], [73.2861337, 16.8741404], [73.2958084, 16.8157307], [73.3176255, 16.8062768], [73.3055878, 16.7299305], [73.3285099, 16.6878047], [73.323757, 16.6364026], [73.339861, 16.6350611], [73.3317071, 16.6200314], [73.3511853, 16.6251717], [73.3407891, 16.6058745], [73.3529234, 16.5970015], [73.3204687, 16.6067176], [73.3227324, 16.5838403], [73.3450109, 16.5717425], [73.3111614, 16.5413944], [73.4405136, 16.1867437], [73.4656084, 16.0718827], [73.4554026, 16.0555724], [73.4662979, 16.0540316], [73.4823469, 16.0368045], [73.510522, 15.9372094], [73.5866055, 15.9102287], [73.6259776, 15.8514472], [73.6679971, 15.7317983], [73.7856365, 15.7256691], [73.825355, 15.7423298], [73.8635301, 15.798964], [73.8751387, 15.7515528], [73.9385891, 15.7434984], [73.9442324, 15.6990902], [73.9641022, 15.6910441], [73.9680075, 15.6307447], [74.0213084, 15.6063596], [74.0311145, 15.6224996], [74.1134262, 15.6459116], [74.0887069, 15.6710152], [74.1273737, 15.6814689], [74.1242408, 15.7214195], [74.1613626, 15.75083], [74.2014026, 15.7568603], [74.2087166, 15.7801827], [74.2361559, 15.7845789], [74.2321418, 15.7538041], [74.2562264, 15.7435458], [74.3213441, 15.7564801], [74.3242303, 15.7718166], [74.3487968, 15.7666177], [74.3689277, 15.78648], [74.3656438, 15.8229851], [74.3827587, 15.8478609], [74.3392966, 15.8537657], [74.3657578, 15.8928272], [74.3901016, 15.8539182], [74.4069614, 15.8542117], [74.3871784, 15.9025217], [74.4320266, 15.9533777], [74.4648351, 16.0421033], [74.430397, 16.0590004], [74.3818835, 16.0344575], [74.3616243, 16.0540227], [74.3722597, 16.0769203], [74.42808, 16.111558], [74.4829394, 16.0883655], [74.491114, 16.1027888], [74.4804531, 16.1452732], [74.506578, 16.1891636], [74.4967658, 16.2319805], [74.4160377, 16.2582951], [74.4164577, 16.2798001], [74.3865749, 16.2758027], [74.3736666, 16.2944218], [74.3469059, 16.2926378], [74.3550836, 16.2815042], [74.3272814, 16.2689993], [74.3254974, 16.2872856], [74.3436628, 16.2915428], [74.3184305, 16.3258783], [74.3300268, 16.3410427], [74.3211066, 16.3798456], [74.3385011, 16.3914418], [74.3572335, 16.3655732], [74.3651662, 16.4031596], [74.3380551, 16.401254], [74.3342887, 16.4533057], [74.2916699, 16.4596813], [74.2925495, 16.5033902], [74.2644632, 16.4766297], [74.2488528, 16.4958081], [74.278387, 16.5026712], [74.2734534, 16.5468567], [74.2849797, 16.5234607], [74.3023741, 16.5297047], [74.3081098, 16.5014165], [74.3234376, 16.5565926], [74.3573828, 16.5584477], [74.3581256, 16.539517], [74.3831635, 16.526953], [74.3984864, 16.5824328], [74.4678444, 16.6055265], [74.4586372, 16.648774], [74.49106, 16.6297227], [74.5442679, 16.6340711], [74.5444221, 16.5955896], [74.5600526, 16.5931866], [74.5553097, 16.5632759], [74.5684331, 16.5544455], [74.6313044, 16.5783073], [74.6417493, 16.611336], [74.6882678, 16.6094003], [74.651056, 16.6352327], [74.6909439, 16.6767473], [74.6914744, 16.7164393], [74.7323513, 16.7184944], [74.7744392, 16.7503809], [74.85042, 16.7717688], [74.9222821, 16.771485], [74.9030558, 16.8624086], [74.9628692, 16.8794189], [74.9620933, 16.9105649], [74.9219101, 16.9294208], [74.932144, 16.9450203], [74.9651207, 16.9274869], [74.9678921, 16.9511495], [74.9956798, 16.9526274], [75.0270937, 16.9443351], [75.0246977, 16.9277986], [75.0907463, 16.950638], [75.098197, 16.913071], [75.1178472, 16.9126558], [75.1355859, 16.8749712], [75.1896932, 16.873591], [75.1818608, 16.8437383], [75.2144196, 16.8419542], [75.2844434, 16.8803109], [75.2831054, 16.9552401], [75.3415793, 16.9561723], [75.3915954, 16.9813289], [75.4257482, 16.9681486], [75.4663753, 16.9891588], [75.4892719, 16.9452516], [75.5295467, 16.9707709], [75.5665514, 16.9676916], [75.5675645, 17.010308], [75.6068304, 17.0064473], [75.6080912, 16.9726796], [75.6336593, 16.9714276], [75.6394904, 16.9563995], [75.6719113, 16.9630942], [75.6691003, 17.038349], [75.6410622, 17.0388547], [75.6484222, 17.055718], [75.6783486, 17.0628476], [75.6738885, 17.1136929], [75.6474424, 17.1150864], [75.6267464, 17.1627507], [75.6283398, 17.1892795], [75.6622922, 17.2082474], [75.657386, 17.270689], [75.6324094, 17.272027], [75.6036615, 17.3063115], [75.6099915, 17.3450674], [75.5817961, 17.3526456], [75.5752945, 17.3835489], [75.6142187, 17.3947293], [75.6079316, 17.4227593], [75.633316, 17.4776398], [75.6774899, 17.4543589], [75.6868675, 17.4121836], [75.7329335, 17.4207886], [75.7961731, 17.3689588], [75.8152741, 17.3764926], [75.8232156, 17.4218608], [75.8508286, 17.4106794], [75.8594505, 17.3853789], [75.8846485, 17.418675], [75.8911032, 17.3558699], [75.9315896, 17.3219672], [76.0141777, 17.3536745], [76.0584243, 17.356147], [76.0788309, 17.3331772], [76.1165643, 17.3717944], [76.1625266, 17.3450674], [76.1752939, 17.3027059], [76.1722898, 17.3551033], [76.2443018, 17.3804772], [76.2497091, 17.3634592], [76.271553, 17.3612474], [76.2767029, 17.335584], [76.3150263, 17.3342526], [76.3118291, 17.3471565], [76.3422346, 17.3563526], [76.3545513, 17.3152433], [76.3807726, 17.3162471], [76.4114785, 17.3523588], [76.4089036, 17.3712209], [76.3632631, 17.3786547], [76.3709235, 17.4369467], [76.3340163, 17.4353704], [76.3308191, 17.4708651], [76.374464, 17.4938695], [76.3446807, 17.4955067], [76.3660097, 17.5247284], [76.3413763, 17.5438796], [76.3306474, 17.5981303], [76.4184522, 17.6045526], [76.4277, 17.6440639], [76.4873504, 17.6582036], [76.4871448, 17.7135105], [76.5238949, 17.7160142], [76.524352, 17.7598986], [76.571821, 17.7612916], [76.5802543, 17.7055857], [76.6133934, 17.7710422], [76.6647248, 17.6874487], [76.6884022, 17.6798276], [76.6935099, 17.6959664], [76.7117638, 17.6945004], [76.6992647, 17.7283521], [76.7282942, 17.7375617], [76.7142707, 17.7813196], [76.7619149, 17.7873963], [76.7906956, 17.8250983], [76.7683474, 17.8516986], [76.7384463, 17.8560369], [76.7399633, 17.8995418], [76.7682525, 17.9024125], [76.7738041, 17.8784664], [76.8055981, 17.8708943], [76.8395874, 17.8997937], [76.8841747, 17.8942591], [76.9004064, 17.9175479], [76.9188657, 17.9164193], [76.9056888, 18.0098573], [76.9144717, 18.0355641], [76.953437, 18.041985], [76.9440158, 18.0833793], [76.9653511, 18.0988631], [76.9179532, 18.1241137], [76.9513324, 18.1883085], [76.9914136, 18.1907033], [77.0077634, 18.1600623], [77.0237539, 18.1585447], [77.0335734, 18.1821781], [77.064272, 18.1518068], [77.1120397, 18.1569213], [77.0969428, 18.1965518], [77.1511832, 18.2167321], [77.1747463, 18.284758], [77.2135787, 18.2807959], [77.1987557, 18.3145524], [77.2187546, 18.3256376], [77.2254004, 18.3651396], [77.2485549, 18.374435], [77.2333774, 18.3880455], [77.2401978, 18.4133307], [77.3150008, 18.4412645], [77.3210906, 18.4591753], [77.3400931, 18.4381545], [77.3661482, 18.4507161], [77.3726413, 18.4009351], [77.41414, 18.3922787], [77.394938, 18.3694667], [77.4005827, 18.3475285], [77.3563009, 18.3208867], [77.3661032, 18.3087383], [77.4376829, 18.3102948], [77.4477005, 18.2698727], [77.4654124, 18.2634144], [77.4938724, 18.2691931], [77.5131713, 18.3101532], [77.549798, 18.2918848], [77.5736283, 18.3030122], [77.5611475, 18.33089], [77.5326605, 18.3342643], [77.5189768, 18.3578447], [77.5559203, 18.4128749], [77.5279568, 18.4420082], [77.5974514, 18.4480694], [77.5487116, 18.4666312], [77.572507, 18.469052], [77.5765741, 18.4868034], [77.6032385, 18.4764113], [77.603686, 18.4961779], [77.5853179, 18.5044383], [77.5998008, 18.5196301], [77.5882403, 18.526446], [77.5964893, 18.5493057], [77.6340985, 18.5425808], [77.6476656, 18.5554737], [77.655304, 18.5315771], [77.7074507, 18.5653034], [77.7383119, 18.5568688], [77.7493429, 18.5904264], [77.7286147, 18.6653556], [77.7518749, 18.7011411], [77.7671904, 18.7060037], [77.7867865, 18.6830003], [77.8420615, 18.806929], [77.9479762, 18.8304342], [77.9290644, 18.8602751], [77.9028743, 18.8674389], [77.8851448, 18.9058094], [77.8426951, 18.9102158], [77.8579172, 18.949541], [77.8158766, 18.9482767], [77.8201456, 18.9798702], [77.7708791, 18.9802014], [77.7606043, 19.0325884], [77.765561, 19.0634024], [77.8001126, 19.0509143], [77.80536, 19.101748], [77.8498256, 19.0891203], [77.8519387, 19.1168166], [77.8341389, 19.1344041], [77.8601961, 19.1801521], [77.8445223, 19.1911044], [77.8699521, 19.2492157], [77.9075109, 19.2685443], [77.8664608, 19.2841609], [77.8634021, 19.3044391], [77.9498516, 19.3385078], [78.0420878, 19.2706012], [78.0355011, 19.2502543], [78.0511449, 19.2394995], [78.079069, 19.2551897], [78.0886592, 19.2400111], [78.1136237, 19.2482778], [78.1397902, 19.2301065], [78.1752733, 19.2378869], [78.1933203, 19.3186795], [78.1587499, 19.3602451], [78.1942069, 19.4369117], [78.242263, 19.4232154], [78.266011, 19.4322875], [78.2599625, 19.4518648], [78.3080173, 19.4555254], [78.2924716, 19.5428193], [78.2743567, 19.5558671], [78.3029859, 19.5699284], [78.30657, 19.6064827], [78.2635283, 19.6658118], [78.2783911, 19.6924952], [78.3123137, 19.6916772], [78.3405926, 19.7102063], [78.3652486, 19.7792434], [78.3577752, 19.8052995], [78.3340791, 19.8146971], [78.3371277, 19.8384388], [78.2861078, 19.8474501], [78.3059396, 19.9137987], [78.331073, 19.9139809], [78.3336148, 19.884818], [78.3793432, 19.8812218], [78.3865285, 19.8461546], [78.4224164, 19.81838], [78.4714258, 19.8176735], [78.4887286, 19.7935454], [78.5051068, 19.7947543], [78.5150599, 19.8181176], [78.5517096, 19.8239212], [78.6984157, 19.7882484], [78.7180173, 19.7667036], [78.7408376, 19.7829281], [78.7833881, 19.7792431], [78.8011336, 19.7566672], [78.8408422, 19.7619107], [78.8604176, 19.6895014], [78.8523552, 19.6582508], [78.8865069, 19.6547154], [78.9049139, 19.6699359], [78.9554594, 19.6561554], [78.9504279, 19.6085214], [78.9728391, 19.581429], [78.9368967, 19.5640792], [78.9395482, 19.5523695], [78.980622, 19.5616274], [78.997573, 19.5423293], [79.045036, 19.5492401], [79.0952372, 19.533593], [79.1800582, 19.4622062], [79.2229769, 19.4683584], [79.204021, 19.4942546], [79.2407897, 19.5373447], [79.2532038, 19.5931285], [79.2440501, 19.6171628], [79.298402, 19.5961987], [79.3118047, 19.5662602], [79.3300705, 19.5801729], [79.3657221, 19.5769573], [79.4029438, 19.5375751], [79.4334423, 19.5376067], [79.4718569, 19.5015338], [79.5183887, 19.5202154], [79.5184513, 19.5437628], [79.5397466, 19.5555908], [79.5527318, 19.5248229], [79.5957132, 19.5080353], [79.6245292, 19.5712864], [79.7088781, 19.5844655], [79.7427312, 19.6083848], [79.8146537, 19.5756184], [79.8646327, 19.5102543], [79.9153925, 19.4953837], [79.947701, 19.467501], [79.9796506, 19.3905344], [79.9606971, 19.3327702], [79.9665982, 19.303598], [79.9216185, 19.2160422], [79.9444005, 19.1652651], [79.8763209, 19.128592], [79.8569948, 19.0950791], [79.8740978, 19.0415167], [79.9273869, 19.0533325], [79.941395, 19.0335292], [79.9617882, 18.8637907], [79.9106394, 18.8257057], [79.9642315, 18.7727146], [80.0213266, 18.7685108], [80.0536719, 18.7238307], [80.109699, 18.6842225], [80.2468436, 18.7014936], [80.2728751, 18.7237235], [80.2462509, 18.7629076], [80.2815548, 18.7694335], [80.3538195, 18.8210611], [80.3305086, 18.8766741], [80.2718354, 18.9358097], [80.2743315, 18.9920118], [80.3044152, 19.0239243], [80.2980753, 19.0505139], [80.3294349, 19.0698854], [80.3333616, 19.1454115], [80.3915408, 19.1835984], [80.3932851, 19.2459147], [80.4469889, 19.264271], [80.4841447, 19.3394915], [80.5191713, 19.3471737], [80.5779767, 19.4018332], [80.6117455, 19.3107031], [80.6775426, 19.3300562], [80.6927347, 19.3153149], [80.689516, 19.2864765], [80.7520008, 19.2873069], [80.8510923, 19.361721], [80.8098506, 19.4087211], [80.8126616, 19.4329445], [80.8746958, 19.4453685], [80.8977842, 19.4802881], [80.8952737, 19.5191036], [80.8551264, 19.5242405], [80.834527, 19.5666242], [80.7751107, 19.5624995], [80.7668066, 19.5894695], [80.7197928, 19.6149999], [80.6663632, 19.6103307], [80.6699145, 19.7024556], [80.5535602, 19.7644823], [80.5463075, 19.8177038], [80.4818058, 19.8272317], [80.470047, 19.8102345], [80.4853677, 19.8014323], [80.4874706, 19.7701364], [80.4646825, 19.7952544], [80.402069, 19.7955371], [80.4031849, 19.8166339], [80.4389762, 19.8090232], [80.5055379, 19.8719164], [80.4908609, 19.9013361], [80.4116392, 19.9092046], [80.4111242, 19.938456], [80.4515934, 19.9574564], [80.4893589, 19.9305486], [80.5294847, 19.9387788], [80.5495262, 19.9860535], [80.5567467, 20.0704735], [80.5440974, 20.0962189], [80.5521441, 20.1183534], [80.5315876, 20.1306939], [80.4621506, 20.1505775], [80.4294276, 20.1362341], [80.3949666, 20.1549689], [80.3998589, 20.1868128], [80.4223466, 20.2020175], [80.3954816, 20.2446631], [80.4817199, 20.2747174], [80.5190134, 20.2662432], [80.5496549, 20.3082473], [80.6120109, 20.3191541], [80.6263876, 20.3355932], [80.5918622, 20.3929455], [80.6133413, 20.4348549], [80.6020117, 20.4475622], [80.6263983, 20.563277], [80.6171393, 20.5846819], [80.6317091, 20.5985217], [80.5801463, 20.6084638], [80.5207622, 20.5807245], [80.4812908, 20.6187368], [80.5209767, 20.6573117], [80.5876136, 20.6847359], [80.5517578, 20.763919], [80.5613386, 20.830978], [80.546844, 20.9349876], [80.4629874, 20.9300173], [80.443697, 20.9936567], [80.4239988, 21.0091216], [80.45228, 21.0386647], [80.4389763, 21.0964322], [80.4573226, 21.1138081], [80.4453921, 21.1221951], [80.463717, 21.1745277], [80.6143713, 21.2270218], [80.6811368, 21.3127847], [80.6623721, 21.3348523], [80.5991961, 21.3271226], [80.5276224, 21.3948705], [80.4575569, 21.4026843], [80.4486317, 21.3720539], [80.412236, 21.3767175], [80.3960352, 21.4081072], [80.4221551, 21.4405395], [80.3771949, 21.5222466], [80.2534472, 21.6247545], [80.1927783, 21.6354505], [80.154617, 21.606471], [80.1197089, 21.609879], [80.0666863, 21.5542024], [80.0328654, 21.556214], [79.9968058, 21.5336187], [79.9714828, 21.5577177], [79.9359005, 21.5562444], [79.9184649, 21.5245445], [79.8912446, 21.5181866], [79.8312491, 21.5469248], [79.7920707, 21.5865897], [79.7376286, 21.6038563], [79.660936, 21.5768954], [79.6520534, 21.5559847], [79.5406107, 21.5426801], [79.5425077, 21.5682268], [79.5120284, 21.5839734], [79.503713, 21.6145932], [79.517231, 21.6257472], [79.4962061, 21.674225], [79.4221978, 21.6918223], [79.3924871, 21.6741197], [79.3523681, 21.6780574], [79.2311858, 21.722284], [79.2240204, 21.6488038], [79.1483129, 21.6611749], [79.1433004, 21.6369641], [79.1005273, 21.6176034], [79.1072064, 21.6050267], [79.0939582, 21.5981122], [79.012369, 21.5994462], [78.9980123, 21.6185735], [78.9755219, 21.6176379], [78.9143521, 21.5889862], [78.9137507, 21.5709854], [78.9318633, 21.5617601], [78.9067975, 21.5532591], [78.9443927, 21.5158752], [78.9366924, 21.4857667], [78.8992586, 21.5004616], [78.8908366, 21.4852625], [78.8002569, 21.4901552], [78.7761297, 21.4645833], [78.7508485, 21.4929839], [78.7284659, 21.462293], [78.6889102, 21.4819708], [78.5853352, 21.4867217], [78.5701465, 21.5142547], [78.5116449, 21.5286901], [78.4496546, 21.4955182], [78.424238, 21.5444363], [78.4271875, 21.5992068], [78.3868987, 21.6147939], [78.3726373, 21.6134451], [78.3816154, 21.5920375], [78.3630617, 21.5752038], [78.3427498, 21.5890555], [78.3070505, 21.5695734], [78.3029716, 21.5837419], [78.2664754, 21.5917326], [78.2738559, 21.5692548], [78.1818867, 21.5573431], [78.1762142, 21.4997549], [77.9411888, 21.3857716], [77.883274, 21.3760383], [77.8011549, 21.4095951], [77.7967675, 21.3890106], [77.7500412, 21.3828275], [77.7371076, 21.3622023], [77.7099885, 21.3574472], [77.6919915, 21.397565], [77.6699085, 21.3689235], [77.6531271, 21.3914565], [77.6049656, 21.3907346], [77.6078482, 21.3649373], [77.5871111, 21.3628396], [77.5634965, 21.3693096], [77.5614613, 21.3964566], [77.5317192, 21.4191461], [77.5145238, 21.3759396], [77.4880575, 21.3743587], [77.4735981, 21.4544465], [77.4421873, 21.4699108], [77.4223058, 21.5174799], [77.4255574, 21.5377404], [77.4548862, 21.5538426], [77.5752276, 21.5264585], [77.6114816, 21.5388206], [77.5952923, 21.5594315], [77.5771148, 21.5551706], [77.575517, 21.6206392], [77.5421033, 21.7061388], [77.4794672, 21.7541467], [77.4790941, 21.7699869], [77.4041741, 21.7524234], [77.2898879, 21.7603449], [77.287217, 21.7219218], [77.2269109, 21.7167926], [77.2104244, 21.6896451], [77.1760337, 21.7257547], [77.1651228, 21.7107378], [77.0732187, 21.719454], [76.901617, 21.5968439], [76.8544866, 21.613315], [76.8329054, 21.5889541], [76.7952621, 21.5939108], [76.7814125, 21.5647209], [76.7895198, 21.5365536], [76.763445, 21.520769], [76.7955048, 21.4895772], [76.7840407, 21.4625232], [76.7439691, 21.4392709], [76.7395448, 21.4106041], [76.6217763, 21.3322707], [76.6626792, 21.2806939], [76.6616463, 21.2406564], [76.6413597, 21.2362907], [76.6234887, 21.1850389], [76.567311, 21.1991214], [76.529332, 21.1820767], [76.4940691, 21.193575], [76.456031, 21.1083202], [76.4107093, 21.1024533], [76.4131084, 21.0885159], [76.3747665, 21.0725531], [76.2801316, 21.0706885], [76.260385, 21.090583], [76.1674008, 21.0794844], [76.1708871, 21.1039331], [76.1379281, 21.1198531], [76.1424684, 21.1351528], [76.1134803, 21.155394], [76.1292607, 21.1758218], [76.1716862, 21.1665604], [76.176396, 21.1839952], [76.1656591, 21.2216159], [76.1420362, 21.2281635], [76.1593611, 21.255975], [76.1297404, 21.2867046], [76.0965993, 21.3717695], [76.0489762, 21.3497204], [75.9630597, 21.3897099], [75.9106581, 21.3825745], [75.8900303, 21.3947088], [75.8333637, 21.3766365], [75.7284708, 21.3886836], [75.6700903, 21.3745793], [75.6230255, 21.3750235], [75.6069396, 21.3918441], [75.5437243, 21.368528], [75.5200544, 21.3870164], [75.3824384, 21.3795424], [75.3571619, 21.4008653], [75.2987402, 21.3855673], [75.2953257, 21.4135732], [75.2189154, 21.4083395], [75.1258301, 21.4492612], [75.0533154, 21.5648245], [75.0150212, 21.5696774], [74.9016833, 21.629238], [74.8627638, 21.634455], [74.8288583, 21.6097933], [74.7828739, 21.6106903], [74.5820816, 21.664989], [74.5798685, 21.6833268], [74.5542047, 21.6813624], [74.5473673, 21.7196027], [74.5055882, 21.7263061], [74.5139522, 21.7656878], [74.4982107, 21.7900887], [74.5242104, 21.910582], [74.4887304, 21.9561694], [74.4393896, 21.976724], [74.4323306, 21.9994035], [74.452181, 22.0046529], [74.4316399, 22.0302694], [74.3871162, 22.0199789], [74.3484216, 21.9770007], [74.3076361, 21.9717556], [74.2811757, 21.9331121], [74.1930803, 21.9259711], [74.1446155, 21.9529011], [73.8718343, 21.841782], [73.7976122, 21.8276001], [73.8325131, 21.8015732], [73.8247561, 21.7593005], [73.8820481, 21.7138955], [73.8944506, 21.6765921], [73.8878417, 21.6535592], [73.7797594, 21.6277401], [73.814156, 21.6007792], [73.8520717, 21.4983559], [73.9055872, 21.5243079], [73.9510882, 21.5133387], [73.9566457, 21.5413637], [73.9822701, 21.522598], [73.9749383, 21.5429106], [73.9977693, 21.5391982], [74.0052795, 21.5535282], [74.1367936, 21.5474611], [74.1590881, 21.5692137], [74.1755032, 21.5692736], [74.1970253, 21.5321125], [74.2298341, 21.554067], [74.2355633, 21.5398968], [74.2614412, 21.540276], [74.2963099, 21.5693933], [74.3316722, 21.5456449], [74.320879, 21.499454], [74.2530298, 21.4686652], [74.2139768, 21.4816244], [74.197669, 21.4586804], [74.1253567, 21.4671076], [74.1010451, 21.4483954], [74.0636658, 21.4743163], [74.0452337, 21.4203325], [74.0071463, 21.4235884], [73.9593816, 21.3956606], [73.9392972, 21.40542], [73.9427304, 21.3000304], [73.8808143, 21.2665102], [73.8229537, 21.2709793], [73.8160014, 21.1740075], [73.7847161, 21.1844118], [73.7727213, 21.1654634], [73.7307715, 21.1661837], [73.7325954, 21.1420296], [73.6697674, 21.1551177], [73.6428809, 21.139728], [73.6075187, 21.1597403], [73.6075187, 21.1792097], [73.5768985, 21.1690051], [73.5787868, 21.1509953], [73.6176467, 21.1427501], [73.618741, 21.1187523], [73.6896372, 21.1016772], [73.7035632, 21.1185521], [73.7288189, 21.1000357], [73.744483, 21.1151693], [73.7298488, 21.0829384], [73.7803602, 21.0637568], [73.8077616, 21.0849205], [73.7982344, 21.0415486], [73.8699674, 20.985583], [73.902068, 20.981516], [73.9090419, 20.9593757], [73.8923156, 20.9550526], [73.8881802, 20.933607], [73.9180541, 20.9071679], [73.9244699, 20.8511921], [73.9401394, 20.8392956], [73.9419083, 20.7415811], [73.9136204, 20.7241783], [73.8743931, 20.7293398], [73.8552421, 20.6912147], [73.8114095, 20.6921532], [73.8393581, 20.659204], [73.8383442, 20.6210212], [73.7759265, 20.6007135], [73.7444334, 20.5649218], [73.6948675, 20.5784232], [73.6527488, 20.5646808], [73.62822, 20.5829995], [73.6153883, 20.6250327], [73.5515611, 20.64798], [73.5314311, 20.6734096], [73.4898032, 20.6554444], [73.4748566, 20.7200929], [73.4496009, 20.716765], [73.4330383, 20.6663565], [73.3927891, 20.6448865], [73.4209844, 20.6262012], [73.4298103, 20.5950455], [73.4730421, 20.5846279], [73.4752429, 20.5432981], [73.4936589, 20.5375439], [73.4696907, 20.5199507], [73.4194046, 20.4126296], [73.3798662, 20.3933955], [73.3835918, 20.3719413], [73.4058487, 20.3847895], [73.4134287, 20.3566175], [73.4275478, 20.2804085], [73.41205, 20.265209], [73.416996, 20.1985588], [73.3888757, 20.192774], [73.3831036, 20.2117033], [73.3664578, 20.1954172], [73.3579606, 20.2133394], [73.3442196, 20.1996336], [73.2971603, 20.2089169], [73.2831296, 20.1979672], [73.2793719, 20.1496357], [73.2493472, 20.122446], [73.2180492, 20.1365096], [73.212356, 20.089799], [73.1888892, 20.0772823], [73.1925767, 20.0500921], [73.1789555, 20.0473907], [73.1364225, 20.0860034], [73.1116909, 20.0741667], [73.1039098, 20.0893521], [73.0626816, 20.098705], [73.0523255, 20.0645479], [73.0397755, 20.0672084], [73.0014682, 20.1118957], [73.0113924, 20.1345217], [72.9978418, 20.142298], [72.9773497, 20.1126614], [72.9639387, 20.1267551], [72.9776287, 20.1798947], [72.9625224, 20.182805], [72.9623937, 20.2100119], [72.8586459, 20.2244894], [72.8607273, 20.2073136], [72.8385186, 20.2088238], [72.8371239, 20.1885146], [72.8161061, 20.1840839], [72.8243243, 20.1421369], [72.7887368, 20.1490062], [72.792288, 20.1232898], [72.7379143, 20.1347534], [72.7268904, 20.0836616], [72.707423, 20.0699998], [72.7208125, 19.9847831], [72.6644111, 19.9339728], [72.6826072, 19.8821826], [72.6526112, 19.8322743]], [[74.265697, 15.8273185], [74.2942182, 15.8303141], [74.314429, 15.7906545], [74.2704298, 15.7944838], [74.265697, 15.8273185]], [[77.268393, 18.4546658], [77.2767053, 18.4766494], [77.3002553, 18.4760136], [77.2954367, 18.4572397], [77.268393, 18.4546658]]], [[[72.716985, 19.5455879], [72.7176678, 19.5440699], [72.7180177, 19.5448877], [72.716985, 19.5455879]]], [[[72.7255842, 19.5329492], [72.7251551, 19.5318647], [72.7263272, 19.5325877], [72.7255842, 19.5329492]]], [[[72.725654, 19.4665585], [72.7324533, 19.4574577], [72.7342397, 19.4584844], [72.7366631, 19.4657463], [72.725654, 19.4665585]]], [[[72.7582352, 19.2696542], [72.757791, 19.2673766], [72.7588274, 19.2691055], [72.7582352, 19.2696542]]], [[[72.7622744, 19.2815483], [72.7618664, 19.2804116], [72.7625905, 19.2804532], [72.7622744, 19.2815483]]], [[[72.7628776, 19.3373073], [72.7629273, 19.3364645], [72.7635884, 19.3371225], [72.7628776, 19.3373073]]], [[[72.7638713, 19.2862819], [72.7642051, 19.2857051], [72.7648501, 19.2862285], [72.7638713, 19.2862819]]], [[[72.7734114, 19.1338048], [72.7735736, 19.133], [72.7739485, 19.1332946], [72.7734114, 19.1338048]]], [[[72.7802821, 19.1337619], [72.7810987, 19.1325455], [72.7818676, 19.1322471], [72.7822073, 19.1316108], [72.7838524, 19.1305802], [72.7802821, 19.1337619]]], [[[72.7936882, 19.3222503], [72.7941441, 19.3185295], [72.7980092, 19.32043], [72.7936882, 19.3222503]]], [[[72.8085665, 19.0761658], [72.8106819, 19.0747095], [72.8092381, 19.0797537], [72.8085665, 19.0761658]]], [[[72.8130645, 18.7062832], [72.8129196, 18.7025232], [72.8146255, 18.7031279], [72.8130645, 18.7062832]]], [[[72.8406134, 18.7045531], [72.8410479, 18.7042254], [72.8412142, 18.7047945], [72.8406134, 18.7045531]]], [[[72.8419706, 18.7076958], [72.8421235, 18.7060114], [72.8426304, 18.7083563], [72.8419706, 18.7076958]]], [[[72.8638709, 18.6357716], [72.8640988, 18.6325895], [72.8656599, 18.6381861], [72.8638709, 18.6357716]]], [[[72.9012448, 18.963921], [72.9018711, 18.9547179], [72.9068144, 18.9583369], [72.9012448, 18.963921]]], [[[72.9152469, 18.5356489], [72.9154946, 18.5348653], [72.9155892, 18.5355466], [72.9152469, 18.5356489]]], [[[72.9308941, 18.9703313], [72.9353799, 18.9527963], [72.9414377, 18.9696524], [72.9308941, 18.9703313]]], [[[72.9322886, 18.322884], [72.9325998, 18.3210558], [72.9333883, 18.3227974], [72.9322886, 18.322884]]], [[[72.9646335, 18.3011481], [72.9651337, 18.2987741], [72.9664709, 18.2995054], [72.9646335, 18.3011481]]], [[[73.0855286, 17.8170127], [73.0839005, 17.8165276], [73.0834123, 17.8141655], [73.0855286, 17.8170127]]], [[[73.0890343, 17.8096175], [73.089568, 17.8087364], [73.089737, 17.8109019], [73.0890343, 17.8096175]]], [[[73.4439597, 16.1011055], [73.4429678, 16.1003581], [73.4437028, 16.0996211], [73.4439597, 16.1011055]]], [[[73.4446128, 16.0987293], [73.4444442, 16.0984054], [73.4447813, 16.098365], [73.4446128, 16.0987293]]], [[[73.4558505, 15.8893469], [73.4558666, 15.8878584], [73.4565961, 15.8880055], [73.4558505, 15.8893469]]], [[[73.4564382, 15.9876347], [73.456385, 15.9873372], [73.4565252, 15.9876284], [73.4564382, 15.9876347]]], [[[73.4591849, 16.0457109], [73.4607989, 16.0390783], [73.4616409, 16.0443652], [73.4591849, 16.0457109]]], [[[73.4573994, 15.9949961], [73.4573658, 15.9949081], [73.4574443, 15.994926], [73.4573994, 15.9949961]]], [[[73.4580689, 15.9939283], [73.4580371, 15.993772], [73.4581362, 15.9938996], [73.4580689, 15.9939283]]], [[[73.4588814, 15.8874173], [73.4589136, 15.8868549], [73.4590745, 15.8867517], [73.4588814, 15.8874173]]], [[[73.4601699, 16.0234231], [73.4601734, 16.0232063], [73.4602556, 16.0233004], [73.4601699, 16.0234231]]], [[[73.461467, 16.0525901], [73.4612739, 16.05192], [73.4616548, 16.05192], [73.461467, 16.0525901]]], [[[73.4635484, 15.889285], [73.4633982, 15.888911], [73.4641063, 15.8869736], [73.4635484, 15.889285]]], [[[73.4625326, 15.9884455], [73.4625532, 15.98821], [73.462686, 15.988476], [73.4625326, 15.9884455]]], [[[73.4629476, 15.9304326], [73.4628671, 15.9300097], [73.4631944, 15.9299942], [73.4629476, 15.9304326]]], [[[73.4637523, 15.9324599], [73.4635323, 15.9319802], [73.4639586, 15.931946], [73.4637523, 15.9324599]]], [[[73.4638944, 16.0460455], [73.4637469, 16.0456433], [73.4638542, 16.0456356], [73.4638944, 16.0460455]]], [[[73.4647447, 16.0477725], [73.4644228, 16.047159], [73.4647554, 16.0469528], [73.4647447, 16.0477725]]], [[[73.4653562, 15.8993457], [73.4652865, 15.8990981], [73.4655064, 15.8985512], [73.4653562, 15.8993457]]], [[[73.4670836, 15.8952596], [73.4663218, 15.8937066], [73.4671426, 15.8936292], [73.4670836, 15.8952596]]], [[[73.4660677, 15.9254923], [73.4660031, 15.9249049], [73.4663234, 15.9249989], [73.4660677, 15.9254923]]], [[[73.4794128, 15.9720915], [73.4793451, 15.9718549], [73.4795259, 15.9717728], [73.4794128, 15.9720915]]], [[[73.6497259, 15.746524], [73.651008, 15.745796], [73.6514935, 15.7462168], [73.6497259, 15.746524]]], [[[73.6524188, 15.7464672], [73.6523598, 15.7458734], [73.6534756, 15.7464569], [73.6524188, 15.7464672]]]]}, "properties": {"level": "state", "name": "Maharashtra", "parent_level": null, "parent_name": null}}, {"type": "Feature", "geometry": {"type": "Polygon", "coordinates": [[[76.2024244, 18.3938787], [76.2064618, 18.3905638], [76.2091247, 18.3887977], [76.2106996, 18.3874119], [76.2131907, 18.3862707], [76.2150233, 18.3852382], [76.2176862, 18.3836078], [76.2190893, 18.3823579], [76.2212655, 18.3812438], [76.2246156, 18.3795047], [76.2266486, 18.3796949], [76.2343797, 18.378608], [76.2362409, 18.3779558], [76.2395911, 18.3769776], [76.2446593, 18.3768689], [76.2486966, 18.3747222], [76.2504719, 18.3720863], [76.2532494, 18.3690971], [76.2571722, 18.364124], [76.2597779, 18.3658089], [76.26204, 18.3673851], [76.2638726, 18.3699123], [76.2650179, 18.3718145], [76.2667646, 18.3737439], [76.2701434, 18.377358], [76.2749252, 18.3811079], [76.2793348, 18.383635], [76.2837158, 18.3857001], [76.2874954, 18.3883629], [76.2885549, 18.3882814], [76.2894712, 18.387738], [76.2891276, 18.3855371], [76.288469, 18.382385], [76.2883831, 18.3793417], [76.2888985, 18.3737439], [76.2878677, 18.3674122], [76.2869228, 18.3622217], [76.286436, 18.3541231], [76.2855483, 18.3450729], [76.2852047, 18.3407786], [76.2892994, 18.3399904], [76.2961142, 18.3380335], [76.3004379, 18.3360222], [76.3071096, 18.3333042], [76.3131227, 18.3306948], [76.3168737, 18.3298794], [76.3170169, 18.3251227], [76.3159288, 18.3128089], [76.3152129, 18.3031857], [76.3142108, 18.2966067], [76.3146403, 18.2853241], [76.3145257, 18.2815721], [76.3108606, 18.2806205], [76.309973, 18.2791251], [76.3093144, 18.277956], [76.3080259, 18.2735513], [76.3070523, 18.2719199], [76.3070809, 18.2705604], [76.3075391, 18.2695544], [76.3072241, 18.2685211], [76.306451, 18.2674063], [76.305907, 18.2658564], [76.304418, 18.2622672], [76.3010679, 18.2616961], [76.2989203, 18.2615874], [76.2976032, 18.2609076], [76.2970019, 18.2604725], [76.2951979, 18.2603909], [76.2937376, 18.2597111], [76.291905, 18.2579437], [76.2897002, 18.2551428], [76.2883258, 18.2534569], [76.2874382, 18.2521516], [76.2864073, 18.2510911], [76.2842598, 18.2500033], [76.283544, 18.2493507], [76.2836585, 18.2449453], [76.2838303, 18.2420355], [76.285577, 18.2371675], [76.2859206, 18.2356174], [76.2862069, 18.2340672], [76.2862928, 18.2325714], [76.2864932, 18.2318915], [76.2899866, 18.2316196], [76.2923059, 18.2315652], [76.294883, 18.2315108], [76.2972596, 18.2315108], [76.2990635, 18.2315108], [76.3009819, 18.2312388], [76.3014401, 18.2294167], [76.3011538, 18.2228893], [76.3002661, 18.2197344], [76.2995789, 18.2176673], [76.2985481, 18.2127443], [76.2975745, 18.2123635], [76.2960569, 18.2117651], [76.2953411, 18.2106227], [76.2952266, 18.2087731], [76.2939094, 18.2007762], [76.2919623, 18.1951998], [76.2911606, 18.1935677], [76.2893853, 18.1924252], [76.2878963, 18.1912011], [76.2862928, 18.1896233], [76.2845748, 18.1876919], [76.2832004, 18.183965], [76.28174, 18.1825776], [76.2809097, 18.1815983], [76.2805947, 18.1803469], [76.2810815, 18.1719133], [76.2809383, 18.1669618], [76.2817973, 18.1646493], [76.2820836, 18.1624183], [76.2819405, 18.1597247], [76.2818546, 18.1561605], [76.2820836, 18.1523785], [76.2813964, 18.1497665], [76.280652, 18.1483244], [76.2797929, 18.1469639], [76.2783899, 18.1458211], [76.2770727, 18.1442157], [76.2759274, 18.141141], [76.2758128, 18.1401342], [76.276271, 18.139209], [76.2771014, 18.1381206], [76.2779317, 18.1368417], [76.2791344, 18.1346648], [76.2801365, 18.1326783], [76.2809956, 18.1312905], [76.2819691, 18.1296306], [76.2821982, 18.128787], [76.282914, 18.1277257], [76.2842312, 18.1266372], [76.2825418, 18.1235077], [76.2820264, 18.1209224], [76.280881, 18.1175479], [76.2802797, 18.1148537], [76.2799647, 18.1133569], [76.2794207, 18.1118056], [76.2793921, 18.1089208], [76.2834294, 18.1084037], [76.2860351, 18.1081316], [76.288784, 18.1073967], [76.2911606, 18.1069341], [76.2931077, 18.1066619], [76.2954843, 18.1062265], [76.2972882, 18.1060632], [76.2984049, 18.1055461], [76.2982904, 18.1044846], [76.2979754, 18.1033415], [76.2971164, 18.1019807], [76.2964292, 18.1008376], [76.2959138, 18.0996129], [76.2970019, 18.0987147], [76.2986053, 18.098252], [76.3037881, 18.0969184], [76.3052197, 18.0954758], [76.3070523, 18.0945504], [76.3094862, 18.0941966], [76.3135522, 18.0940061], [76.316072, 18.09387], [76.3188208, 18.0938428], [76.3262369, 18.0942239], [76.3277831, 18.094115], [76.3281268, 18.0892157], [76.3304175, 18.0785457], [76.3307038, 18.075497], [76.3313337, 18.0742993], [76.3340253, 18.0751704], [76.335457, 18.0763137], [76.3377477, 18.077348], [76.3407256, 18.0774025], [76.343589, 18.0772392], [76.3457079, 18.077348], [76.3480559, 18.0781102], [76.3502893, 18.0785457], [76.3536108, 18.0800156], [76.362201, 18.0853506], [76.3680995, 18.087637], [76.3715356, 18.088998], [76.375487, 18.0887802], [76.3788086, 18.0871471], [76.3807557, 18.0848063], [76.3816719, 18.0819754], [76.3824737, 18.0793623], [76.3843635, 18.077348], [76.3858525, 18.0764225], [76.3893458, 18.0752793], [76.3904339, 18.0723939], [76.3923237, 18.0691273], [76.395588, 18.0670584], [76.3974205, 18.0662418], [76.3971342, 18.0636829], [76.3962752, 18.0611239], [76.395817, 18.0588372], [76.3970197, 18.0543725], [76.3990813, 18.0519768], [76.4006848, 18.0503433], [76.403949, 18.0460418], [76.4081296, 18.0438638], [76.411852, 18.0431559], [76.4162616, 18.0419035], [76.4181514, 18.0399432], [76.4192395, 18.0371662], [76.4203848, 18.0353147], [76.4216447, 18.034389], [76.4246226, 18.0334633], [76.4277151, 18.0326465], [76.4321247, 18.0322653], [76.437336, 18.0314485], [76.449305, 18.0310673], [76.4531992, 18.0286712], [76.4565779, 18.0270376], [76.4597277, 18.0267108], [76.4613312, 18.0280178], [76.4633928, 18.0299782], [76.4671725, 18.0291613], [76.4703222, 18.0284534], [76.4732428, 18.0276366], [76.4753044, 18.0260029], [76.4780533, 18.025186], [76.482062, 18.0260573], [76.4841809, 18.0249682], [76.4876742, 18.0235523], [76.4914539, 18.02328], [76.4940882, 18.0234434], [76.4950618, 18.0261663], [76.4956344, 18.0306316], [76.4955199, 18.0353692], [76.4962644, 18.0398343], [76.497467, 18.045824], [76.499185, 18.0476753], [76.5035374, 18.0462052], [76.507947, 18.0457695], [76.5108676, 18.0444627], [76.5125856, 18.043646], [76.5124711, 18.0414679], [76.5115548, 18.0385275], [76.5093787, 18.0338989], [76.5089778, 18.0311217], [76.5087487, 18.0280178], [76.508806, 18.0251316], [76.508806, 18.0230622], [76.5110967, 18.022082], [76.5132156, 18.0227355], [76.515449, 18.0236068], [76.5182551, 18.0243147], [76.5199732, 18.0242603], [76.5207749, 18.0225176], [76.5220348, 18.0210473], [76.5261008, 18.0207205], [76.5302813, 18.0211562], [76.5307395, 18.0272009], [76.5303959, 18.0319386], [76.5310831, 18.0341712], [76.5354927, 18.0348246], [76.5444264, 18.0338989], [76.5477479, 18.0328098], [76.5490078, 18.0306316], [76.5492369, 18.0274188], [76.5501532, 18.025186], [76.5523866, 18.0248593], [76.5553645, 18.0260029], [76.5577125, 18.0268742], [76.5597169, 18.0277999], [76.5624657, 18.030795], [76.5632675, 18.0353147], [76.5646419, 18.0372206], [76.5672762, 18.0383097], [76.570025, 18.0374929], [76.5730029, 18.0362949], [76.5768399, 18.0364038], [76.5797033, 18.0377107], [76.5865754, 18.0384186], [76.5893815, 18.0372206], [76.590985, 18.0353692], [76.5931039, 18.033191], [76.5952228, 18.0319386], [76.5973989, 18.0304683], [76.6014649, 18.031394], [76.6047865, 18.0330821], [76.607731, 18.0355312], [76.6101123, 18.0338445], [76.6094824, 18.029597], [76.608967, 18.026493], [76.6049009, 18.0098286], [76.6039847, 18.0055805], [76.6070771, 18.004818], [76.6109713, 18.0027484], [76.61498, 18.0002431], [76.6208213, 17.9996984], [76.6265481, 17.9998073], [76.6371999, 17.998827], [76.6509441, 17.9983912], [76.665261, 17.9981734], [76.6782608, 17.994742], [76.6809523, 17.9928901], [76.6845029, 17.9803078], [76.6857628, 17.9759501], [76.6867936, 17.9732809], [76.6874236, 17.9711565], [76.687939, 17.9694678], [76.6865646, 17.9683238], [76.6841593, 17.9681059], [76.6816396, 17.967888], [76.679807, 17.9672343], [76.6769436, 17.9665262], [76.6756837, 17.9689775], [76.6751111, 17.9666896], [76.6747674, 17.9654367], [76.673164, 17.9644016], [76.6722477, 17.9598801], [76.6743666, 17.9560122], [76.6748247, 17.9530158], [76.6739657, 17.9507822], [76.6734503, 17.9492023], [76.6727631, 17.9481126], [76.6745956, 17.9481126], [76.6769436, 17.9476223], [76.6787189, 17.9472954], [76.6805515, 17.9458244], [76.6812387, 17.9438631], [76.6799215, 17.9421741], [76.6776308, 17.9374886], [76.675741, 17.9352002], [76.6751683, 17.924194], [76.6743666, 17.9201073], [76.6748247, 17.9179822], [76.6803224, 17.9179822], [76.6868509, 17.9173829], [76.6907451, 17.9170559], [76.6949829, 17.9165655], [76.6999079, 17.9157481], [76.7060355, 17.9152032], [76.7109606, 17.9147128], [76.7135949, 17.9147128], [76.7161719, 17.9152032], [76.7190926, 17.9161296], [76.7215551, 17.9162386], [76.7239603, 17.9153122], [76.724533, 17.9133505], [76.7249339, 17.9114433], [76.7268809, 17.9101355], [76.7290571, 17.910081], [76.7318632, 17.9097541], [76.7343257, 17.9087732], [76.7350129, 17.9082283], [76.7389215, 17.899768], [76.7399633, 17.8995418], [76.7412545, 17.8997901], [76.7424201, 17.8999996], [76.7435026, 17.90007], [76.7457127, 17.9001292], [76.7465277, 17.9001034], [76.7466316, 17.9001039], [76.7481931, 17.9001017], [76.7482462, 17.9001029], [76.7498131, 17.9001364], [76.7518159, 17.8999086], [76.7524212, 17.8997919], [76.754206, 17.899734], [76.7560825, 17.8997054], [76.7563719, 17.8997046], [76.7572314, 17.8995056], [76.7587619, 17.8996232], [76.7594179, 17.899876], [76.7600376, 17.9001013], [76.7611058, 17.9003524], [76.7628277, 17.9004579], [76.7637171, 17.9005481], [76.7650083, 17.9006563], [76.7670428, 17.9016099], [76.7682525, 17.9024125], [76.7687195, 17.901967], [76.7692922, 17.9004216], [76.7696417, 17.8988637], [76.7696838, 17.8986865], [76.7699441, 17.8980865], [76.7706849, 17.8961111], [76.7716794, 17.8938223], [76.771928, 17.89294], [76.7721852, 17.8923181], [76.7725559, 17.891688], [76.773448, 17.8913796], [76.7736201, 17.8906], [76.7736505, 17.8901393], [76.774223, 17.8871301], [76.7742676, 17.8859583], [76.7743286, 17.8851868], [76.7743928, 17.8845014], [76.7745452, 17.8830484], [76.7745639, 17.8828719], [76.7747572, 17.8812206], [76.7739991, 17.8792223], [76.7739368, 17.8789838], [76.7738041, 17.8784664], [76.7759208, 17.8781066], [76.7766246, 17.8781152], [76.7782476, 17.8778487], [76.7793269, 17.877674], [76.780275, 17.877454], [76.7812776, 17.8773205], [76.7823075, 17.8772098], [76.7833114, 17.8769542], [76.7845855, 17.8766334], [76.786516, 17.8763842], [76.7874594, 17.8762288], [76.7883433, 17.8760919], [76.7886479, 17.8755319], [76.7893779, 17.8753062], [76.7899856, 17.874905], [76.7907157, 17.874485], [76.7912501, 17.8742482], [76.7927417, 17.8736], [76.7933959, 17.8733802], [76.7939152, 17.873065], [76.7940784, 17.8729768], [76.7950828, 17.8725274], [76.7956062, 17.8724129], [76.7960246, 17.8723087], [76.7967878, 17.8722395], [76.7974103, 17.8720807], [76.7987002, 17.8718587], [76.799271, 17.8718385], [76.7997697, 17.8717801], [76.8000033, 17.8717331], [76.800239, 17.8717013], [76.8004357, 17.8717054], [76.8007414, 17.8716937], [76.8020327, 17.8715335], [76.8034922, 17.8714415], [76.8038321, 17.8709866], [76.8052236, 17.8708918], [76.8055508, 17.8708945], [76.8055981, 17.8708943], [76.8060298, 17.870941], [76.806176, 17.8709602], [76.8077072, 17.8712917], [76.8078893, 17.8713511], [76.8080045, 17.8713799], [76.8080828, 17.871395], [76.8079729, 17.8716399], [76.807883, 17.87201], [76.8079324, 17.8735586], [76.8078852, 17.8737789], [76.807885, 17.8737807], [76.8078236, 17.8742383], [76.8076627, 17.8746175], [76.8076075, 17.8754848], [76.8075922, 17.8761036], [76.8076196, 17.8763725], [76.8075502, 17.8778682], [76.808036, 17.8780167], [76.8082488, 17.8783207], [76.8083611, 17.879241], [76.8085583, 17.8804684], [76.8086912, 17.8811572], [76.8090521, 17.8824766], [76.8091118, 17.8827398], [76.809199, 17.8829086], [76.8092777, 17.8830613], [76.8095125, 17.8841531], [76.8096614, 17.8847689], [76.8097358, 17.8854957], [76.8097855, 17.8858809], [76.8099765, 17.8867397], [76.8100279, 17.8869602], [76.8100622, 17.8874083], [76.8103139, 17.8874146], [76.8111618, 17.8872917], [76.8123322, 17.8871361], [76.8135543, 17.8870052], [76.8152546, 17.8869248], [76.8155421, 17.8869329], [76.816221, 17.8869494], [76.8173851, 17.8867926], [76.8176201, 17.8867808], [76.817716, 17.8866575], [76.8184943, 17.8858435], [76.8191246, 17.8852161], [76.8197166, 17.8851269], [76.8192627, 17.8840734], [76.8194791, 17.8838741], [76.8199721, 17.8838635], [76.8207968, 17.8845491], [76.8214288, 17.884095], [76.8220513, 17.8845433], [76.8225524, 17.8847179], [76.8225316, 17.8851305], [76.8229714, 17.8860168], [76.8244866, 17.8859929], [76.8253281, 17.8860061], [76.8258601, 17.8860326], [76.8261478, 17.8842093], [76.8263197, 17.8842212], [76.8263509, 17.8844271], [76.8267268, 17.8848407], [76.8269284, 17.8849332], [76.8271982, 17.8845933], [76.8279685, 17.8849226], [76.8275856, 17.88428], [76.8282158, 17.8832295], [76.8309365, 17.8829324], [76.8322328, 17.8829811], [76.8323431, 17.8828758], [76.8326407, 17.8825901], [76.8325028, 17.883134], [76.8320495, 17.8859544], [76.832051, 17.8860022], [76.832006, 17.8860035], [76.8316501, 17.8860137], [76.8315416, 17.8867043], [76.8318136, 17.8879514], [76.8322819, 17.8898743], [76.8322105, 17.8902049], [76.8320964, 17.8907327], [76.831966, 17.8913371], [76.8320216, 17.8918428], [76.8323915, 17.8929558], [76.8325188, 17.8933389], [76.8332433, 17.8937824], [76.8342916, 17.8944242], [76.8353038, 17.895336], [76.8356957, 17.8956659], [76.8365637, 17.8963967], [76.8376277, 17.8966859], [76.8375805, 17.8977444], [76.8395874, 17.8997937], [76.8406389, 17.8999392], [76.8422649, 17.9000175], [76.8431199, 17.9000239], [76.8442655, 17.8999138], [76.8454242, 17.8995952], [76.8462955, 17.9003931], [76.846623, 17.9007732], [76.8470836, 17.9013078], [76.8477999, 17.9002832], [76.8479031, 17.9001826], [76.8487811, 17.9001263], [76.8489913, 17.9001129], [76.8493711, 17.9001562], [76.8510333, 17.9007484], [76.851394, 17.9009128], [76.8522679, 17.9008791], [76.8535829, 17.900704], [76.8565223, 17.9004458], [76.8575657, 17.9003541], [76.8592564, 17.8998701], [76.859687, 17.8996998], [76.8599176, 17.8996085], [76.8611217, 17.899272], [76.8627369, 17.8994569], [76.8635114, 17.8995455], [76.866583, 17.8995148], [76.868034, 17.8993073], [76.869261, 17.8990671], [76.8709865, 17.8987124], [76.8713601, 17.8988258], [76.8716668, 17.8989693], [76.8723109, 17.8985777], [76.8730568, 17.8983357], [76.8736121, 17.8981555], [76.8736396, 17.898149], [76.8744581, 17.8979412], [76.8746824, 17.8980186], [76.8747458, 17.8977856], [76.8756332, 17.8969387], [76.8760757, 17.8966283], [76.8768761, 17.8960668], [76.8789323, 17.89512], [76.879531, 17.8948128], [76.8797976, 17.894676], [76.8799409, 17.8945626], [76.8805457, 17.8955055], [76.881306, 17.895979], [76.8818342, 17.8955124], [76.8820593, 17.8954407], [76.883201, 17.8942626], [76.8841747, 17.8942591], [76.8838462, 17.8947386], [76.8836517, 17.8994254], [76.8853641, 17.8994841], [76.8884638, 17.8983998], [76.8895159, 17.8996237], [76.8908485, 17.8998543], [76.8917172, 17.899998], [76.8930947, 17.8998641], [76.8936374, 17.8999408], [76.8939132, 17.9004967], [76.8941895, 17.9011473], [76.8943676, 17.9018159], [76.8945403, 17.9024348], [76.8934385, 17.9044893], [76.8934374, 17.9050845], [76.8934257, 17.9054002], [76.8936739, 17.9063347], [76.8961863, 17.9060293], [76.8962149, 17.9069613], [76.8962706, 17.9074986], [76.8963036, 17.9080578], [76.8962977, 17.9088728], [76.8963429, 17.9101871], [76.8963374, 17.9108446], [76.8969214, 17.9105819], [76.8974235, 17.9102543], [76.8988107, 17.9093276], [76.8993992, 17.9107848], [76.8997482, 17.9115523], [76.9001348, 17.913033], [76.9007017, 17.9142107], [76.9015059, 17.9145205], [76.9008138, 17.9158554], [76.9004064, 17.9175479], [76.9027169, 17.9171102], [76.9048484, 17.9166927], [76.9071368, 17.9162254], [76.9083627, 17.9158608], [76.9093129, 17.9154033], [76.9100152, 17.9152509], [76.9106089, 17.9151694], [76.911853, 17.9150375], [76.912272, 17.914998], [76.9133545, 17.9151647], [76.9147063, 17.9147783], [76.9157121, 17.9147524], [76.916269, 17.9157523], [76.9165158, 17.9160666], [76.9172367, 17.9167939], [76.917813, 17.9166233], [76.9183956, 17.9164705], [76.9187497, 17.9164577], [76.9188657, 17.9164193], [76.9190391, 17.9182376], [76.9189839, 17.9191658], [76.9189279, 17.919874], [76.9189109, 17.9206682], [76.9188976, 17.921756], [76.9188898, 17.922766], [76.9189903, 17.9239329], [76.9191593, 17.9255179], [76.9193667, 17.9268007], [76.9198042, 17.9291688], [76.9198129, 17.9293899], [76.9196858, 17.9295231], [76.9200342, 17.9310679], [76.9201561, 17.9317477], [76.920048, 17.9332133], [76.9199348, 17.9339111], [76.9195505, 17.9352079], [76.9196803, 17.9373118], [76.9196983, 17.9393096], [76.9196107, 17.9415192], [76.9196135, 17.9416696], [76.9195414, 17.9421471], [76.9196546, 17.9429157], [76.9195524, 17.9431562], [76.9189433, 17.944075], [76.9186695, 17.9458371], [76.9185984, 17.9461365], [76.9190206, 17.9463762], [76.9187825, 17.9472247], [76.9183534, 17.9470354], [76.9179717, 17.9481735], [76.9182199, 17.9482523], [76.9182043, 17.9486131], [76.9179627, 17.9488856], [76.9177522, 17.9497918], [76.9174666, 17.950258], [76.9173422, 17.9517906], [76.9172603, 17.9524603], [76.9173072, 17.9529083], [76.9173373, 17.9532142], [76.917102, 17.9539832], [76.9168913, 17.9561493], [76.9163408, 17.9564979], [76.9162693, 17.9565362], [76.9161838, 17.9565821], [76.9149118, 17.9572582], [76.9147133, 17.9587113], [76.9145983, 17.9601167], [76.9144311, 17.9623647], [76.9144068, 17.9628957], [76.9142043, 17.9644944], [76.9138945, 17.9664642], [76.9135979, 17.967845], [76.9134439, 17.9694514], [76.9128553, 17.9727612], [76.9124269, 17.9749811], [76.9125674, 17.9770317], [76.9124305, 17.978083], [76.9122794, 17.9808753], [76.9124362, 17.9826725], [76.91244, 17.9828705], [76.9126921, 17.984403], [76.9128122, 17.985119], [76.9128856, 17.9855485], [76.912883, 17.9858892], [76.9128781, 17.986028], [76.9128359, 17.986675], [76.9132009, 17.9887306], [76.9129728, 17.9888775], [76.913175, 17.9900587], [76.9133588, 17.9917491], [76.9133765, 17.9926095], [76.913367, 17.9932027], [76.9128795, 17.9933471], [76.9128089, 17.9942624], [76.9127256, 17.9955776], [76.9124961, 17.9962955], [76.9125427, 17.9966817], [76.909103, 17.9967684], [76.9065147, 17.9967139], [76.9072962, 17.997238], [76.9074016, 17.9981725], [76.9080396, 17.9988028], [76.907092, 17.9999013], [76.9067969, 18.0002443], [76.9061945, 18.000796], [76.9056883, 18.002736], [76.9055385, 18.0039136], [76.9053749, 18.0056753], [76.9052925, 18.0072257], [76.9052736, 18.0076745], [76.905602, 18.0092424], [76.9056723, 18.0094062], [76.9056888, 18.0098573], [76.9060342, 18.0104199], [76.9067519, 18.012681], [76.907393, 18.0140343], [76.9078127, 18.014449], [76.908475, 18.014305], [76.9090671, 18.0140064], [76.9105732, 18.0134388], [76.9109401, 18.0133526], [76.9114842, 18.0147222], [76.9114306, 18.0149275], [76.9115282, 18.0151528], [76.9119489, 18.0168886], [76.9119828, 18.0170305], [76.9121907, 18.017681], [76.9123562, 18.0183159], [76.9126409, 18.0195917], [76.9129964, 18.0211919], [76.913204, 18.0219836], [76.9134166, 18.0229753], [76.9136147, 18.0239349], [76.9138649, 18.0251979], [76.914305, 18.0276108], [76.9144312, 18.0286909], [76.9146284, 18.0297048], [76.9146893, 18.0304745], [76.914579, 18.0307178], [76.9146556, 18.0310611], [76.9144995, 18.0317384], [76.914545, 18.032592], [76.9144948, 18.0350044], [76.9144717, 18.0355641], [76.9164118, 18.0360162], [76.9185416, 18.0365212], [76.9206619, 18.0368534], [76.9227592, 18.0370041], [76.9250421, 18.0372319], [76.9252673, 18.0372655], [76.9272265, 18.0374168], [76.9287107, 18.0375584], [76.9288381, 18.0375543], [76.9289845, 18.0375499], [76.9307889, 18.03762], [76.9319912, 18.0376003], [76.9329248, 18.0375845], [76.934489, 18.0375399], [76.9357804, 18.0375031], [76.936683, 18.0375962], [76.9368081, 18.0376382], [76.9390695, 18.0381084], [76.9405201, 18.0383295], [76.940886, 18.0384015], [76.9416657, 18.0385624], [76.9426993, 18.0386429], [76.9449995, 18.0387609], [76.94667, 18.0389488], [76.9470603, 18.0391928], [76.9470064, 18.0395062], [76.9477585, 18.0397783], [76.9504359, 18.04029], [76.9516207, 18.040466], [76.9529961, 18.0417159], [76.9530225, 18.041556], [76.9530668, 18.0414981], [76.953437, 18.041985], [76.9536899, 18.0424796], [76.9538652, 18.0426978], [76.9503281, 18.0435639], [76.9473582, 18.0447711], [76.9465909, 18.0449751], [76.9448632, 18.0450974], [76.9435825, 18.0463206], [76.9434733, 18.0479463], [76.9437549, 18.0496224], [76.9445465, 18.050826], [76.9455988, 18.0526149], [76.9467438, 18.0538355], [76.9479519, 18.0553007], [76.9500852, 18.0573399], [76.9511776, 18.0603952], [76.9510688, 18.0623384], [76.9508087, 18.0627548], [76.9486191, 18.0630095], [76.9486336, 18.0636731], [76.9504194, 18.063463], [76.950523, 18.0654874], [76.9492323, 18.0678015], [76.9485203, 18.068539], [76.9474506, 18.0707495], [76.9449487, 18.0789594], [76.944945, 18.0791369], [76.9442914, 18.0796825], [76.9440158, 18.0833793], [76.9446814, 18.0841541], [76.9456995, 18.0850827], [76.947452, 18.085425], [76.9526929, 18.0868831], [76.9529304, 18.0871594], [76.9543705, 18.0878757], [76.9573207, 18.0884036], [76.959496, 18.0886857], [76.9623485, 18.0905813], [76.9624226, 18.0908088], [76.9632976, 18.0914392], [76.9643037, 18.0935679], [76.965074, 18.0950633], [76.9652509, 18.0959929], [76.9652999, 18.0979943], [76.9651052, 18.0980749], [76.9653511, 18.0988631], [76.9652133, 18.0995796], [76.9642081, 18.1003953], [76.96367, 18.1011284], [76.9605283, 18.1029261], [76.9587129, 18.1042517], [76.9575773, 18.1051726], [76.9557738, 18.10922], [76.9543115, 18.1104618], [76.9529052, 18.110812], [76.9517074, 18.1109882], [76.9497668, 18.1109986], [76.9478288, 18.111574], [76.9451037, 18.1126674], [76.9427031, 18.1132897], [76.9423634, 18.1133263], [76.9417008, 18.1135391], [76.9397466, 18.1141255], [76.9374829, 18.1145749], [76.9351558, 18.1129671], [76.9345381, 18.1127971], [76.9343891, 18.1125098], [76.9337737, 18.1123806], [76.9313974, 18.112791], [76.9305471, 18.113084], [76.9283038, 18.1143153], [76.9261379, 18.1157845], [76.9251451, 18.1161874], [76.9217216, 18.1176706], [76.920137, 18.1192818], [76.9188298, 18.1205687], [76.9184748, 18.1211546], [76.9187838, 18.1211831], [76.9186241, 18.1217336], [76.9183474, 18.1217911], [76.9179532, 18.1241137], [76.920245, 18.1274345], [76.9218237, 18.1285125], [76.9227757, 18.1292575], [76.9234222, 18.1299544], [76.9250303, 18.1308885], [76.9266669, 18.1302022], [76.9276465, 18.1308579], [76.9277747, 18.1309651], [76.9280782, 18.1308025], [76.9295952, 18.1316719], [76.9302632, 18.1316811], [76.930471, 18.1319888], [76.930566, 18.1321203], [76.9310699, 18.1321095], [76.9316947, 18.1325056], [76.9321325, 18.1330298], [76.9324693, 18.1335976], [76.9324399, 18.1344033], [76.9323872, 18.1345972], [76.9322503, 18.1351482], [76.9318891, 18.1356082], [76.9312196, 18.1363851], [76.9305283, 18.1369328], [76.9299651, 18.1376838], [76.9298802, 18.1377962], [76.9292753, 18.138777], [76.9291515, 18.1385646], [76.9283338, 18.138169], [76.9279909, 18.1384815], [76.9245048, 18.1411589], [76.9243143, 18.1416469], [76.923374, 18.142232], [76.9230835, 18.1425633], [76.9226879, 18.1429789], [76.9214582, 18.1441041], [76.9214981, 18.1442041], [76.9219836, 18.1453518], [76.9222851, 18.1457431], [76.9227827, 18.1461504], [76.9232319, 18.1464775], [76.9239383, 18.1469676], [76.9240935, 18.1479168], [76.9249184, 18.1497391], [76.9265274, 18.1514183], [76.9271846, 18.1519366], [76.927905, 18.1523579], [76.9289972, 18.1540215], [76.9297287, 18.1559248], [76.93, 18.1570288], [76.9299846, 18.1581378], [76.9322555, 18.1605037], [76.9319819, 18.1595536], [76.9326559, 18.1596433], [76.9340947, 18.1595968], [76.9370669, 18.1598001], [76.9371546, 18.1597615], [76.9370247, 18.1591493], [76.9377951, 18.1589317], [76.939341, 18.1581871], [76.9406963, 18.1574752], [76.9411105, 18.1571951], [76.9421522, 18.1566451], [76.9422835, 18.1565079], [76.9425111, 18.1566225], [76.9436399, 18.159113], [76.9453743, 18.1638298], [76.9462464, 18.1653437], [76.9476905, 18.1675069], [76.9478712, 18.1676139], [76.94803, 18.1684761], [76.9484229, 18.1693909], [76.9487386, 18.1705509], [76.9489761, 18.1716045], [76.9491582, 18.1727862], [76.949202, 18.1732109], [76.9493117, 18.1739242], [76.9493302, 18.1742943], [76.9495927, 18.1776437], [76.9496931, 18.1793392], [76.949929, 18.1799726], [76.9500747, 18.1802228], [76.9507638, 18.1817752], [76.9509939, 18.1823804], [76.9513122, 18.1834528], [76.9514648, 18.1849784], [76.9514644, 18.1866387], [76.9514562, 18.1871681], [76.9513324, 18.1883085], [76.9521936, 18.1884049], [76.953676, 18.1891368], [76.9539863, 18.1892951], [76.9555146, 18.1896544], [76.9571111, 18.1898085], [76.9595709, 18.1901968], [76.9603586, 18.1902414], [76.9608508, 18.1902556], [76.9611135, 18.1902861], [76.9624098, 18.1903606], [76.9627542, 18.1903125], [76.9665058, 18.190051], [76.9694632, 18.1898841], [76.9728588, 18.1897324], [76.9735968, 18.1896361], [76.9773421, 18.1894532], [76.9777341, 18.190395], [76.9782893, 18.1916773], [76.9784514, 18.1916667], [76.9789065, 18.1926303], [76.9818093, 18.1922605], [76.9844155, 18.1915465], [76.9860058, 18.1912279], [76.987827, 18.1912221], [76.9887839, 18.1911389], [76.9899473, 18.1909481], [76.9905006, 18.1909244], [76.9914136, 18.1907033], [76.9911798, 18.1888251], [76.9905932, 18.1858343], [76.994641, 18.1826969], [76.9950362, 18.1811339], [76.995122, 18.1806755], [76.9952355, 18.1794127], [76.9945136, 18.1781089], [76.9944393, 18.1768842], [76.9946522, 18.1753717], [76.9945066, 18.1751881], [76.9950295, 18.1735132], [76.9954071, 18.1718753], [76.995736, 18.170803], [76.9960129, 18.1697401], [76.996477, 18.1680427], [76.9971558, 18.166395], [76.9981297, 18.1653473], [76.9981409, 18.1649806], [76.9989754, 18.1644521], [76.999383, 18.1646867], [76.9994966, 18.1641155], [77.0026195, 18.1625488], [77.0019889, 18.1613989], [77.004664, 18.1609164], [77.0077634, 18.1600623], [77.0095526, 18.1599039], [77.0113607, 18.1598709], [77.011523, 18.1598704], [77.0127692, 18.159869], [77.0144459, 18.1597636], [77.0162553, 18.1597769], [77.0167218, 18.1597504], [77.0185308, 18.1596046], [77.0199351, 18.1593464], [77.0212275, 18.1591354], [77.0237539, 18.1585447], [77.0237669, 18.1586695], [77.0238112, 18.1588008], [77.0236406, 18.1601597], [77.0234473, 18.1613326], [77.0234691, 18.1621383], [77.0242216, 18.1630029], [77.0244371, 18.1633125], [77.0246944, 18.1636183], [77.0252794, 18.1645709], [77.02565, 18.1648987], [77.0260932, 18.1667267], [77.0256343, 18.1669796], [77.0257053, 18.1684507], [77.0247932, 18.1706386], [77.0239835, 18.1725054], [77.0235005, 18.1742738], [77.023595, 18.1753797], [77.0262784, 18.1759299], [77.027105, 18.1759692], [77.0290833, 18.1762994], [77.0319257, 18.177442], [77.03208, 18.1774603], [77.0322512, 18.1775884], [77.0323608, 18.1778116], [77.0325623, 18.1780672], [77.0328113, 18.1787224], [77.0332112, 18.1804411], [77.0335734, 18.1821781], [77.0360336, 18.181392], [77.0390002, 18.1806171], [77.0403559, 18.1801755], [77.0426245, 18.1790023], [77.0432301, 18.1787062], [77.0437233, 18.1785574], [77.0441545, 18.1783235], [77.0455418, 18.1775768], [77.0456321, 18.1775091], [77.0463731, 18.1770824], [77.0472485, 18.1766241], [77.048033, 18.1762234], [77.0487746, 18.1757808], [77.0494447, 18.1754655], [77.0502181, 18.1750678], [77.0521877, 18.1738499], [77.0520626, 18.173778], [77.0515363, 18.1731824], [77.051559, 18.1730981], [77.0515867, 18.1729953], [77.0518599, 18.1719795], [77.0521289, 18.170456], [77.0522089, 18.1693784], [77.0521896, 18.1685273], [77.0521519, 18.1676941], [77.0521403, 18.1658272], [77.0526889, 18.1620788], [77.052684, 18.1619763], [77.0526789, 18.1618711], [77.0530529, 18.1607186], [77.0544399, 18.159849], [77.0580292, 18.1579652], [77.0582332, 18.1578581], [77.0593329, 18.1570565], [77.0596931, 18.1567094], [77.0608884, 18.1555576], [77.0615982, 18.1536726], [77.064272, 18.1518068], [77.0655455, 18.1515555], [77.068602, 18.1519497], [77.0693449, 18.1520516], [77.0695402, 18.1520609], [77.0699239, 18.1520791], [77.071154, 18.1520262], [77.0735332, 18.1519151], [77.0753183, 18.151725], [77.0804294, 18.1514494], [77.0826508, 18.151568], [77.0831899, 18.1517682], [77.0842672, 18.1517863], [77.0863221, 18.1524038], [77.0870563, 18.1527173], [77.0876492, 18.1530053], [77.0881398, 18.153361], [77.0885407, 18.1540312], [77.0898167, 18.1559463], [77.0899862, 18.1558186], [77.0919017, 18.1564925], [77.0935448, 18.1571485], [77.0944648, 18.1574222], [77.0962539, 18.1581553], [77.0983855, 18.1584198], [77.0999356, 18.1589493], [77.1033875, 18.158273], [77.1042446, 18.1573408], [77.1052721, 18.1561929], [77.107955, 18.1561452], [77.1093997, 18.1559518], [77.1095082, 18.1559372], [77.1098119, 18.1560688], [77.1120397, 18.1569213], [77.1132746, 18.1615028], [77.113328, 18.1623358], [77.114675, 18.1641364], [77.1160348, 18.1660128], [77.1162561, 18.1693712], [77.1146672, 18.1732689], [77.1074811, 18.1821165], [77.1041385, 18.1855695], [77.0984988, 18.1924189], [77.0969731, 18.1940705], [77.0969428, 18.1965518], [77.098506, 18.1980404], [77.1021537, 18.1994203], [77.1093766, 18.2043051], [77.1143047, 18.2052713], [77.118001, 18.2052701], [77.11875, 18.2053777], [77.1199686, 18.2059918], [77.123731, 18.2067615], [77.1236208, 18.2071281], [77.1234763, 18.208491], [77.123848, 18.2089488], [77.1252937, 18.2092976], [77.1265859, 18.2093212], [77.1279007, 18.2088924], [77.1285387, 18.2082104], [77.1338253, 18.2060253], [77.1339406, 18.2059473], [77.1341415, 18.2060714], [77.1341405, 18.2062934], [77.1341388, 18.206662], [77.1347484, 18.2064396], [77.1347482, 18.206548], [77.1346737, 18.2071981], [77.1358438, 18.2071194], [77.1359622, 18.2071208], [77.1362078, 18.2071204], [77.1363435, 18.2071553], [77.1369767, 18.207241], [77.1370776, 18.2072569], [77.1381051, 18.2074187], [77.1392506, 18.2076077], [77.1402809, 18.207583], [77.1403281, 18.2077494], [77.1403302, 18.207877], [77.1403707, 18.2081271], [77.1404881, 18.2087959], [77.1410846, 18.2105641], [77.1414439, 18.2115875], [77.1419332, 18.2134946], [77.142468, 18.2155347], [77.1426215, 18.2161855], [77.142656, 18.21693], [77.1427327, 18.2169378], [77.142825, 18.2169489], [77.143249, 18.2169789], [77.1453818, 18.2167613], [77.1461327, 18.2168472], [77.146408, 18.2168886], [77.1476837, 18.2169307], [77.1488763, 18.21696], [77.1511832, 18.2167321], [77.1513306, 18.2171175], [77.1516873, 18.2174976], [77.1517152, 18.2175222], [77.1515854, 18.2189976], [77.1510423, 18.2211929], [77.1496111, 18.2215454], [77.1488743, 18.2213974], [77.1487973, 18.2233365], [77.1487896, 18.2235188], [77.1487199, 18.2248115], [77.1491844, 18.2249626], [77.1489297, 18.2270026], [77.1489136, 18.2271721], [77.1487225, 18.2282323], [77.1482401, 18.2282193], [77.1482356, 18.2294162], [77.1481173, 18.2337686], [77.1482089, 18.235641], [77.1483711, 18.2368145], [77.1487604, 18.2393558], [77.1488326, 18.239526], [77.1515707, 18.2388302], [77.1519216, 18.2387605], [77.1523183, 18.2396205], [77.1526294, 18.2403896], [77.1526714, 18.2405308], [77.1527096, 18.2406749], [77.1527696, 18.240907], [77.1531519, 18.2428596], [77.1531792, 18.2429769], [77.153046, 18.2436286], [77.1544952, 18.2436573], [77.1544924, 18.2437821], [77.1545995, 18.2446407], [77.1552104, 18.2459346], [77.1556747, 18.2465973], [77.1557532, 18.2467087], [77.1558289, 18.2468725], [77.1564289, 18.2481769], [77.1568407, 18.2493756], [77.1573879, 18.2507388], [77.1583355, 18.2520671], [77.158656, 18.2523291], [77.1587791, 18.2524663], [77.1588305, 18.2526454], [77.1589136, 18.253152], [77.1589416, 18.2533316], [77.15871, 18.254648], [77.1597849, 18.2569309], [77.1598508, 18.257082], [77.1600655, 18.2570768], [77.1614196, 18.2570789], [77.1638063, 18.2575222], [77.1638952, 18.2575536], [77.1639631, 18.2575614], [77.1647125, 18.257753], [77.1647244, 18.2577524], [77.1646226, 18.2579274], [77.1642974, 18.2583861], [77.1643544, 18.2584088], [77.1643896, 18.2584232], [77.1645334, 18.2584751], [77.1649561, 18.2584239], [77.1659848, 18.2585857], [77.1663697, 18.2587691], [77.1667293, 18.2590069], [77.1671659, 18.2592423], [77.1677078, 18.2593921], [77.1679913, 18.2596267], [77.1684796, 18.259851], [77.168662, 18.2600028], [77.1690875, 18.2608776], [77.1696389, 18.2608895], [77.1696576, 18.2608851], [77.1698229, 18.2615357], [77.1699647, 18.2623095], [77.170207, 18.2631392], [77.170481, 18.2639802], [77.1704801, 18.2649232], [77.1690633, 18.265107], [77.1692772, 18.2668382], [77.1695002, 18.268877], [77.169759, 18.2699443], [77.1703748, 18.2729551], [77.1703914, 18.2730641], [77.1708206, 18.2758294], [77.1709733, 18.2773277], [77.171302, 18.2787915], [77.1722055, 18.280449], [77.1736482, 18.2829013], [77.173893, 18.2836011], [77.1746772, 18.28446], [77.1747463, 18.284758], [77.1758032, 18.2847649], [77.177074, 18.2851117], [77.1771369, 18.2851273], [77.1799152, 18.2853559], [77.1801751, 18.2853736], [77.180287, 18.2853814], [77.1806477, 18.2854071], [77.1820487, 18.2854379], [77.1841404, 18.2851432], [77.186146, 18.2849244], [77.1874171, 18.2848669], [77.1878997, 18.2846241], [77.1894187, 18.2836459], [77.1909853, 18.2826191], [77.1911018, 18.2825333], [77.1917529, 18.2819952], [77.1925478, 18.2812906], [77.1933092, 18.280713], [77.1941328, 18.2801274], [77.195061, 18.2798271], [77.1955942, 18.2796788], [77.1958397, 18.2789325], [77.1962539, 18.278437], [77.1969559, 18.278128], [77.1970481, 18.2777637], [77.1973479, 18.277904], [77.1978957, 18.2768493], [77.1979241, 18.2767857], [77.1986807, 18.2774118], [77.1987904, 18.2774535], [77.2001314, 18.2785917], [77.2011003, 18.278609], [77.2031448, 18.2795756], [77.2033094, 18.2796046], [77.2062843, 18.2800156], [77.2064025, 18.2800278], [77.2065698, 18.280053], [77.2089948, 18.2802985], [77.2112043, 18.2802504], [77.2116446, 18.2802246], [77.2120291, 18.2802878], [77.2128172, 18.280513], [77.21306, 18.2805824], [77.2132574, 18.2806395], [77.213422, 18.2807194], [77.2135787, 18.2807959], [77.2133765, 18.2814509], [77.2129233, 18.2825392], [77.2127289, 18.2830584], [77.2123859, 18.283797], [77.2118811, 18.2844725], [77.2114134, 18.2850551], [77.2107155, 18.2857087], [77.2100286, 18.28654], [77.210013, 18.2867426], [77.2098374, 18.2872703], [77.2094629, 18.288424], [77.2095119, 18.2889694], [77.2097839, 18.2903318], [77.2098753, 18.2904837], [77.2100799, 18.2912118], [77.2101327, 18.2920772], [77.2101394, 18.2921939], [77.2101129, 18.2927648], [77.2101158, 18.2934588], [77.2101949, 18.2946959], [77.2101678, 18.2947001], [77.209609, 18.2947262], [77.209071, 18.2951657], [77.2074808, 18.2940503], [77.2071149, 18.2937333], [77.2064177, 18.294063], [77.2054971, 18.2940653], [77.2054603, 18.2942169], [77.2051895, 18.2948319], [77.204444, 18.2958693], [77.2038837, 18.2966323], [77.2038682, 18.2967776], [77.2037033, 18.2967614], [77.2031951, 18.2983948], [77.2032528, 18.2991677], [77.2031975, 18.2993166], [77.2031853, 18.2994594], [77.203413, 18.3008354], [77.2031064, 18.3036226], [77.2028453, 18.3038692], [77.2031285, 18.3050578], [77.2031769, 18.3055073], [77.2028486, 18.3064148], [77.2028828, 18.3066149], [77.2027028, 18.3077671], [77.202431, 18.3086425], [77.2022939, 18.3093603], [77.2020274, 18.3098073], [77.2019165, 18.3100096], [77.2019522, 18.3104621], [77.2015172, 18.310627], [77.2014668, 18.3108628], [77.2015175, 18.3111082], [77.2013749, 18.3114762], [77.2013125, 18.3117806], [77.2011613, 18.3121918], [77.2009064, 18.3124087], [77.2007033, 18.312598], [77.200091, 18.3131692], [77.1987557, 18.3145524], [77.1993078, 18.3155632], [77.1992061, 18.3156572], [77.2001191, 18.3171229], [77.2010775, 18.3189276], [77.2021139, 18.3217675], [77.2033023, 18.3210308], [77.2053995, 18.3195471], [77.2063931, 18.3189176], [77.2071213, 18.3184675], [77.2073821, 18.3183048], [77.208684, 18.3175384], [77.2096912, 18.3168943], [77.211553, 18.3162257], [77.211566, 18.3163228], [77.2117173, 18.3173753], [77.2121005, 18.3182513], [77.2125814, 18.31908], [77.2131914, 18.3199864], [77.2136519, 18.3206198], [77.2148624, 18.3234081], [77.2155187, 18.3241202], [77.2158826, 18.3242774], [77.2171289, 18.3248285], [77.2187546, 18.3256376], [77.2193589, 18.3267988], [77.2194362, 18.3270169], [77.220061, 18.3293049], [77.2201037, 18.3295951], [77.2204211, 18.3308992], [77.2205491, 18.3313194], [77.2208061, 18.3322343], [77.2210914, 18.3336687], [77.2214097, 18.3355567], [77.2218747, 18.3374914], [77.2224938, 18.3392548], [77.223615, 18.3402096], [77.2256708, 18.3428727], [77.226486, 18.3438351], [77.2277623, 18.3452769], [77.2289888, 18.3465116], [77.2294438, 18.3476357], [77.2293798, 18.3478977], [77.228803, 18.3478653], [77.2278456, 18.3476562], [77.2262578, 18.3475482], [77.223693, 18.3476764], [77.2227505, 18.3480307], [77.2198535, 18.3488162], [77.2196479, 18.3488763], [77.2197478, 18.3489983], [77.2203567, 18.3496628], [77.221643, 18.3518851], [77.2223177, 18.3532495], [77.2225613, 18.3541828], [77.2225898, 18.3542653], [77.222649, 18.3543792], [77.2228972, 18.3548318], [77.2236841, 18.3558377], [77.2242979, 18.3565577], [77.2243373, 18.3567117], [77.2247052, 18.3580685], [77.2247163, 18.3581808], [77.2247806, 18.3583991], [77.2250706, 18.3605242], [77.2250842, 18.3607306], [77.2251277, 18.3608595], [77.2253503, 18.3618027], [77.2254134, 18.3618861], [77.2253757, 18.3620378], [77.2250365, 18.3646333], [77.2251987, 18.3648826], [77.2252694, 18.3649805], [77.2254004, 18.3651396], [77.2262251, 18.3659742], [77.226587, 18.3662292], [77.227477, 18.3668623], [77.2284145, 18.3675292], [77.2284898, 18.367572], [77.2288043, 18.3677506], [77.2288782, 18.3677924], [77.229794, 18.3680952], [77.2311478, 18.3686701], [77.2316296, 18.3688726], [77.2323916, 18.3691698], [77.2330419, 18.3694248], [77.2335022, 18.3694213], [77.233981, 18.3694753], [77.2354328, 18.3696506], [77.2365386, 18.3698201], [77.2369335, 18.3695986], [77.237119, 18.3695579], [77.2373608, 18.36955], [77.2378421, 18.3697432], [77.2379367, 18.3695255], [77.2391218, 18.3696657], [77.2399251, 18.3698819], [77.23993, 18.3698848], [77.2400785, 18.3699265], [77.2411508, 18.3702691], [77.2424652, 18.3705517], [77.2435261, 18.3705392], [77.2446051, 18.3707], [77.2452127, 18.3706025], [77.2461531, 18.3702379], [77.2462756, 18.370155], [77.2462712, 18.3701488], [77.2462896, 18.3701407], [77.2470373, 18.3712815], [77.2485549, 18.374435], [77.2476898, 18.3759196], [77.2476867, 18.376028], [77.245082, 18.376552], [77.2432356, 18.3771185], [77.241307, 18.3775609], [77.2403968, 18.3773005], [77.2397972, 18.3772023], [77.2392203, 18.3781185], [77.2388881, 18.3791578], [77.2373766, 18.3824969], [77.2360291, 18.3846699], [77.2346176, 18.3869321], [77.2333774, 18.3880455], [77.2335453, 18.3884001], [77.2333007, 18.3898323], [77.2339385, 18.3906618], [77.2340694, 18.3919668], [77.2340134, 18.3927556], [77.234303, 18.3951639], [77.2344422, 18.3957158], [77.2349489, 18.3968252], [77.2349497, 18.396827], [77.2349577, 18.3968446], [77.2353043, 18.3972248], [77.2350302, 18.3982348], [77.2348154, 18.3990697], [77.2349726, 18.400715], [77.2368413, 18.4040182], [77.2377938, 18.4056456], [77.2389227, 18.4074496], [77.2390141, 18.4076671], [77.2399755, 18.4089311], [77.2395137, 18.4086353], [77.2393547, 18.4089318], [77.2398045, 18.4090631], [77.2402899, 18.4098309], [77.240854, 18.4117304], [77.2413352, 18.4128439], [77.2401978, 18.4133307], [77.2402539, 18.4133645], [77.24031, 18.4133984], [77.2414672, 18.414101], [77.2415098, 18.4141271], [77.2415522, 18.4141532], [77.241613, 18.4130476], [77.2430688, 18.4143511], [77.2441398, 18.4152845], [77.2446068, 18.4149484], [77.2454841, 18.4147682], [77.2455454, 18.4146174], [77.2480562, 18.4150639], [77.2485492, 18.4144244], [77.2489987, 18.4146484], [77.2504576, 18.4147702], [77.251978, 18.4139307], [77.2535648, 18.414007], [77.2553906, 18.4137659], [77.257372, 18.413604], [77.2596858, 18.4135683], [77.2615579, 18.4154099], [77.2633837, 18.417302], [77.2635408, 18.4197765], [77.2653539, 18.4217138], [77.26637, 18.4228483], [77.2658157, 18.4246519], [77.2662663, 18.4266266], [77.2667813, 18.4284995], [77.2669959, 18.4299652], [77.266674, 18.4317363], [77.2659874, 18.433202], [77.2650862, 18.4340773], [77.2647428, 18.4349323], [77.2644853, 18.4365812], [77.2639918, 18.4388814], [77.2645926, 18.4405302], [77.2645926, 18.4419552], [77.2641206, 18.4431765], [77.2629833, 18.4437057], [77.2614813, 18.44395], [77.26058, 18.4443775], [77.2577047, 18.4474104], [77.2562027, 18.4485299], [77.2539282, 18.4503822], [77.2535419, 18.4516442], [77.2535419, 18.4531911], [77.2545075, 18.4545142], [77.2565889, 18.4549212], [77.2576618, 18.454962], [77.2600651, 18.454962], [77.2618675, 18.4548195], [77.2633695, 18.4547381], [77.2649145, 18.454677], [77.266202, 18.4546973], [77.2685623, 18.4535269], [77.268393, 18.4546658], [77.2687075, 18.4578948], [77.2693884, 18.460142], [77.2726549, 18.4630432], [77.2727536, 18.472778], [77.2767053, 18.4766494], [77.265645, 18.4793547], [77.2641635, 18.4809523], [77.263391, 18.4831909], [77.2624039, 18.484534], [77.2606873, 18.4850835], [77.258563, 18.4855108], [77.2564387, 18.485694], [77.2546148, 18.4858568], [77.2508812, 18.487261], [77.2495937, 18.4883802], [77.2486925, 18.4909647], [77.2481346, 18.49302], [77.2465467, 18.4969068], [77.2462249, 18.4991452], [77.2470403, 18.5007527], [77.2484135, 18.5025434], [77.2506451, 18.5042527], [77.2532844, 18.5067555], [77.2558379, 18.5111913], [77.2592068, 18.514223], [77.2624469, 18.5169495], [77.2644853, 18.5189639], [77.265923, 18.5206526], [77.2672963, 18.5221175], [77.270472, 18.5213037], [77.273283, 18.5205305], [77.2757292, 18.5202457], [77.2774029, 18.5204288], [77.2803855, 18.5219955], [77.2831321, 18.5255764], [77.2864365, 18.5325345], [77.2861361, 18.5370917], [77.2880888, 18.5407536], [77.2909426, 18.5442934], [77.2939467, 18.5460226], [77.2952771, 18.547406], [77.2951698, 18.5488707], [77.293067, 18.5499285], [77.2901487, 18.5512508], [77.2871017, 18.5525324], [77.2849989, 18.5537123], [77.2793984, 18.5583299], [77.2762871, 18.5612591], [77.2736907, 18.5623169], [77.2696996, 18.5636391], [77.2658801, 18.5649206], [77.2627258, 18.5663851], [77.262125, 18.5680124], [77.2625112, 18.5704532], [77.2632837, 18.5736263], [77.2639274, 18.5771044], [77.2637343, 18.5785079], [77.2636699, 18.5803384], [77.2649359, 18.581335], [77.2685194, 18.5834096], [77.2683048, 18.5863587], [77.2672748, 18.5880061], [77.2653651, 18.5943923], [77.2659659, 18.599985], [77.2668457, 18.6057199], [77.2671032, 18.6096041], [77.2671032, 18.611841], [77.2647857, 18.6132441], [77.2619533, 18.6145049], [77.259078, 18.615359], [77.2567177, 18.6158877], [77.2510743, 18.6171891], [77.2459888, 18.6180025], [77.2426843, 18.6188363], [77.2388005, 18.619426], [77.2339725, 18.6208494], [77.2270202, 18.6221711], [77.2217202, 18.6231268], [77.2174072, 18.6240012], [77.2131157, 18.6245705], [77.2111845, 18.6252619], [77.2115493, 18.6271529], [77.2117424, 18.6314636], [77.2113347, 18.6336596], [77.2101331, 18.6341069], [77.2088671, 18.6342899], [77.2077942, 18.6345949], [77.2072363, 18.6354692], [77.2073436, 18.6369738], [77.2073006, 18.6387427], [77.2041249, 18.6411012], [77.2004342, 18.6434597], [77.1971726, 18.6476074], [77.1941256, 18.6476277], [77.1896195, 18.6476684], [77.1780753, 18.6479733], [77.1620893, 18.647709], [77.1576261, 18.6470584], [77.1554803, 18.6472211], [77.1547497, 18.6482501], [77.1538925, 18.6494575], [77.1535921, 18.6525885], [77.1540212, 18.6550281], [77.155137, 18.6584436], [77.1562528, 18.6688522], [77.1571111, 18.6742188], [77.1575832, 18.6779185], [77.1583128, 18.6801952], [77.1641492, 18.6805611], [77.1692991, 18.6804798], [77.1742773, 18.6802765], [77.1768522, 18.6805204], [77.1798563, 18.6821466], [77.1835041, 18.6843419], [77.1892118, 18.6868624], [77.1912288, 18.6882039], [77.1919155, 18.6895455], [77.1914863, 18.6911309], [77.1876239, 18.6927163], [77.1850919, 18.6975945], [77.1835899, 18.7006026], [77.179985, 18.7024724], [77.1735477, 18.7044642], [77.1691703, 18.7045049], [77.165308, 18.7037326], [77.1620893, 18.7025131], [77.1593856, 18.701253], [77.1562957, 18.7000741], [77.1540212, 18.6998302], [77.1522617, 18.7000335], [77.1509313, 18.7010091], [77.1483135, 18.7054805], [77.1463394, 18.7083665], [77.1461248, 18.7103989], [77.1461248, 18.7128377], [77.1434211, 18.7138132], [77.1401596, 18.7132442], [77.1366405, 18.7126345], [77.1354818, 18.7119841], [77.1350526, 18.7091388], [77.1350526, 18.7064154], [77.1353101, 18.7041391], [77.135396, 18.7013343], [77.1351814, 18.6991798], [77.133851, 18.6983262], [77.1314907, 18.6985294], [77.1230363, 18.6965782], [77.1187877, 18.6948709], [77.1134233, 18.6951961], [77.1095609, 18.6947489], [77.1061706, 18.6941391], [77.0986175, 18.692635], [77.0908927, 18.6910496], [77.0822238, 18.6904398], [77.0718383, 18.689017], [77.0678472, 18.6878381], [77.0668602, 18.6860087], [77.0668602, 18.6834069], [77.0655727, 18.6824312], [77.0632982, 18.6825125], [77.0605516, 18.6825938], [77.0499515, 18.6834475], [77.0448446, 18.6840167], [77.0441579, 18.6888137], [77.0438575, 18.6913748], [77.0427846, 18.6938546], [77.0426988, 18.697066], [77.0437288, 18.7028789], [77.0484495, 18.7125938], [77.051754, 18.7167804], [77.0546293, 18.7177152], [77.0562601, 18.7191378], [77.0573329, 18.7264944], [77.0566892, 18.7305587], [77.0564746, 18.7328347], [77.0554447, 18.7351513], [77.0543718, 18.7375085], [77.0536851, 18.7438483], [77.0541572, 18.7489282], [77.0546722, 18.7526668], [77.0563459, 18.7581934], [77.0563862, 18.7592559], [77.0566034, 18.7649794], [77.0567321, 18.7686771], [77.0554876, 18.7710338], [77.0538139, 18.7726185], [77.0485353, 18.7744063], [77.0435142, 18.772781], [77.0352315, 18.7702212], [77.0307648, 18.7693695], [77.0290517, 18.7690428], [77.0256614, 18.7686365], [77.0219707, 18.7673768], [77.0169925, 18.7666048], [77.0124864, 18.7665642], [77.0093107, 18.767133], [77.0079803, 18.7699774], [77.0077228, 18.7730655], [77.0073366, 18.775544], [77.0070625, 18.7797329], [77.0070362, 18.7801353], [77.0055341, 18.7866767], [77.0054867, 18.7869246], [77.0016717, 18.7977681], [76.9996976, 18.8021963], [76.9968652, 18.8093462], [76.9943332, 18.8182425], [76.991887, 18.8222233], [76.9909, 18.8262853], [76.990782, 18.828956], [76.9853597, 18.8300565], [76.9804796, 18.8310488], [76.9789551, 18.8315704], [76.977243, 18.8314261], [76.9758827, 18.8310266], [76.9734318, 18.8302829], [76.9709457, 18.8298057], [76.9688348, 18.829617], [76.9655044, 18.8299167], [76.962385, 18.8305382], [76.9590077, 18.8317813], [76.9559822, 18.833202], [76.9530505, 18.8342675], [76.9480314, 18.8342231], [76.9450996, 18.8338014], [76.941394, 18.8332242], [76.9388375, 18.833202], [76.9353663, 18.8341787], [76.9334197, 18.8356216], [76.9287758, 18.8357326], [76.9220446, 18.8359101], [76.9185266, 18.8365095], [76.9164861, 18.8373752], [76.9123817, 18.8374862], [76.9085587, 18.8386626], [76.9066121, 18.8388846], [76.9023435, 18.8383297], [76.8971133, 18.8381299], [76.8941347, 18.8376416], [76.8902648, 18.8365539], [76.8877945, 18.8367038], [76.886606, 18.8367759], [76.883815, 18.8364429], [76.8822671, 18.835666], [76.880813, 18.8344451], [76.8789601, 18.8340233], [76.8776936, 18.8338901], [76.8726511, 18.8330466], [76.8704699, 18.8331132], [76.8693675, 18.8322919], [76.8679134, 18.8298279], [76.866084, 18.8262761], [76.8640201, 18.8234346], [76.8632461, 18.8227686], [76.8624487, 18.8230794], [76.861018, 18.823479], [76.8597515, 18.8226354], [76.8590948, 18.821592], [76.8582974, 18.8206818], [76.8553188, 18.8198826], [76.8533956, 18.8198826], [76.8525043, 18.8185062], [76.8524809, 18.8162418], [76.8529265, 18.8134002], [76.8528561, 18.8124233], [76.8522932, 18.8111135], [76.8513785, 18.810514], [76.8495022, 18.8101144], [76.8476963, 18.809626], [76.84582, 18.809293], [76.8445535, 18.8099146], [76.8424192, 18.8115797], [76.8406133, 18.8127563], [76.8390888, 18.813267], [76.8365089, 18.8134446], [76.8340697, 18.8134446], [76.8307862, 18.8129783], [76.8285111, 18.8128007], [76.8269163, 18.8128895], [76.8248289, 18.8114243], [76.8237969, 18.8097592], [76.8228823, 18.8090266], [76.8203962, 18.8087824], [76.818684, 18.8083605], [76.814908, 18.8056519], [76.8130317, 18.8042532], [76.8124453, 18.8028767], [76.8119997, 18.8018776], [76.8104518, 18.8012781], [76.8090915, 18.8011005], [76.8077546, 18.8012115], [76.8059018, 18.8018998], [76.8036502, 18.8026991], [76.8005308, 18.8018554], [76.7984904, 18.8015446], [76.7968721, 18.801367], [76.7950661, 18.8011227], [76.7935885, 18.8005455], [76.791853, 18.7997906], [76.7893434, 18.7996352], [76.7846527, 18.7975481], [76.7820493, 18.7969264], [76.7800323, 18.7961049], [76.7790472, 18.7956609], [76.7786485, 18.7945063], [76.7786954, 18.7918197], [76.7784609, 18.7903765], [76.7790238, 18.7891553], [76.7795163, 18.7881783], [76.7798681, 18.786846], [76.7796101, 18.7829825], [76.7790003, 18.7802513], [76.7787189, 18.7768761], [76.7768191, 18.776543], [76.7736294, 18.7766762], [76.7705101, 18.7762765], [76.7689387, 18.7755881], [76.7664057, 18.7753661], [76.7637554, 18.7754327], [76.760941, 18.7751884], [76.7585956, 18.7754105], [76.7569069, 18.7753439], [76.7558515, 18.775033], [76.7539283, 18.7740781], [76.7524507, 18.7738783], [76.7491203, 18.7740115], [76.7461886, 18.7748331], [76.7442419, 18.7759212], [76.7425298, 18.7763431], [76.7414744, 18.775677], [76.7406769, 18.7731899], [76.7400671, 18.7711247], [76.7387772, 18.7665502], [76.7376983, 18.7639964], [76.7371589, 18.7621088], [76.7366194, 18.7605542], [76.7357516, 18.7598658], [76.7339926, 18.7598436], [76.7328199, 18.7595105], [76.7327027, 18.7584223], [76.7325385, 18.7557795], [76.7321163, 18.7541361], [76.7309671, 18.7536253], [76.7303104, 18.7527814], [76.7302635, 18.7517376], [76.729982, 18.7509158], [76.7286921, 18.7506271], [76.7231445, 18.7504244], [76.7228508, 18.7481154], [76.7242026, 18.7444782], [76.7243743, 18.7420805], [76.7253184, 18.7412474], [76.7244601, 18.7382197], [76.724503, 18.7364823], [76.7273891, 18.7353748], [76.7278718, 18.7340539], [76.7282581, 18.732408], [76.7285585, 18.730701], [76.7287945, 18.7291464], [76.7291164, 18.7278154], [76.7300283, 18.7261692], [76.7305219, 18.7254478], [76.731391, 18.7238628], [76.7320776, 18.7224707], [76.7321312, 18.7220744], [76.7324638, 18.7220439], [76.732378, 18.7198186], [76.7327106, 18.7182944], [76.7330968, 18.7149005], [76.7330861, 18.7131425], [76.7330646, 18.7125633], [76.7334831, 18.712045], [76.7335474, 18.7111915], [76.7332256, 18.7086713], [76.7337835, 18.7064763], [76.7336333, 18.705643], [76.7338908, 18.7045353], [76.7339444, 18.7010599], [76.733644, 18.6999521], [76.7307686, 18.6999623], [76.7305756, 18.6980009], [76.7297709, 18.6979196], [76.7281186, 18.6979501], [76.7274105, 18.6962632], [76.7270672, 18.6953078], [76.7255866, 18.6953993], [76.7226899, 18.6961005], [76.7198252, 18.6976453], [76.7181945, 18.6983871], [76.7175186, 18.6986514], [76.713388, 18.6993627], [76.7130983, 18.6997997], [76.7123687, 18.699698], [76.7116177, 18.6993221], [76.7107808, 18.6990274], [76.7105234, 18.6984684], [76.7093539, 18.6979806], [76.7091501, 18.6973505], [76.7074656, 18.6967103], [76.706146, 18.6959887], [76.7059636, 18.6955111], [76.7042899, 18.6948709], [76.7039144, 18.6950436], [76.7035389, 18.6950842], [76.7032707, 18.6946777], [76.7023051, 18.6944846], [76.7016935, 18.6939054], [76.7014575, 18.6935395], [76.6998589, 18.6931838], [76.6993117, 18.6923504], [76.6979063, 18.6918626], [76.6974448, 18.6912122], [76.6960072, 18.6912427], [76.6941619, 18.6915984], [76.6933036, 18.6914358], [76.6923058, 18.6911919], [76.6915333, 18.6915984], [76.691426, 18.6922488], [76.6902029, 18.692137], [76.6884112, 18.691822], [76.6849244, 18.6916899], [76.6818237, 18.6916797], [76.6806007, 18.6883361], [76.6801607, 18.6884071], [76.6791308, 18.6857952], [76.6788357, 18.6847382], [76.677382, 18.6809523], [76.6767436, 18.6793566], [76.6755956, 18.6773899], [76.6740346, 18.6751895], [76.6738723, 18.6746355], [76.6736001, 18.6737297], [76.6729764, 18.6737742], [76.6729027, 18.6733498], [76.6717762, 18.6711797], [76.6712076, 18.6703311], [76.6693836, 18.6684557], [76.6681229, 18.666987], [76.6669482, 18.6652438], [76.6662776, 18.6635768], [76.6657412, 18.662789], [76.665355, 18.6619148], [76.6642767, 18.660563], [76.6634988, 18.6601461], [76.6622811, 18.6594041], [76.6621256, 18.65915], [76.6614336, 18.6575236], [76.6615141, 18.6574016], [76.6616589, 18.6552467], [76.6617072, 18.6551297], [76.6618118, 18.6551526], [76.6626942, 18.6556482], [76.6640138, 18.6552238], [76.6655347, 18.6547562], [76.6672754, 18.6540573], [76.66911, 18.6533331], [76.671304, 18.6524766], [76.6730261, 18.6518768], [76.6744289, 18.6513305], [76.6746649, 18.6512796], [76.6758074, 18.6507308], [76.676918, 18.6503774], [76.6780499, 18.6503546], [76.6796404, 18.6500649], [76.68118, 18.6497701], [76.6807106, 18.647183], [76.6803646, 18.6455489], [76.679745, 18.6440239], [76.6790636, 18.6421788], [76.6791683, 18.6411419], [76.6789913, 18.6390172], [76.678943, 18.6376778], [76.6786239, 18.6355912], [76.6786078, 18.6342314], [76.6771191, 18.6340129], [76.6762152, 18.6338832], [76.6735008, 18.6332911], [76.6712639, 18.6327777], [76.668182, 18.6320127], [76.6671199, 18.6317355], [76.6653952, 18.6317712], [76.6638556, 18.6319567], [76.6630402, 18.6320812], [76.6620639, 18.6323201], [76.6605404, 18.6325387], [76.6579896, 18.6328717], [76.6570776, 18.6331106], [76.655404, 18.6343814], [76.653741, 18.6356013], [76.6530543, 18.6379752], [76.6528773, 18.6389664], [76.6528612, 18.6410402], [76.6530704, 18.6421891], [76.6505921, 18.6434241], [76.6479956, 18.6450964], [76.6472447, 18.6453659], [76.6452223, 18.6457165], [76.6432857, 18.6462858], [76.6415906, 18.6467585], [76.6377335, 18.6477039], [76.6361028, 18.6480343], [76.6364192, 18.6506774], [76.6368055, 18.6540116], [76.6372991, 18.6578946], [76.6409039, 18.6624282], [76.6403245, 18.6634853], [76.6404533, 18.6658028], [76.6398954, 18.6665754], [76.6353464, 18.6674901], [76.6351533, 18.6701125], [76.6347884, 18.6738123], [76.6299605, 18.6746864], [76.6299391, 18.6750116], [76.6270208, 18.6753368], [76.6253041, 18.6732635], [76.6229653, 18.6736293], [76.6213775, 18.6738936], [76.6146397, 18.6741172], [76.6121291, 18.673487], [76.6090392, 18.6729179], [76.6051339, 18.6721251], [76.6038679, 18.6719218], [76.5991902, 18.6718608], [76.5945768, 18.6720437], [76.5934825, 18.6707224], [76.5926456, 18.6676528], [76.5930533, 18.664705], [76.5932893, 18.6627331], [76.5935469, 18.6609035], [76.5936327, 18.6581386], [76.593418, 18.6552111], [76.5928387, 18.6523445], [76.5912294, 18.6523851], [76.5907573, 18.6497218], [76.5868091, 18.6495998], [76.5858864, 18.6471195], [76.5846848, 18.6427685], [76.5840196, 18.6402066], [76.5825176, 18.6350626], [76.5819597, 18.631362], [76.5818309, 18.62819], [76.5820801, 18.6250371], [76.5821314, 18.6243875], [76.5803503, 18.6248349], [76.5781832, 18.6193853], [76.5747714, 18.620646], [76.5709734, 18.6221304], [76.5692139, 18.6232082], [76.5676474, 18.6238792], [76.5656519, 18.6250992], [76.5638494, 18.6264413], [76.5590858, 18.6291863], [76.5595149, 18.63063], [76.5605878, 18.6342086], [76.5616178, 18.6381531], [76.5587854, 18.6393933], [76.5556526, 18.6402473], [76.5533351, 18.6363028], [76.5502882, 18.6381328], [76.548593, 18.6347373], [76.5457392, 18.6357539], [76.5470909, 18.6396577], [76.543808, 18.6431142], [76.5415549, 18.645066], [76.5412544, 18.647831], [76.5410399, 18.6503521], [76.5409434, 18.6508299], [76.5378212, 18.6500471], [76.5331649, 18.6494676], [76.5312016, 18.6490712], [76.5296674, 18.6487561], [76.5287983, 18.6449948], [76.5280794, 18.6418942], [76.5264594, 18.6361401], [76.5261912, 18.6329886], [76.5261053, 18.6303758], [76.5260732, 18.6283729], [76.5257406, 18.6266344], [76.5251291, 18.6254449], [76.5247106, 18.6238792], [76.5211915, 18.6246722], [76.5207839, 18.6236454], [76.5209556, 18.622649], [76.5203655, 18.6215103], [76.5184343, 18.6198326], [76.5159774, 18.6182262], [76.5126729, 18.6158877], [76.5098619, 18.6129392], [76.5058279, 18.6101125], [76.5030598, 18.6084449], [76.4995837, 18.6038693], [76.4965367, 18.6042963], [76.4913225, 18.6064724], [76.4891767, 18.6111293], [76.4843488, 18.6130001], [76.479628, 18.6148914], [76.4782118, 18.615176], [76.4775681, 18.6188363], [76.4772999, 18.620158], [76.4769995, 18.6221], [76.4769887, 18.623442], [76.4766025, 18.6243672], [76.4760339, 18.6254856], [76.475594, 18.6267666], [76.4740812, 18.6286576], [76.4730191, 18.6297556], [76.4715707, 18.6338223], [76.4690279, 18.6344729], [76.4655732, 18.6349304], [76.4647579, 18.6337206], [76.464039, 18.6324803], [76.4624833, 18.630691], [76.461271, 18.628922], [76.4591789, 18.6258821], [76.4581167, 18.6242859], [76.4570224, 18.6231269], [76.4547157, 18.6213273], [76.4530205, 18.6210629], [76.4514005, 18.6208595], [76.4496087, 18.6203919], [76.4464866, 18.6195416], [76.4411973, 18.6181652], [76.4369166, 18.6165994], [76.4359617, 18.6165486], [76.4334833, 18.6167723], [76.4335369, 18.6175857], [76.4291918, 18.6167723], [76.4290737, 18.6152065], [76.4291489, 18.6126544], [76.4280224, 18.6120952], [76.4254474, 18.6107734], [76.4226901, 18.6095126], [76.420126, 18.6080179], [76.4187955, 18.6075096], [76.417712, 18.6074078], [76.414901, 18.6079569], [76.4116501, 18.6080383], [76.4114247, 18.6060454], [76.4108026, 18.6059029], [76.4110815, 18.6035134], [76.4108777, 18.600951], [76.409719, 18.6009001], [76.4097619, 18.6005239], [76.4072943, 18.599802], [76.4068329, 18.6018763], [76.4037752, 18.6017034], [76.4038073, 18.5989173], [76.4036034, 18.5986021], [76.4036786, 18.5973921], [76.4030027, 18.5972802], [76.4030564, 18.596426], [76.3993335, 18.5956735], [76.3991296, 18.5949515], [76.3967693, 18.5947583], [76.3967048, 18.5953481], [76.3918876, 18.5957752], [76.3908576, 18.5876198], [76.3901924, 18.5834911], [76.389141, 18.5838368], [76.3877034, 18.5735857], [76.3856219, 18.5737688], [76.3851927, 18.5708398], [76.3856219, 18.5706974], [76.3849997, 18.5640052], [76.3860725, 18.5606693], [76.3865876, 18.5583909], [76.3873815, 18.5529189], [76.3873601, 18.5509253], [76.3931966, 18.5499489], [76.3923383, 18.5447512], [76.3918877, 18.5430729], [76.3916731, 18.542727], [76.3909864, 18.5419946], [76.3899565, 18.5417505], [76.3885188, 18.542015], [76.3873815, 18.5427473], [76.3864159, 18.5432152], [76.3851499, 18.5437442], [76.3839483, 18.5437849], [76.3824034, 18.5432966], [76.3801503, 18.5423201], [76.3786053, 18.5418725], [76.3766742, 18.5419946], [76.3757086, 18.542015], [76.3742065, 18.5422591], [76.3725543, 18.5425642], [76.3709664, 18.5429508], [76.3694, 18.5429915], [76.3676619, 18.5436831], [76.3665032, 18.5459209], [76.3658809, 18.5479552], [76.3658809, 18.5493182], [76.3653874, 18.5506609], [76.364851, 18.5526748], [76.3645506, 18.5534275], [76.3636279, 18.5538546], [76.3629627, 18.5547599], [76.3619757, 18.5554515], [76.3614714, 18.5559804], [76.3607097, 18.5578722], [76.3602698, 18.5590012], [76.3596368, 18.5594284], [76.3567293, 18.5606285], [76.3538646, 18.5616151], [76.3515258, 18.5632933], [76.3493478, 18.5653172], [76.3483071, 18.5655308], [76.3462687, 18.5656834], [76.3448953, 18.5647782], [76.3434469, 18.5638222], [76.3414836, 18.5624491], [76.3411188, 18.5617677], [76.3403356, 18.5603844], [76.338222, 18.5603641], [76.3363552, 18.560832], [76.3342953, 18.5616863], [76.331377, 18.5628864], [76.3286948, 18.5643917], [76.3268709, 18.5661817], [76.3241029, 18.5701685], [76.3231158, 18.5705346], [76.3217211, 18.5703719], [76.3205194, 18.5697006], [76.3185668, 18.5687243], [76.3171935, 18.567931], [76.3158417, 18.5666902], [76.3141036, 18.5657545], [76.3124513, 18.5653477], [76.311872, 18.5658359], [76.309855, 18.5663241], [76.3078379, 18.5671987], [76.3064432, 18.5676666], [76.3037824, 18.5681751], [76.3020444, 18.5685616], [76.3012504, 18.568948], [76.2995553, 18.5700261], [76.2982034, 18.5716737], [76.2972379, 18.5722432], [76.2962508, 18.5728127], [76.2952637, 18.5736263], [76.2938046, 18.5754162], [76.2929034, 18.5761688], [76.2919378, 18.5762909], [76.2905216, 18.5762705], [76.2892127, 18.5757417], [76.2881183, 18.5748467], [76.2873244, 18.5737687], [76.2858009, 18.5733212], [76.2849641, 18.5735043], [76.2836766, 18.5741145], [76.2826037, 18.5743179], [76.2809729, 18.5742772], [76.2793636, 18.5741755], [76.2786126, 18.5739518], [76.2780118, 18.5729958], [76.2780547, 18.572467], [76.2778616, 18.5714907], [76.2775826, 18.56966], [76.2766385, 18.5655715], [76.275351, 18.5579637], [76.2751542, 18.5505018], [76.2738944, 18.5480315], [76.2721191, 18.5465927], [76.2711455, 18.5448553], [76.2703152, 18.5419777], [76.2691125, 18.537254], [76.269542, 18.5286478], [76.2691698, 18.5239237], [76.2681676, 18.5231635], [76.265791, 18.5225662], [76.2635862, 18.5218603], [76.2616105, 18.5215345], [76.2593484, 18.5213987], [76.2571436, 18.5212629], [76.254452, 18.52091], [76.253364, 18.5204213], [76.2527913, 18.5179234], [76.2543948, 18.5127374], [76.2551679, 18.5099407], [76.2554256, 18.5071168], [76.255082, 18.5044015], [76.2549674, 18.5019034], [76.2540798, 18.4976673], [76.2546525, 18.4954407], [76.258289, 18.4948161], [76.2594916, 18.4943001], [76.2592339, 18.4931596], [76.2582031, 18.4926165], [76.2561128, 18.4904712], [76.2544234, 18.4866151], [76.2537076, 18.4848499], [76.2534785, 18.4835464], [76.254223, 18.4828404], [76.2568573, 18.4826774], [76.2569718, 18.4812109], [76.2572009, 18.4802876], [76.2583749, 18.4788211], [76.2606083, 18.4778977], [76.2639012, 18.4765942], [76.266965, 18.4755893], [76.2690839, 18.4707551], [76.2694848, 18.4689898], [76.2689407, 18.4681479], [76.2664496, 18.4680392], [76.264932, 18.4676319], [76.2632999, 18.4672245], [76.2621832, 18.4667899], [76.2618968, 18.4653233], [76.2625268, 18.4625258], [76.2637867, 18.4576641], [76.2659056, 18.4486465], [76.2665928, 18.4446536], [76.2670223, 18.4394926], [76.2667359, 18.4342499], [76.2675949, 18.4320496], [76.2685971, 18.4218625], [76.2672227, 18.4227318], [76.2648461, 18.4241444], [76.2630994, 18.4260732], [76.2603792, 18.4273228], [76.2574586, 18.4279476], [76.255311, 18.4284638], [76.2512451, 18.4289528], [76.248668, 18.4293602], [76.2448883, 18.4316421], [76.2406792, 18.4329732], [76.2375867, 18.4336251], [76.2351815, 18.4343042], [76.2321177, 18.4350105], [76.2292543, 18.4347389], [76.2274217, 18.4341141], [76.2255033, 18.433272], [76.2241861, 18.4321854], [76.2228976, 18.4300665], [76.222239, 18.4287898], [76.2214373, 18.4274858], [76.2217236, 18.4233566], [76.2205496, 18.4212648], [76.2193184, 18.4197163], [76.2187457, 18.4178418], [76.2182303, 18.4147719], [76.2170563, 18.4123539], [76.2165695, 18.4108053], [76.2156819, 18.4085232], [76.2138493, 18.4061323], [76.2090102, 18.4005083], [76.2069772, 18.3981988], [76.2056314, 18.396623], [76.2041997, 18.3952916], [76.2024244, 18.3938787]]]}, "properties": {"level": "district", "name": "Latur", "parent_level": "state", "parent_name": "Maharashtra"}}, {"type": "Feature", "geometry": {"type": "Polygon", "coordinates": [[[76.2024244, 18.3938787], [76.2064618, 18.3905638], [76.2091247, 18.3887977], [76.2106996, 18.3874119], [76.2131907, 18.3862707], [76.2150233, 18.3852382], [76.2176862, 18.3836078], [76.2190893, 18.3823579], [76.2212655, 18.3812438], [76.2246156, 18.3795047], [76.2266486, 18.3796949], [76.2343797, 18.378608], [76.2362409, 18.3779558], [76.2395911, 18.3769776], [76.2446593, 18.3768689], [76.2486966, 18.3747222], [76.2504719, 18.3720863], [76.2532494, 18.3690971], [76.2571722, 18.364124], [76.2597779, 18.3658089], [76.26204, 18.3673851], [76.2638726, 18.3699123], [76.2650179, 18.3718145], [76.2667646, 18.3737439], [76.2701434, 18.377358], [76.2749252, 18.3811079], [76.2793348, 18.383635], [76.2837158, 18.3857001], [76.2874954, 18.3883629], [76.2885549, 18.3882814], [76.2894712, 18.387738], [76.2891276, 18.3855371], [76.288469, 18.382385], [76.2883831, 18.3793417], [76.2888985, 18.3737439], [76.2878677, 18.3674122], [76.2869228, 18.3622217], [76.286436, 18.3541231], [76.2855483, 18.3450729], [76.2852047, 18.3407786], [76.2892994, 18.3399904], [76.2961142, 18.3380335], [76.3004379, 18.3360222], [76.3071096, 18.3333042], [76.3131227, 18.3306948], [76.3168737, 18.3298794], [76.3196611, 18.3305327], [76.3273429, 18.3315919], [76.3301324, 18.3294328], [76.3312053, 18.3271922], [76.332407, 18.3261737], [76.334939, 18.32597], [76.3388872, 18.3251145], [76.3424491, 18.3243405], [76.347084, 18.3235257], [76.3530492, 18.3220591], [76.3564825, 18.3214072], [76.3593149, 18.3209591], [76.360774, 18.3214887], [76.3624048, 18.3227924], [76.3634777, 18.3264589], [76.3656234, 18.328781], [76.3677692, 18.3303698], [76.3694, 18.3304105], [76.3713741, 18.3302068], [76.372962, 18.3281699], [76.3760948, 18.3249515], [76.3782835, 18.3218146], [76.3796138, 18.3206739], [76.3821029, 18.3190443], [76.3866949, 18.3164369], [76.3873386, 18.3163961], [76.3893127, 18.3167628], [76.3913726, 18.3163147], [76.3944196, 18.3150517], [76.3963937, 18.3141146], [76.3989257, 18.3127701], [76.4012432, 18.3126479], [76.4030027, 18.3127294], [76.4050197, 18.3139517], [76.4114999, 18.3151332], [76.4131307, 18.3156628], [76.4149761, 18.3148887], [76.4179802, 18.3139517], [76.420083, 18.3138294], [76.4222288, 18.3141146], [76.4238596, 18.3139924], [76.4266491, 18.3132183], [76.4292669, 18.311996], [76.432271, 18.3111812], [76.4375495, 18.3103664], [76.4401674, 18.3102034], [76.4430427, 18.3101626], [76.44948, 18.3098367], [76.4544153, 18.3086959], [76.4574194, 18.3088181], [76.4597368, 18.309307], [76.4623546, 18.3101219], [76.4638137, 18.3100404], [76.4652299, 18.3097552], [76.4668607, 18.3091848], [76.4685344, 18.3086552], [76.4720106, 18.3084107], [76.4750576, 18.3084922], [76.4768171, 18.3091441], [76.4780187, 18.3107738], [76.4790058, 18.3117109], [76.4852285, 18.3137072], [76.4907217, 18.3139109], [76.4946699, 18.3135442], [76.4970302, 18.3137072], [76.4998197, 18.3150924], [76.5026092, 18.3158665], [76.5060854, 18.3156221], [76.5137672, 18.3166813], [76.5162992, 18.3157443], [76.5173721, 18.3155406], [76.5191745, 18.315785], [76.5215778, 18.316885], [76.5243673, 18.3176184], [76.5265989, 18.3180258], [76.5279722, 18.3183517], [76.5286588, 18.3188813], [76.5290021, 18.3204702], [76.52956, 18.3218146], [76.5312767, 18.3233627], [76.5325641, 18.3239738], [76.5355253, 18.3249515], [76.5399885, 18.3268663], [76.5409755, 18.3267848], [76.5425634, 18.3262145], [76.5450525, 18.3254812], [76.5474987, 18.3247071], [76.5509748, 18.3235664], [76.5544509, 18.323322], [76.5563392, 18.3240553], [76.5586566, 18.3252367], [76.5614032, 18.3263774], [76.5659093, 18.3274774], [76.5703725, 18.328007], [76.5784406, 18.3299216], [76.5814018, 18.3314697], [76.5853929, 18.3326918], [76.5917444, 18.3348101], [76.5942335, 18.3355841], [76.5974092, 18.3369692], [76.5994262, 18.3378246], [76.6002845, 18.3381505], [76.601572, 18.3395355], [76.6020441, 18.3419796], [76.6024732, 18.3438534], [76.604104, 18.3458902], [76.6065073, 18.3465012], [76.6109275, 18.346216], [76.6163778, 18.3487415], [76.6177511, 18.3502079], [76.6193389, 18.3512262], [76.6219139, 18.3522446], [76.6234588, 18.3528555], [76.62642, 18.3537924], [76.6287374, 18.3539146], [76.6313123, 18.3544848], [76.6335868, 18.3548922], [76.6363334, 18.3526926], [76.6407966, 18.3504523], [76.6414403, 18.3510226], [76.6425991, 18.3527333], [76.6437149, 18.3537109], [76.6453886, 18.354607], [76.6472339, 18.3536295], [76.6486072, 18.3533443], [76.6509246, 18.3531814], [76.6531992, 18.3539961], [76.6555166, 18.3545663], [76.6574049, 18.3543219], [76.6594648, 18.3533851], [76.6623401, 18.3523668], [76.6658163, 18.3521224], [76.6695928, 18.3535887], [76.6706228, 18.3544034], [76.6721248, 18.3542812], [76.6737556, 18.3527741], [76.6758585, 18.3519187], [76.6783475, 18.3517965], [76.6803646, 18.3521224], [76.6844415, 18.3549736], [76.6861581, 18.3565622], [76.6875743, 18.3575397], [76.6890335, 18.3572953], [76.6887331, 18.3534665], [76.6874885, 18.3494747], [76.6884327, 18.3483342], [76.6898059, 18.346216], [76.688261, 18.34422], [76.6868019, 18.3433239], [76.6858148, 18.3405539], [76.6864585, 18.3383949], [76.6880893, 18.3363988], [76.6883468, 18.3329362], [76.6889476, 18.3302068], [76.6904497, 18.329555], [76.6925525, 18.3286995], [76.6940116, 18.3264589], [76.6964149, 18.321448], [76.6980457, 18.3170887], [76.6992902, 18.3151332], [76.7012214, 18.3148072], [76.7037963, 18.3135035], [76.7062425, 18.3128516], [76.7072296, 18.3111405], [76.7063283, 18.3069847], [76.704998, 18.3052327], [76.7036247, 18.3024214], [76.705513, 18.2987544], [76.7065429, 18.2970838], [76.7073186, 18.2951705], [76.7082937, 18.292705], [76.7084742, 18.2904926], [76.7020797, 18.2881603], [76.7041826, 18.2857561], [76.7052984, 18.2848189], [76.7074871, 18.2826185], [76.7094612, 18.281559], [76.711049, 18.280581], [76.7139244, 18.2790326], [76.7163705, 18.2779323], [76.7186451, 18.2817628], [76.7196321, 18.283515], [76.7209625, 18.2858784], [76.7224645, 18.2889752], [76.7240524, 18.2903606], [76.7262411, 18.2929684], [76.7280435, 18.2994878], [76.7290306, 18.3027066], [76.7292022, 18.3069847], [76.7246103, 18.3156221], [76.7240953, 18.3180258], [76.7235803, 18.3199813], [76.7219924, 18.3216924], [76.7215633, 18.3243812], [76.7222929, 18.3272329], [76.7234945, 18.3361544], [76.7250394, 18.3384764], [76.7259407, 18.3400651], [76.7269706, 18.3404724], [76.7290735, 18.3410835], [76.7303609, 18.3414093], [76.7337083, 18.3425092], [76.7357254, 18.3440978], [76.7380857, 18.3447496], [76.7423343, 18.3456457], [76.7451238, 18.3458087], [76.7466688, 18.3458902], [76.7484283, 18.3466641], [76.7489862, 18.3479268], [76.7492437, 18.3502079], [76.7492008, 18.3521631], [76.7482566, 18.3531814], [76.746025, 18.3537517], [76.7439651, 18.3546478], [76.7408752, 18.3569695], [76.7373561, 18.3605131], [76.7343092, 18.361735], [76.7315626, 18.3630384], [76.7274856, 18.3634457], [76.7245245, 18.3634457], [76.7225503, 18.364749], [76.7232799, 18.3708991], [76.7234087, 18.3726097], [76.723752, 18.3752977], [76.7244815, 18.3779042], [76.7185163, 18.3783929], [76.7168426, 18.3785966], [76.7147827, 18.3792074], [76.7129373, 18.3797369], [76.7124223, 18.3806329], [76.7118644, 18.3823026], [76.7106628, 18.384176], [76.7089033, 18.3862122], [76.7069292, 18.387434], [76.7034959, 18.3889407], [76.7007923, 18.3896331], [76.6970586, 18.3903254], [76.6965437, 18.3921986], [76.6971445, 18.3956193], [76.6986036, 18.402542], [76.6994619, 18.4071027], [76.7006635, 18.4119075], [76.7040538, 18.4202139], [76.7063283, 18.427787], [76.7083454, 18.4371104], [76.7119073, 18.4446421], [76.7149114, 18.4492831], [76.7170143, 18.4543717], [76.7177009, 18.4564071], [76.7177438, 18.4586867], [76.7149114, 18.4616991], [76.7079162, 18.4676421], [76.7056417, 18.4702473], [76.7050409, 18.4735443], [76.7048263, 18.4743177], [76.7027235, 18.4752946], [76.7028951, 18.476475], [76.7038822, 18.4781438], [76.703968, 18.4797719], [76.7046976, 18.4839235], [76.7045688, 18.4894181], [76.7016935, 18.4901914], [76.7005777, 18.4906391], [76.6995048, 18.4912089], [76.6981744, 18.492145], [76.6956853, 18.4936102], [76.6937112, 18.4949532], [76.6920805, 18.4966626], [76.6925096, 18.4978021], [76.693794, 18.5012618], [76.6890488, 18.5015618], [76.6856085, 18.5012243], [76.6839872, 18.5002118], [76.6826427, 18.4987493], [76.68114, 18.4968368], [76.6800328, 18.4948492], [76.6754457, 18.4908365], [76.6748921, 18.4888114], [76.6737454, 18.4857736], [76.6727172, 18.4827358], [76.6564252, 18.4824358], [76.6534199, 18.4839735], [76.6500587, 18.4837859], [76.6480815, 18.4835984], [76.646302, 18.4811607], [76.6454321, 18.4786854], [76.6444039, 18.473097], [76.6431781, 18.472647], [76.640845, 18.4733596], [76.637207, 18.4735846], [76.6350321, 18.4737346], [76.6332526, 18.4744097], [76.6315127, 18.4749723], [76.6293773, 18.4748598], [76.6274397, 18.4745598], [76.6266883, 18.469984], [76.6258579, 18.4680711], [76.6255416, 18.4656707], [76.6251066, 18.4635327], [76.6224176, 18.4630451], [76.6204404, 18.4633077], [76.6178701, 18.4643204], [76.6158534, 18.4643204], [76.6135994, 18.4635702], [76.6094473, 18.4592942], [76.606442, 18.4568936], [76.6043461, 18.4550181], [76.6021317, 18.4541179], [76.5990868, 18.4550556], [76.5963188, 18.4562935], [76.5960815, 18.4575688], [76.5966351, 18.4592567], [76.5959629, 18.4602695], [76.5944998, 18.4607571], [76.5947766, 18.4626325], [76.5954488, 18.464883], [76.5960024, 18.4673585], [76.5967142, 18.4683337], [76.5980192, 18.4691588], [76.5986123, 18.4722719], [76.5980982, 18.4773727], [76.6000754, 18.4811982], [76.6011827, 18.4833734], [76.6019735, 18.4849861], [76.601499, 18.4873113], [76.5983355, 18.4889614], [76.5956465, 18.489899], [76.5936693, 18.4906865], [76.5908222, 18.4916616], [76.5876192, 18.4928616], [76.5842579, 18.4933116], [76.5812131, 18.4929366], [76.5784055, 18.4922616], [76.5753211, 18.4918491], [76.5708526, 18.4922991], [76.5683614, 18.4923741], [76.566226, 18.4923741], [76.5642488, 18.4945492], [76.5631021, 18.4959742], [76.5608876, 18.4969868], [76.5566169, 18.4974368], [76.5537302, 18.4978493], [76.5514367, 18.4986368], [76.5494199, 18.4984868], [76.5472055, 18.4979243], [76.5472055, 18.4944367], [76.5472055, 18.4912865], [76.5465332, 18.4882113], [76.5455842, 18.4847235], [76.5452283, 18.4820608], [76.5462169, 18.4708091], [76.5468101, 18.4694589], [76.5470078, 18.4670209], [76.5471659, 18.4650705], [76.5459005, 18.4645079], [76.544477, 18.4653706], [76.5416298, 18.4652956], [76.5394549, 18.4652206], [76.5379918, 18.4658957], [76.536845, 18.467546], [76.5357378, 18.4693464], [76.5336025, 18.4707716], [76.5303994, 18.4708842], [76.5280663, 18.4719343], [76.5241911, 18.4721969], [76.521423, 18.4719343], [76.5192085, 18.4717843], [76.5149378, 18.4705091], [76.5127629, 18.4693839], [76.5108253, 18.4690088], [76.5067523, 18.4701715], [76.5063964, 18.4718218], [76.5048937, 18.472797], [76.5049333, 18.475985], [76.5050124, 18.4778602], [76.502877, 18.4787229], [76.5007021, 18.4789479], [76.4977759, 18.4812732], [76.4964709, 18.4824358], [76.4946914, 18.4838234], [76.4932283, 18.484386], [76.4900253, 18.4851361], [76.4892344, 18.4852486], [76.4842124, 18.4859987], [76.4836192, 18.4880238], [76.4825515, 18.4899365], [76.4802975, 18.491024], [76.4762641, 18.4937242], [76.473496, 18.4946992], [76.4715979, 18.4947742], [76.4693835, 18.4944367], [76.4675645, 18.4947742], [76.4665759, 18.4961242], [76.4668527, 18.4980743], [76.4673667, 18.4995368], [76.4676831, 18.5008118], [76.4678413, 18.5030243], [76.466655, 18.5037743], [76.4651918, 18.5037368], [76.4638869, 18.5037743], [76.4625424, 18.5048618], [76.4630169, 18.5066992], [76.4631356, 18.5086116], [76.4642823, 18.5093616], [76.4647569, 18.511199], [76.4626215, 18.5105616], [76.4608025, 18.5100741], [76.4590626, 18.5100741], [76.4578367, 18.5107115], [76.4566899, 18.5123239], [76.4559386, 18.5148363], [76.4551873, 18.5172361], [76.4547128, 18.5198608], [76.454515, 18.5211731], [76.4538428, 18.5237978], [76.4529333, 18.5261975], [76.4496512, 18.5267224], [76.4473972, 18.5266849], [76.4447873, 18.5268349], [76.4427706, 18.5268349], [76.4417424, 18.5269099], [76.4412679, 18.5273223], [76.4408725, 18.529272], [76.4408329, 18.532084], [76.4405166, 18.534896], [76.4402793, 18.5373705], [76.4371554, 18.5409697], [76.4339919, 18.5420944], [76.4321728, 18.5427692], [76.4310261, 18.5435565], [76.4299979, 18.5444938], [76.4282185, 18.5468557], [76.4259645, 18.5484677], [76.425569, 18.5503047], [76.4252527, 18.5522916], [76.4222474, 18.5530039], [76.419163, 18.5526665], [76.4161181, 18.5521042], [76.4144968, 18.5515044], [76.4129546, 18.5504172], [76.4104634, 18.5483928], [76.4080907, 18.547643], [76.4063113, 18.5470056], [76.40469, 18.5464808], [76.4031082, 18.5466307], [76.4017637, 18.5470056], [76.3990748, 18.5467057], [76.3968603, 18.5461809], [76.3946459, 18.545656], [76.3932223, 18.5449437], [76.3923383, 18.5447512], [76.3918877, 18.5430729], [76.3916731, 18.542727], [76.3909864, 18.5419946], [76.3899565, 18.5417505], [76.3885188, 18.542015], [76.3873815, 18.5427473], [76.3864159, 18.5432152], [76.3851499, 18.5437442], [76.3839483, 18.5437849], [76.3824034, 18.5432966], [76.3801503, 18.5423201], [76.3786053, 18.5418725], [76.3766742, 18.5419946], [76.3757086, 18.542015], [76.3742065, 18.5422591], [76.3725543, 18.5425642], [76.3709664, 18.5429508], [76.3694, 18.5429915], [76.3676619, 18.5436831], [76.3665032, 18.5459209], [76.3658809, 18.5479552], [76.3658809, 18.5493182], [76.3653874, 18.5506609], [76.364851, 18.5526748], [76.3645506, 18.5534275], [76.3636279, 18.5538546], [76.3629627, 18.5547599], [76.3619757, 18.5554515], [76.3614714, 18.5559804], [76.3607097, 18.5578722], [76.3602698, 18.5590012], [76.3596368, 18.5594284], [76.3567293, 18.5606285], [76.3538646, 18.5616151], [76.3515258, 18.5632933], [76.3493478, 18.5653172], [76.3483071, 18.5655308], [76.3462687, 18.5656834], [76.3448953, 18.5647782], [76.3434469, 18.5638222], [76.3414836, 18.5624491], [76.3411188, 18.5617677], [76.3403356, 18.5603844], [76.338222, 18.5603641], [76.3363552, 18.560832], [76.3342953, 18.5616863], [76.331377, 18.5628864], [76.3286948, 18.5643917], [76.3268709, 18.5661817], [76.3241029, 18.5701685], [76.3231158, 18.5705346], [76.3217211, 18.5703719], [76.3205194, 18.5697006], [76.3185668, 18.5687243], [76.3171935, 18.567931], [76.3158417, 18.5666902], [76.3141036, 18.5657545], [76.3124513, 18.5653477], [76.311872, 18.5658359], [76.309855, 18.5663241], [76.3078379, 18.5671987], [76.3064432, 18.5676666], [76.3037824, 18.5681751], [76.3020444, 18.5685616], [76.3012504, 18.568948], [76.2995553, 18.5700261], [76.2982034, 18.5716737], [76.2972379, 18.5722432], [76.2962508, 18.5728127], [76.2952637, 18.5736263], [76.2938046, 18.5754162], [76.2929034, 18.5761688], [76.2919378, 18.5762909], [76.2905216, 18.5762705], [76.2892127, 18.5757417], [76.2881183, 18.5748467], [76.2873244, 18.5737687], [76.2858009, 18.5733212], [76.2849641, 18.5735043], [76.2836766, 18.5741145], [76.2826037, 18.5743179], [76.2809729, 18.5742772], [76.2793636, 18.5741755], [76.2786126, 18.5739518], [76.2780118, 18.5729958], [76.2780547, 18.572467], [76.2778616, 18.5714907], [76.2775826, 18.56966], [76.2766385, 18.5655715], [76.275351, 18.5579637], [76.2751542, 18.5505018], [76.2738944, 18.5480315], [76.2721191, 18.5465927], [76.2711455, 18.5448553], [76.2703152, 18.5419777], [76.2691125, 18.537254], [76.269542, 18.5286478], [76.2691698, 18.5239237], [76.2681676, 18.5231635], [76.265791, 18.5225662], [76.2635862, 18.5218603], [76.2616105, 18.5215345], [76.2593484, 18.5213987], [76.2571436, 18.5212629], [76.254452, 18.52091], [76.253364, 18.5204213], [76.2527913, 18.5179234], [76.2543948, 18.5127374], [76.2551679, 18.5099407], [76.2554256, 18.5071168], [76.255082, 18.5044015], [76.2549674, 18.5019034], [76.2540798, 18.4976673], [76.2546525, 18.4954407], [76.258289, 18.4948161], [76.2594916, 18.4943001], [76.2592339, 18.4931596], [76.2582031, 18.4926165], [76.2561128, 18.4904712], [76.2544234, 18.4866151], [76.2537076, 18.4848499], [76.2534785, 18.4835464], [76.254223, 18.4828404], [76.2568573, 18.4826774], [76.2569718, 18.4812109], [76.2572009, 18.4802876], [76.2583749, 18.4788211], [76.2606083, 18.4778977], [76.2639012, 18.4765942], [76.266965, 18.4755893], [76.2690839, 18.4707551], [76.2694848, 18.4689898], [76.2689407, 18.4681479], [76.2664496, 18.4680392], [76.264932, 18.4676319], [76.2632999, 18.4672245], [76.2621832, 18.4667899], [76.2618968, 18.4653233], [76.2625268, 18.4625258], [76.2637867, 18.4576641], [76.2659056, 18.4486465], [76.2665928, 18.4446536], [76.2670223, 18.4394926], [76.2667359, 18.4342499], [76.2675949, 18.4320496], [76.2685971, 18.4218625], [76.2672227, 18.4227318], [76.2648461, 18.4241444], [76.2630994, 18.4260732], [76.2603792, 18.4273228], [76.2574586, 18.4279476], [76.255311, 18.4284638], [76.2512451, 18.4289528], [76.248668, 18.4293602], [76.2448883, 18.4316421], [76.2406792, 18.4329732], [76.2375867, 18.4336251], [76.2351815, 18.4343042], [76.2321177, 18.4350105], [76.2292543, 18.4347389], [76.2274217, 18.4341141], [76.2255033, 18.433272], [76.2241861, 18.4321854], [76.2228976, 18.4300665], [76.222239, 18.4287898], [76.2214373, 18.4274858], [76.2217236, 18.4233566], [76.2205496, 18.4212648], [76.2193184, 18.4197163], [76.2187457, 18.4178418], [76.2182303, 18.4147719], [76.2170563, 18.4123539], [76.2165695, 18.4108053], [76.2156819, 18.4085232], [76.2138493, 18.4061323], [76.2090102, 18.4005083], [76.2069772, 18.3981988], [76.2056314, 18.396623], [76.2041997, 18.3952916], [76.2024244, 18.3938787]]]}, "properties": {"level": "taluka", "name": "Latur", "parent_level": "district", "parent_name": "Latur"}}, {"type": "Feature", "geometry": {"type": "Polygon", "coordinates": [[[76.7228508, 18.7481154], [76.7242026, 18.7444782], [76.7243743, 18.7420805], [76.7253184, 18.7412474], [76.7244601, 18.7382197], [76.724503, 18.7364823], [76.7273891, 18.7353748], [76.7278718, 18.7340539], [76.7282581, 18.732408], [76.7285585, 18.730701], [76.7287945, 18.7291464], [76.7291164, 18.7278154], [76.7300283, 18.7261692], [76.7305219, 18.7254478], [76.731391, 18.7238628], [76.7320776, 18.7224707], [76.7321312, 18.7220744], [76.7324638, 18.7220439], [76.732378, 18.7198186], [76.7327106, 18.7182944], [76.7330968, 18.7149005], [76.7330861, 18.7131425], [76.7330646, 18.7125633], [76.7334831, 18.712045], [76.7335474, 18.7111915], [76.7332256, 18.7086713], [76.7337835, 18.7064763], [76.7336333, 18.705643], [76.7338908, 18.7045353], [76.7339444, 18.7010599], [76.733644, 18.6999521], [76.7307686, 18.6999623], [76.7305756, 18.6980009], [76.7297709, 18.6979196], [76.7281186, 18.6979501], [76.7274105, 18.6962632], [76.7270672, 18.6953078], [76.7255638, 18.6936643], [76.7246475, 18.6926065], [76.7245044, 18.6893245], [76.7249625, 18.6871275], [76.7255925, 18.6856356], [76.7257929, 18.6833572], [76.7256784, 18.6817025], [76.7255066, 18.6774167], [76.7256211, 18.6769285], [76.7273391, 18.6773896], [76.7289999, 18.6782034], [76.7302025, 18.6786916], [76.7314051, 18.6787188], [76.73298, 18.6786102], [76.7386208, 18.678556], [76.7400812, 18.6804277], [76.7432595, 18.6803463], [76.7450634, 18.6801293], [76.745722, 18.6786374], [76.7466956, 18.6768742], [76.7471537, 18.6751381], [76.7473541, 18.6734563], [76.7474973, 18.6715846], [76.7481273, 18.6690889], [76.7489576, 18.6662134], [76.7491581, 18.6632836], [76.7485568, 18.6615474], [76.7480127, 18.6603537], [76.7478695, 18.6593228], [76.7489004, 18.6580206], [76.7486427, 18.6571525], [76.7481559, 18.6563658], [76.7478695, 18.6554162], [76.7478409, 18.6535714], [76.7491294, 18.6525948], [76.7484136, 18.6516181], [76.7478123, 18.6505871], [76.7478123, 18.6492306], [76.7492153, 18.6487965], [76.7499598, 18.6479012], [76.7513056, 18.6467617], [76.7523364, 18.6458664], [76.7530236, 18.6451068], [76.7539113, 18.6446727], [76.7593231, 18.6416611], [76.761127, 18.6405487], [76.7631314, 18.6396805], [76.7639045, 18.6390022], [76.7659947, 18.640603], [76.7674551, 18.6407929], [76.7689154, 18.6412541], [76.7705189, 18.6446998], [76.7717215, 18.6471958], [76.7726378, 18.6496647], [76.7732677, 18.6513468], [76.7755871, 18.6557418], [76.7771905, 18.6564743], [76.7791376, 18.6567184], [76.7816574, 18.6573967], [76.7830605, 18.6579664], [76.7847785, 18.6591058], [76.7840627, 18.6597569], [76.7836904, 18.6605436], [76.7836332, 18.662307], [76.7838909, 18.664016], [76.7835759, 18.6655352], [76.7816574, 18.6674884], [76.7823733, 18.6712319], [76.7892167, 18.6710692], [76.7909061, 18.6728053], [76.7931109, 18.6734563], [76.7955448, 18.6735648], [76.7976637, 18.6735648], [76.8007562, 18.6731037], [76.8031041, 18.6717744], [76.805853, 18.6701197], [76.8080864, 18.6693059], [76.8098044, 18.6689261], [76.8122956, 18.667624], [76.8113507, 18.6612218], [76.8122956, 18.6525405], [76.8132405, 18.6496647], [76.814214, 18.6469517], [76.8158175, 18.6420138], [76.8166479, 18.6397619], [76.817192, 18.63732], [76.8173065, 18.6346339], [76.8175642, 18.632816], [76.817736, 18.6314865], [76.8181082, 18.6301027], [76.8201699, 18.6295871], [76.8217161, 18.6294243], [76.8235487, 18.6287188], [76.8281873, 18.6260869], [76.8298481, 18.6241875], [76.830249, 18.6228307], [76.8303349, 18.6209042], [76.8308503, 18.6194118], [76.8325969, 18.6187062], [76.8347731, 18.6192218], [76.8358039, 18.619656], [76.8370638, 18.6187605], [76.8396981, 18.6185163], [76.8433919, 18.6182178], [76.8464557, 18.6171053], [76.8474579, 18.6153686], [76.8478874, 18.6136862], [76.8486605, 18.6121665], [76.8498917, 18.6096157], [76.8503213, 18.608286], [76.8503213, 18.6069563], [76.8515239, 18.6059522], [76.8541009, 18.6058708], [76.8561912, 18.6061964], [76.8584533, 18.6070648], [76.8638078, 18.6065492], [76.8669575, 18.6055723], [76.8716534, 18.6056537], [76.873801, 18.6056808], [76.8750322, 18.6051652], [76.8766071, 18.6019359], [76.8773229, 18.5997919], [76.8782106, 18.5983536], [76.8795564, 18.5971052], [76.8801863, 18.5956669], [76.8802722, 18.5939028], [76.8820189, 18.5906461], [76.8827633, 18.5885021], [76.8838228, 18.5870365], [76.8851972, 18.5861409], [76.8890341, 18.5866565], [76.8937301, 18.5861137], [76.8965648, 18.5864394], [76.8991419, 18.5869279], [76.9033797, 18.5877693], [76.9054127, 18.5889634], [76.9058135, 18.590049], [76.9060712, 18.5919217], [76.9065867, 18.5925459], [76.9094787, 18.5939028], [76.9105668, 18.5952055], [76.9108817, 18.5973495], [76.9111681, 18.5991135], [76.9136306, 18.5990592], [76.91532, 18.5984893], [76.9172384, 18.5977566], [76.918441, 18.5968881], [76.9217053, 18.5959654], [76.9239387, 18.5946356], [76.9270885, 18.5929258], [76.9301809, 18.5905647], [76.9335311, 18.5885563], [76.9325002, 18.5862766], [76.9312117, 18.584621], [76.9302954, 18.5834811], [76.9296941, 18.5822326], [76.9289496, 18.5807941], [76.9280906, 18.5795999], [76.9268594, 18.5778628], [76.9252845, 18.5753658], [76.9242537, 18.5727873], [76.9238815, 18.5714301], [76.9237383, 18.5705073], [76.9243682, 18.5690687], [76.925485, 18.5668429], [76.926888, 18.5639114], [76.9273462, 18.561957], [76.9276039, 18.5607084], [76.9296082, 18.5604912], [76.9331015, 18.5621742], [76.9349055, 18.5632057], [76.9368239, 18.5646172], [76.9391719, 18.5658115], [76.9403173, 18.5663001], [76.946044, 18.5692587], [76.9507113, 18.5697473], [76.9529161, 18.570263], [76.9542047, 18.5706158], [76.9554073, 18.5713487], [76.9557509, 18.572353], [76.9561231, 18.5741987], [76.9566958, 18.5758815], [76.9608477, 18.5743615], [76.9642265, 18.5744972], [76.9682066, 18.5746601], [76.9711272, 18.5744972], [76.9731889, 18.5738187], [76.9746778, 18.5730315], [76.9751646, 18.5720816], [76.9749928, 18.5707244], [76.9741624, 18.5691773], [76.974191, 18.5675487], [76.974191, 18.5660829], [76.9742769, 18.5602741], [76.9780566, 18.5602741], [76.9817217, 18.5611427], [76.9848714, 18.5613056], [76.9876203, 18.5604913], [76.9898537, 18.5601655], [76.9919726, 18.5598941], [76.9943778, 18.5608713], [76.9947214, 18.5620114], [76.9938624, 18.5629343], [76.9934616, 18.5643457], [76.9939197, 18.5659744], [76.995065, 18.5660287], [76.9964967, 18.5649972], [76.9970694, 18.5652143], [76.9975848, 18.5662458], [76.9973558, 18.567223], [76.9959813, 18.5680373], [76.9952941, 18.5684173], [76.9942633, 18.569503], [76.9940342, 18.5701544], [76.9952941, 18.5722716], [76.9958095, 18.5742801], [76.996554, 18.5765601], [76.9975848, 18.5767229], [76.9993601, 18.5753115], [77.0003909, 18.5753658], [77.0019944, 18.5765601], [77.0033116, 18.5777543], [77.0033116, 18.5789485], [77.0018799, 18.5802513], [77.0015936, 18.5824226], [77.0015363, 18.5838882], [77.0028534, 18.5880679], [77.0036552, 18.5885564], [77.0059459, 18.5878507], [77.0076639, 18.5863309], [77.0092101, 18.5849739], [77.0124171, 18.5810113], [77.0141924, 18.5787314], [77.0154523, 18.5768315], [77.0164259, 18.5761258], [77.0188884, 18.5760172], [77.0212936, 18.5762886], [77.0242715, 18.5794914], [77.0259895, 18.5823141], [77.0277648, 18.5850824], [77.0291393, 18.5871994], [77.0292538, 18.5887192], [77.0285666, 18.591596], [77.0286811, 18.5927359], [77.0301128, 18.5938215], [77.0326326, 18.5943642], [77.0344079, 18.5942557], [77.0360686, 18.5945271], [77.0385884, 18.5958297], [77.0422535, 18.5940386], [77.0475794, 18.5913246], [77.0475794, 18.5885021], [77.0486102, 18.5866566], [77.0500992, 18.5864394], [77.0518745, 18.5851367], [77.0519318, 18.5818798], [77.0521036, 18.5790571], [77.0523899, 18.5775372], [77.0531916, 18.5762886], [77.0547951, 18.5737916], [77.0557114, 18.5680373], [77.0563414, 18.5651058], [77.056055, 18.5621742], [77.0563414, 18.5602198], [77.0570858, 18.5582654], [77.058403, 18.5567453], [77.0602356, 18.5558224], [77.0622399, 18.5553337], [77.0653324, 18.5551166], [77.0707155, 18.5550623], [77.0731208, 18.5560938], [77.077015, 18.5581568], [77.0782176, 18.5554423], [77.0794202, 18.5529992], [77.0803365, 18.5513162], [77.083658, 18.549416], [77.0843452, 18.5532707], [77.0848606, 18.560057], [77.0860632, 18.5671687], [77.0856051, 18.5738458], [77.0852615, 18.5767772], [77.086865, 18.580197], [77.0900147, 18.5797628], [77.0928781, 18.5797085], [77.0936226, 18.5822055], [77.0945961, 18.5846482], [77.0957415, 18.5857881], [77.0986048, 18.5862223], [77.0999793, 18.5871451], [77.100781, 18.5895877], [77.1022127, 18.5954498], [77.1067368, 18.5957212], [77.1109746, 18.594907], [77.1131508, 18.5943642], [77.1169305, 18.5936043], [77.1188203, 18.5936043], [77.1226572, 18.5934415], [77.1244325, 18.5953955], [77.1255206, 18.5971324], [77.1253488, 18.5984351], [77.1241462, 18.6015288], [77.1232872, 18.6038084], [77.1204238, 18.6093986], [77.1200802, 18.6126007], [77.1205383, 18.6134691], [77.1217982, 18.6166168], [77.1240889, 18.6190048], [77.1252915, 18.6223695], [77.1267232, 18.6281219], [77.1286131, 18.6325175], [77.1312474, 18.6380526], [77.1346834, 18.6396805], [77.1365732, 18.6402231], [77.1393794, 18.6413084], [77.1416701, 18.6429363], [77.1443044, 18.6441301], [77.1507756, 18.6463006], [77.1547497, 18.6482501], [77.1538925, 18.6494575], [77.1535921, 18.6525885], [77.1540212, 18.6550281], [77.155137, 18.6584436], [77.1562528, 18.6688522], [77.1571111, 18.6742188], [77.1575832, 18.6779185], [77.1583128, 18.6801952], [77.1641492, 18.6805611], [77.1692991, 18.6804798], [77.1742773, 18.6802765], [77.1768522, 18.6805204], [77.1798563, 18.6821466], [77.1835041, 18.6843419], [77.1892118, 18.6868624], [77.1912288, 18.6882039], [77.1919155, 18.6895455], [77.1914863, 18.6911309], [77.1876239, 18.6927163], [77.1850919, 18.6975945], [77.1835899, 18.7006026], [77.179985, 18.7024724], [77.1735477, 18.7044642], [77.1691703, 18.7045049], [77.165308, 18.7037326], [77.1620893, 18.7025131], [77.1593856, 18.701253], [77.1562957, 18.7000741], [77.1540212, 18.6998302], [77.1522617, 18.7000335], [77.1509313, 18.7010091], [77.1483135, 18.7054805], [77.1463394, 18.7083665], [77.1461248, 18.7103989], [77.1461248, 18.7128377], [77.1434211, 18.7138132], [77.1401596, 18.7132442], [77.1366405, 18.7126345], [77.1354818, 18.7119841], [77.1350526, 18.7091388], [77.1350526, 18.7064154], [77.1353101, 18.7041391], [77.135396, 18.7013343], [77.1351814, 18.6991798], [77.133851, 18.6983262], [77.1314907, 18.6985294], [77.1230363, 18.6965782], [77.1187877, 18.6948709], [77.1134233, 18.6951961], [77.1095609, 18.6947489], [77.1061706, 18.6941391], [77.0986175, 18.692635], [77.0908927, 18.6910496], [77.0822238, 18.6904398], [77.0718383, 18.689017], [77.0678472, 18.6878381], [77.0668602, 18.6860087], [77.0668602, 18.6834069], [77.0655727, 18.6824312], [77.0632982, 18.6825125], [77.0605516, 18.6825938], [77.0499515, 18.6834475], [77.0448446, 18.6840167], [77.0441579, 18.6888137], [77.0438575, 18.6913748], [77.0427846, 18.6938546], [77.0426988, 18.697066], [77.0437288, 18.7028789], [77.0484495, 18.7125938], [77.051754, 18.7167804], [77.0546293, 18.7177152], [77.0562601, 18.7191378], [77.0573329, 18.7264944], [77.0566892, 18.7305587], [77.0564746, 18.7328347], [77.0554447, 18.7351513], [77.0543718, 18.7375085], [77.0536851, 18.7438483], [77.0541572, 18.7489282], [77.0546722, 18.7526668], [77.0563459, 18.7581934], [77.0563862, 18.7592559], [77.0566034, 18.7649794], [77.0567321, 18.7686771], [77.0554876, 18.7710338], [77.0538139, 18.7726185], [77.0485353, 18.7744063], [77.0435142, 18.772781], [77.0352315, 18.7702212], [77.0307648, 18.7693695], [77.0290517, 18.7690428], [77.0256614, 18.7686365], [77.0219707, 18.7673768], [77.0169925, 18.7666048], [77.0124864, 18.7665642], [77.0093107, 18.767133], [77.0079803, 18.7699774], [77.0077228, 18.7730655], [77.0073366, 18.775544], [77.0070625, 18.7797329], [77.0070362, 18.7801353], [77.0055341, 18.7866767], [77.0054867, 18.7869246], [77.0016717, 18.7977681], [76.9996976, 18.8021963], [76.9968652, 18.8093462], [76.9943332, 18.8182425], [76.991887, 18.8222233], [76.9909, 18.8262853], [76.990782, 18.828956], [76.9853597, 18.8300565], [76.9804796, 18.8310488], [76.9789551, 18.8315704], [76.977243, 18.8314261], [76.9758827, 18.8310266], [76.9734318, 18.8302829], [76.9709457, 18.8298057], [76.9688348, 18.829617], [76.9655044, 18.8299167], [76.962385, 18.8305382], [76.9590077, 18.8317813], [76.9559822, 18.833202], [76.9530505, 18.8342675], [76.9480314, 18.8342231], [76.9450996, 18.8338014], [76.941394, 18.8332242], [76.9388375, 18.833202], [76.9353663, 18.8341787], [76.9334197, 18.8356216], [76.9287758, 18.8357326], [76.9220446, 18.8359101], [76.9185266, 18.8365095], [76.9164861, 18.8373752], [76.9123817, 18.8374862], [76.9085587, 18.8386626], [76.9066121, 18.8388846], [76.9023435, 18.8383297], [76.8971133, 18.8381299], [76.8941347, 18.8376416], [76.8902648, 18.8365539], [76.8877945, 18.8367038], [76.886606, 18.8367759], [76.883815, 18.8364429], [76.8822671, 18.835666], [76.880813, 18.8344451], [76.8789601, 18.8340233], [76.8776936, 18.8338901], [76.8726511, 18.8330466], [76.8704699, 18.8331132], [76.8693675, 18.8322919], [76.8679134, 18.8298279], [76.866084, 18.8262761], [76.8640201, 18.8234346], [76.8632461, 18.8227686], [76.8624487, 18.8230794], [76.861018, 18.823479], [76.8597515, 18.8226354], [76.8590948, 18.821592], [76.8582974, 18.8206818], [76.8553188, 18.8198826], [76.8533956, 18.8198826], [76.8525043, 18.8185062], [76.8524809, 18.8162418], [76.8529265, 18.8134002], [76.8528561, 18.8124233], [76.8522932, 18.8111135], [76.8513785, 18.810514], [76.8495022, 18.8101144], [76.8476963, 18.809626], [76.84582, 18.809293], [76.8445535, 18.8099146], [76.8424192, 18.8115797], [76.8406133, 18.8127563], [76.8390888, 18.813267], [76.8365089, 18.8134446], [76.8340697, 18.8134446], [76.8307862, 18.8129783], [76.8285111, 18.8128007], [76.8269163, 18.8128895], [76.8248289, 18.8114243], [76.8237969, 18.8097592], [76.8228823, 18.8090266], [76.8203962, 18.8087824], [76.818684, 18.8083605], [76.814908, 18.8056519], [76.8130317, 18.8042532], [76.8124453, 18.8028767], [76.8119997, 18.8018776], [76.8104518, 18.8012781], [76.8090915, 18.8011005], [76.8077546, 18.8012115], [76.8059018, 18.8018998], [76.8036502, 18.8026991], [76.8005308, 18.8018554], [76.7984904, 18.8015446], [76.7968721, 18.801367], [76.7950661, 18.8011227], [76.7935885, 18.8005455], [76.791853, 18.7997906], [76.7893434, 18.7996352], [76.7846527, 18.7975481], [76.7820493, 18.7969264], [76.7800323, 18.7961049], [76.7790472, 18.7956609], [76.7786485, 18.7945063], [76.7786954, 18.7918197], [76.7784609, 18.7903765], [76.7790238, 18.7891553], [76.7795163, 18.7881783], [76.7798681, 18.786846], [76.7796101, 18.7829825], [76.7790003, 18.7802513], [76.7787189, 18.7768761], [76.7768191, 18.776543], [76.7736294, 18.7766762], [76.7705101, 18.7762765], [76.7689387, 18.7755881], [76.7664057, 18.7753661], [76.7637554, 18.7754327], [76.760941, 18.7751884], [76.7585956, 18.7754105], [76.7569069, 18.7753439], [76.7558515, 18.775033], [76.7539283, 18.7740781], [76.7524507, 18.7738783], [76.7491203, 18.7740115], [76.7461886, 18.7748331], [76.7442419, 18.7759212], [76.7425298, 18.7763431], [76.7414744, 18.775677], [76.7406769, 18.7731899], [76.7400671, 18.7711247], [76.7387772, 18.7665502], [76.7376983, 18.7639964], [76.7371589, 18.7621088], [76.7366194, 18.7605542], [76.7357516, 18.7598658], [76.7339926, 18.7598436], [76.7328199, 18.7595105], [76.7327027, 18.7584223], [76.7325385, 18.7557795], [76.7321163, 18.7541361], [76.7309671, 18.7536253], [76.7303104, 18.7527814], [76.7302635, 18.7517376], [76.729982, 18.7509158], [76.7286921, 18.7506271], [76.7231445, 18.7504244], [76.7228508, 18.7481154]]]}, "properties": {"level": "taluka", "name": "Ahmadpur", "parent_level": "district", "parent_name": "Latur"}}, {"type": "Feature", "geometry": {"type": "Polygon", "coordinates": [[[76.2758128, 18.1401342], [76.276271, 18.139209], [76.2771014, 18.1381206], [76.2779317, 18.1368417], [76.2791344, 18.1346648], [76.2801365, 18.1326783], [76.2809956, 18.1312905], [76.2819691, 18.1296306], [76.2821982, 18.128787], [76.282914, 18.1277257], [76.2842312, 18.1266372], [76.2825418, 18.1235077], [76.2820264, 18.1209224], [76.280881, 18.1175479], [76.2802797, 18.1148537], [76.2799647, 18.1133569], [76.2794207, 18.1118056], [76.2793921, 18.1089208], [76.2834294, 18.1084037], [76.2860351, 18.1081316], [76.288784, 18.1073967], [76.2911606, 18.1069341], [76.2931077, 18.1066619], [76.2954843, 18.1062265], [76.2972882, 18.1060632], [76.2984049, 18.1055461], [76.2982904, 18.1044846], [76.2979754, 18.1033415], [76.2971164, 18.1019807], [76.2964292, 18.1008376], [76.2959138, 18.0996129], [76.2970019, 18.0987147], [76.2986053, 18.098252], [76.3037881, 18.0969184], [76.3052197, 18.0954758], [76.3070523, 18.0945504], [76.3094862, 18.0941966], [76.3135522, 18.0940061], [76.316072, 18.09387], [76.3188208, 18.0938428], [76.3262369, 18.0942239], [76.3277831, 18.094115], [76.3281268, 18.0892157], [76.3304175, 18.0785457], [76.3307038, 18.075497], [76.3313337, 18.0742993], [76.3340253, 18.0751704], [76.335457, 18.0763137], [76.3377477, 18.077348], [76.3407256, 18.0774025], [76.343589, 18.0772392], [76.3457079, 18.077348], [76.3480559, 18.0781102], [76.3502893, 18.0785457], [76.3536108, 18.0800156], [76.362201, 18.0853506], [76.3680995, 18.087637], [76.3715356, 18.088998], [76.375487, 18.0887802], [76.3788086, 18.0871471], [76.3807557, 18.0848063], [76.3816719, 18.0819754], [76.3824737, 18.0793623], [76.3843635, 18.077348], [76.3858525, 18.0764225], [76.3893458, 18.0752793], [76.3904339, 18.0723939], [76.3923237, 18.0691273], [76.395588, 18.0670584], [76.3974205, 18.0662418], [76.3971342, 18.0636829], [76.3962752, 18.0611239], [76.395817, 18.0588372], [76.3970197, 18.0543725], [76.3990813, 18.0519768], [76.4006848, 18.0503433], [76.403949, 18.0460418], [76.4081296, 18.0438638], [76.411852, 18.0431559], [76.4162616, 18.0419035], [76.4181514, 18.0399432], [76.4192395, 18.0371662], [76.4203848, 18.0353147], [76.4216447, 18.034389], [76.4246226, 18.0334633], [76.4277151, 18.0326465], [76.4321247, 18.0322653], [76.437336, 18.0314485], [76.449305, 18.0310673], [76.4531992, 18.0286712], [76.4565779, 18.0270376], [76.4597277, 18.0267108], [76.4613312, 18.0280178], [76.4633928, 18.0299782], [76.4671725, 18.0291613], [76.4703222, 18.0284534], [76.4732428, 18.0276366], [76.4753044, 18.0260029], [76.4780533, 18.025186], [76.482062, 18.0260573], [76.4841809, 18.0249682], [76.4876742, 18.0235523], [76.4914539, 18.02328], [76.4940882, 18.0234434], [76.4950618, 18.0261663], [76.4956344, 18.0306316], [76.4955199, 18.0353692], [76.4962644, 18.0398343], [76.497467, 18.045824], [76.499185, 18.0476753], [76.5035374, 18.0462052], [76.507947, 18.0457695], [76.5108676, 18.0444627], [76.5125856, 18.043646], [76.5124711, 18.0414679], [76.5115548, 18.0385275], [76.5093787, 18.0338989], [76.5089778, 18.0311217], [76.5087487, 18.0280178], [76.508806, 18.0251316], [76.508806, 18.0230622], [76.5110967, 18.022082], [76.5132156, 18.0227355], [76.515449, 18.0236068], [76.5182551, 18.0243147], [76.5199732, 18.0242603], [76.5207749, 18.0225176], [76.5220348, 18.0210473], [76.5261008, 18.0207205], [76.5302813, 18.0211562], [76.5307395, 18.0272009], [76.5303959, 18.0319386], [76.5310831, 18.0341712], [76.5354927, 18.0348246], [76.5444264, 18.0338989], [76.5477479, 18.0328098], [76.5490078, 18.0306316], [76.5492369, 18.0274188], [76.5501532, 18.025186], [76.5523866, 18.0248593], [76.5553645, 18.0260029], [76.5577125, 18.0268742], [76.5597169, 18.0277999], [76.5624657, 18.030795], [76.5632675, 18.0353147], [76.5646419, 18.0372206], [76.5672762, 18.0383097], [76.570025, 18.0374929], [76.5730029, 18.0362949], [76.5768399, 18.0364038], [76.5797033, 18.0377107], [76.5865754, 18.0384186], [76.5893815, 18.0372206], [76.590985, 18.0353692], [76.5931039, 18.033191], [76.5952228, 18.0319386], [76.5973989, 18.0304683], [76.6014649, 18.031394], [76.6047865, 18.0330821], [76.607731, 18.0355312], [76.6090071, 18.0386362], [76.6149615, 18.0425638], [76.6182231, 18.0438696], [76.621828, 18.0530912], [76.6238879, 18.0574163], [76.628437, 18.066474], [76.6345309, 18.0649236], [76.6482638, 18.0641076], [76.6541862, 18.06729], [76.6564178, 18.071941], [76.6570186, 18.0773263], [76.6550445, 18.0823851], [76.6510104, 18.0883412], [76.6459464, 18.0954392], [76.6456889, 18.0977236], [76.6496371, 18.1004975], [76.6632842, 18.1022923], [76.6843127, 18.0962551], [76.6979598, 18.0869541], [76.7248248, 18.090544], [76.7225932, 18.1042503], [76.7225932, 18.1056371], [76.7216491, 18.1107767], [76.7184636, 18.1114891], [76.7172717, 18.1117556], [76.7078303, 18.1107767], [76.7010497, 18.111103], [76.7041396, 18.1143661], [76.7133235, 18.1214631], [76.7229365, 18.1274179], [76.7245673, 18.1344328], [76.724224, 18.1417737], [76.7237949, 18.1481356], [76.7180442, 18.1499299], [76.7065429, 18.1517242], [76.6980456, 18.1514795], [76.6898917, 18.1506639], [76.6860293, 18.1539263], [76.6850852, 18.1611033], [76.6848277, 18.1713789], [76.6864585, 18.1792075], [76.6882609, 18.1871989], [76.6885184, 18.1958422], [76.6865443, 18.1987776], [76.6774463, 18.2004083], [76.671524, 18.1962499], [76.664915, 18.1876066], [76.6600226, 18.1810831], [76.6541862, 18.1775766], [76.6462039, 18.1760272], [76.6374492, 18.1774951], [76.6283511, 18.180023], [76.6180514, 18.1849973], [76.6173648, 18.1895636], [76.6194247, 18.1956792], [76.6214847, 18.2033436], [76.6245746, 18.209051], [76.6389941, 18.2096217], [76.6544437, 18.2135352], [76.663885, 18.2186716], [76.6695499, 18.22446], [76.6719532, 18.2346095], [76.6731548, 18.2391746], [76.6766309, 18.2463073], [76.6788625, 18.2485082], [76.6798496, 18.2515242], [76.6795063, 18.2542956], [76.6779613, 18.2586157], [76.6740131, 18.2602866], [76.6586923, 18.2570262], [76.6414833, 18.2560889], [76.6292095, 18.256904], [76.6272354, 18.2586564], [76.6254758, 18.2610202], [76.6254329, 18.2624873], [76.6254758, 18.264199], [76.6272783, 18.2659106], [76.6294241, 18.2672147], [76.6310548, 18.268478], [76.6326427, 18.2701896], [76.6338014, 18.2720642], [76.6344451, 18.2757725], [76.6298103, 18.2807033], [76.6298961, 18.2843707], [76.6303682, 18.2858376], [76.6313552, 18.2885678], [76.6326856, 18.2912978], [76.6342306, 18.2936204], [76.6362047, 18.2955762], [76.6411829, 18.2952095], [76.6460752, 18.2943538], [76.651268, 18.2944761], [76.6533279, 18.2950465], [76.6555166, 18.2962281], [76.6571903, 18.2972875], [76.6619968, 18.2974098], [76.6657304, 18.2963911], [76.6751718, 18.295291], [76.680665, 18.2943538], [76.6834116, 18.2911756], [76.6832828, 18.2871416], [76.6826391, 18.2834742], [76.6837978, 18.282211], [76.6886472, 18.2808255], [76.6966295, 18.283352], [76.7020797, 18.2881603], [76.7084742, 18.2904926], [76.7082937, 18.292705], [76.7073186, 18.2951705], [76.7065429, 18.2970838], [76.705513, 18.2987544], [76.7036247, 18.3024214], [76.704998, 18.3052327], [76.7063283, 18.3069847], [76.7072296, 18.3111405], [76.7062425, 18.3128516], [76.7037963, 18.3135035], [76.7012214, 18.3148072], [76.6992902, 18.3151332], [76.6980457, 18.3170887], [76.6964149, 18.321448], [76.6940116, 18.3264589], [76.6925525, 18.3286995], [76.6904497, 18.329555], [76.6889476, 18.3302068], [76.6883468, 18.3329362], [76.6880893, 18.3363988], [76.6864585, 18.3383949], [76.6858148, 18.3405539], [76.6868019, 18.3433239], [76.688261, 18.34422], [76.6898059, 18.346216], [76.6884327, 18.3483342], [76.6874885, 18.3494747], [76.6887331, 18.3534665], [76.6890335, 18.3572953], [76.6875743, 18.3575397], [76.6861581, 18.3565622], [76.6844415, 18.3549736], [76.6803646, 18.3521224], [76.6783475, 18.3517965], [76.6758585, 18.3519187], [76.6737556, 18.3527741], [76.6721248, 18.3542812], [76.6706228, 18.3544034], [76.6695928, 18.3535887], [76.6658163, 18.3521224], [76.6623401, 18.3523668], [76.6594648, 18.3533851], [76.6574049, 18.3543219], [76.6555166, 18.3545663], [76.6531992, 18.3539961], [76.6509246, 18.3531814], [76.6486072, 18.3533443], [76.6472339, 18.3536295], [76.6453886, 18.354607], [76.6437149, 18.3537109], [76.6425991, 18.3527333], [76.6414403, 18.3510226], [76.6407966, 18.3504523], [76.6363334, 18.3526926], [76.6335868, 18.3548922], [76.6313123, 18.3544848], [76.6287374, 18.3539146], [76.62642, 18.3537924], [76.6234588, 18.3528555], [76.6219139, 18.3522446], [76.6193389, 18.3512262], [76.6177511, 18.3502079], [76.6163778, 18.3487415], [76.6109275, 18.346216], [76.6065073, 18.3465012], [76.604104, 18.3458902], [76.6024732, 18.3438534], [76.6020441, 18.3419796], [76.601572, 18.3395355], [76.6002845, 18.3381505], [76.5994262, 18.3378246], [76.5974092, 18.3369692], [76.5942335, 18.3355841], [76.5917444, 18.3348101], [76.5853929, 18.3326918], [76.5814018, 18.3314697], [76.5784406, 18.3299216], [76.5703725, 18.328007], [76.5659093, 18.3274774], [76.5614032, 18.3263774], [76.5586566, 18.3252367], [76.5563392, 18.3240553], [76.5544509, 18.323322], [76.5509748, 18.3235664], [76.5474987, 18.3247071], [76.5450525, 18.3254812], [76.5425634, 18.3262145], [76.5409755, 18.3267848], [76.5399885, 18.3268663], [76.5355253, 18.3249515], [76.5325641, 18.3239738], [76.5312767, 18.3233627], [76.52956, 18.3218146], [76.5290021, 18.3204702], [76.5286588, 18.3188813], [76.5279722, 18.3183517], [76.5265989, 18.3180258], [76.5243673, 18.3176184], [76.5215778, 18.316885], [76.5191745, 18.315785], [76.5173721, 18.3155406], [76.5162992, 18.3157443], [76.5137672, 18.3166813], [76.5060854, 18.3156221], [76.5026092, 18.3158665], [76.4998197, 18.3150924], [76.4970302, 18.3137072], [76.4946699, 18.3135442], [76.4907217, 18.3139109], [76.4852285, 18.3137072], [76.4790058, 18.3117109], [76.4780187, 18.3107738], [76.4768171, 18.3091441], [76.4750576, 18.3084922], [76.4720106, 18.3084107], [76.4685344, 18.3086552], [76.4668607, 18.3091848], [76.4652299, 18.3097552], [76.4638137, 18.3100404], [76.4623546, 18.3101219], [76.4597368, 18.309307], [76.4574194, 18.3088181], [76.4544153, 18.3086959], [76.44948, 18.3098367], [76.4430427, 18.3101626], [76.4401674, 18.3102034], [76.4375495, 18.3103664], [76.432271, 18.3111812], [76.4292669, 18.311996], [76.4266491, 18.3132183], [76.4238596, 18.3139924], [76.4222288, 18.3141146], [76.420083, 18.3138294], [76.4179802, 18.3139517], [76.4149761, 18.3148887], [76.4131307, 18.3156628], [76.4114999, 18.3151332], [76.4050197, 18.3139517], [76.4030027, 18.3127294], [76.4012432, 18.3126479], [76.3989257, 18.3127701], [76.3963937, 18.3141146], [76.3944196, 18.3150517], [76.3913726, 18.3163147], [76.3893127, 18.3167628], [76.3873386, 18.3163961], [76.3866949, 18.3164369], [76.3821029, 18.3190443], [76.3796138, 18.3206739], [76.3782835, 18.3218146], [76.3760948, 18.3249515], [76.372962, 18.3281699], [76.3713741, 18.3302068], [76.3694, 18.3304105], [76.3677692, 18.3303698], [76.3656234, 18.328781], [76.3634777, 18.3264589], [76.3624048, 18.3227924], [76.360774, 18.3214887], [76.3593149, 18.3209591], [76.3564825, 18.3214072], [76.3530492, 18.3220591], [76.347084, 18.3235257], [76.3424491, 18.3243405], [76.3388872, 18.3251145], [76.334939, 18.32597], [76.332407, 18.3261737], [76.3312053, 18.3271922], [76.3301324, 18.3294328], [76.3273429, 18.3315919], [76.3196611, 18.3305327], [76.3168737, 18.3298794], [76.3170169, 18.3251227], [76.3159288, 18.3128089], [76.3152129, 18.3031857], [76.3142108, 18.2966067], [76.3146403, 18.2853241], [76.3145257, 18.2815721], [76.3108606, 18.2806205], [76.309973, 18.2791251], [76.3093144, 18.277956], [76.3080259, 18.2735513], [76.3070523, 18.2719199], [76.3070809, 18.2705604], [76.3075391, 18.2695544], [76.3072241, 18.2685211], [76.306451, 18.2674063], [76.305907, 18.2658564], [76.304418, 18.2622672], [76.3010679, 18.2616961], [76.2989203, 18.2615874], [76.2976032, 18.2609076], [76.2970019, 18.2604725], [76.2951979, 18.2603909], [76.2937376, 18.2597111], [76.291905, 18.2579437], [76.2897002, 18.2551428], [76.2883258, 18.2534569], [76.2874382, 18.2521516], [76.2864073, 18.2510911], [76.2842598, 18.2500033], [76.283544, 18.2493507], [76.2836585, 18.2449453], [76.2838303, 18.2420355], [76.285577, 18.2371675], [76.2859206, 18.2356174], [76.2862069, 18.2340672], [76.2862928, 18.2325714], [76.2864932, 18.2318915], [76.2899866, 18.2316196], [76.2923059, 18.2315652], [76.294883, 18.2315108], [76.2972596, 18.2315108], [76.2990635, 18.2315108], [76.3009819, 18.2312388], [76.3014401, 18.2294167], [76.3011538, 18.2228893], [76.3002661, 18.2197344], [76.2995789, 18.2176673], [76.2985481, 18.2127443], [76.2975745, 18.2123635], [76.2960569, 18.2117651], [76.2953411, 18.2106227], [76.2952266, 18.2087731], [76.2939094, 18.2007762], [76.2919623, 18.1951998], [76.2911606, 18.1935677], [76.2893853, 18.1924252], [76.2878963, 18.1912011], [76.2862928, 18.1896233], [76.2845748, 18.1876919], [76.2832004, 18.183965], [76.28174, 18.1825776], [76.2809097, 18.1815983], [76.2805947, 18.1803469], [76.2810815, 18.1719133], [76.2809383, 18.1669618], [76.2817973, 18.1646493], [76.2820836, 18.1624183], [76.2819405, 18.1597247], [76.2818546, 18.1561605], [76.2820836, 18.1523785], [76.2813964, 18.1497665], [76.280652, 18.1483244], [76.2797929, 18.1469639], [76.2783899, 18.1458211], [76.2770727, 18.1442157], [76.2759274, 18.141141], [76.2758128, 18.1401342]]]}, "properties": {"level": "taluka", "name": "Ausa", "parent_level": "district", "parent_name": "Latur"}}, {"type": "Feature", "geometry": {"type": "Polygon", "coordinates": [[[76.6920805, 18.4966626], [76.6937112, 18.4949532], [76.6956853, 18.4936102], [76.6981744, 18.492145], [76.6995048, 18.4912089], [76.7005777, 18.4906391], [76.7016935, 18.4901914], [76.7045688, 18.4894181], [76.7046976, 18.4839235], [76.703968, 18.4797719], [76.7038822, 18.4781438], [76.7028951, 18.476475], [76.7027235, 18.4752946], [76.7048263, 18.4743177], [76.7050409, 18.4735443], [76.7056417, 18.4702473], [76.7079162, 18.4676421], [76.7149114, 18.4616991], [76.7177438, 18.4586867], [76.7177009, 18.4564071], [76.7170143, 18.4543717], [76.7149114, 18.4492831], [76.7119073, 18.4446421], [76.7083454, 18.4371104], [76.7063283, 18.427787], [76.7040538, 18.4202139], [76.7006635, 18.4119075], [76.6994619, 18.4071027], [76.6986036, 18.402542], [76.6971445, 18.3956193], [76.6965437, 18.3921986], [76.6970586, 18.3903254], [76.7007923, 18.3896331], [76.7034959, 18.3889407], [76.7069292, 18.387434], [76.7089033, 18.3862122], [76.7106628, 18.384176], [76.7118644, 18.3823026], [76.7124223, 18.3806329], [76.7129373, 18.3797369], [76.7147827, 18.3792074], [76.7168426, 18.3785966], [76.7185163, 18.3783929], [76.7244815, 18.3779042], [76.734867, 18.3761937], [76.7366695, 18.3775784], [76.7393302, 18.3823027], [76.741476, 18.3860494], [76.7431926, 18.3897145], [76.7453384, 18.3922394], [76.7472266, 18.3959859], [76.7491149, 18.3982663], [76.7519473, 18.3998137], [76.7547797, 18.3989993], [76.7590713, 18.3985921], [76.7653369, 18.3981034], [76.7743491, 18.3976148], [76.7746066, 18.3917507], [76.7824172, 18.3909362], [76.7869662, 18.3921579], [76.7903995, 18.3919136], [76.7964934, 18.3917507], [76.8086814, 18.3913435], [76.8225001, 18.3898774], [76.8242168, 18.3915064], [76.8258475, 18.3946828], [76.8283366, 18.3985921], [76.8293666, 18.4021756], [76.8301391, 18.4040487], [76.8344306, 18.4051889], [76.8388938, 18.4112968], [76.8402671, 18.413007], [76.8412112, 18.41545], [76.8416404, 18.4181374], [76.8408679, 18.4241634], [76.842842, 18.4255477], [76.8462752, 18.4257106], [76.8488502, 18.4260363], [76.8523692, 18.4262806], [76.855545, 18.4250591], [76.8569182, 18.4243263], [76.8589782, 18.4222905], [76.8583774, 18.4200918], [76.8567466, 18.417323], [76.8567466, 18.4156129], [76.8581199, 18.4150429], [76.8608665, 18.4150429], [76.8634414, 18.4153686], [76.8693637, 18.4171602], [76.8704795, 18.4107267], [76.8718528, 18.4099938], [76.8738269, 18.4095866], [76.8776893, 18.4071434], [76.8801784, 18.4016869], [76.8823241, 18.4012797], [76.8855857, 18.401524], [76.887989, 18.4023384], [76.8905639, 18.4027457], [76.8933963, 18.4028271], [76.8985461, 18.40299], [76.9014644, 18.4039673], [76.9048118, 18.4074692], [76.9063567, 18.4089351], [76.9079875, 18.4106453], [76.9105624, 18.4124369], [76.913824, 18.4143099], [76.9169139, 18.4157758], [76.9212054, 18.4170787], [76.9242953, 18.4182188], [76.9273852, 18.4203361], [76.9291019, 18.4207228], [76.9299388, 18.4215982], [76.9300675, 18.4221683], [76.9304967, 18.4235119], [76.9318914, 18.4241633], [76.9341659, 18.4241023], [76.9357323, 18.423573], [76.9371915, 18.422779], [76.9386935, 18.4224533], [76.9449806, 18.4224736], [76.9462895, 18.4214557], [76.9478559, 18.4206618], [76.9486069, 18.4207636], [76.9492721, 18.4215372], [76.9500232, 18.4228401], [76.9506883, 18.4237765], [76.9511819, 18.4248352], [76.9543361, 18.4312885], [76.9557523, 18.4352377], [76.9571256, 18.4382911], [76.9586277, 18.4403674], [76.9607734, 18.4421994], [76.9636917, 18.4458227], [76.9648075, 18.4478175], [76.9652366, 18.4492424], [76.9647216, 18.4512371], [76.9648075, 18.4540867], [76.9652366, 18.4560407], [76.9655799, 18.457954], [76.9663095, 18.4643043], [76.9708585, 18.4640193], [76.9738197, 18.463368], [76.9764804, 18.4625539], [76.9784975, 18.4611699], [76.9803428, 18.4607221], [76.9902134, 18.4611292], [76.9929599, 18.4607628], [76.9955349, 18.459908], [76.9976806, 18.4594195], [76.9980239, 18.4578726], [76.9978094, 18.4560814], [76.9987106, 18.4556744], [76.9999122, 18.4560814], [77.0031309, 18.4565699], [77.0034742, 18.4547381], [77.0042467, 18.4529062], [77.00459, 18.4503822], [77.0048475, 18.4490795], [77.0061779, 18.4504229], [77.0075941, 18.4524991], [77.0090103, 18.4535168], [77.0091819, 18.4556744], [77.0085811, 18.4577098], [77.0092678, 18.4602336], [77.0094394, 18.4623504], [77.0099115, 18.4663396], [77.0084524, 18.4688633], [77.0080661, 18.4713056], [77.0081949, 18.4730152], [77.0085382, 18.4788357], [77.0108985, 18.4811558], [77.0132589, 18.4829467], [77.0148897, 18.4838014], [77.0163917, 18.4843712], [77.016735, 18.4854702], [77.0174646, 18.487261], [77.0179796, 18.4888076], [77.0167779, 18.4918601], [77.0175075, 18.4960114], [77.0163059, 18.5143248], [77.0126581, 18.515098], [77.0101261, 18.5154642], [77.0069933, 18.5164816], [77.0042038, 18.51815], [77.0005989, 18.518679], [76.9984102, 18.519208], [76.996479, 18.5199812], [76.9940757, 18.5207951], [76.9925737, 18.5215275], [76.9906425, 18.5239284], [76.9892263, 18.5274685], [76.9892692, 18.5332466], [76.99193, 18.5338162], [76.9952344, 18.5326362], [76.997981, 18.5326362], [77.0009851, 18.5321886], [77.0034742, 18.5311307], [77.0090961, 18.5296658], [77.010684, 18.5281196], [77.0121431, 18.526614], [77.0129585, 18.5258816], [77.0146751, 18.5258409], [77.0154905, 18.5261664], [77.0160484, 18.5272651], [77.0155334, 18.5284044], [77.0150613, 18.530439], [77.0151043, 18.5362576], [77.0142459, 18.5379258], [77.012186, 18.5391872], [77.0099973, 18.5391058], [77.0078086, 18.5404892], [77.0060062, 18.5404078], [77.00459, 18.539472], [77.0042038, 18.5379665], [77.0032167, 18.5366238], [77.0011997, 18.5359728], [76.9992256, 18.5360541], [76.9984531, 18.5366645], [76.9981098, 18.5397161], [76.9982814, 18.5415878], [76.9983244, 18.5428084], [76.9925308, 18.5431746], [76.9913292, 18.5452089], [76.9881534, 18.5456565], [76.983776, 18.5456158], [76.9806432, 18.5454124], [76.9770813, 18.5458192], [76.9757509, 18.5459006], [76.9753217, 18.5494403], [76.9742488, 18.551678], [76.9738626, 18.5544853], [76.9742769, 18.5602741], [76.974191, 18.5660829], [76.974191, 18.5675487], [76.9741624, 18.5691773], [76.9749928, 18.5707244], [76.9751646, 18.5720816], [76.9746778, 18.5730315], [76.9731889, 18.5738187], [76.9711272, 18.5744972], [76.9682066, 18.5746601], [76.9642265, 18.5744972], [76.9608477, 18.5743615], [76.9566958, 18.5758815], [76.9561231, 18.5741987], [76.9557509, 18.572353], [76.9554073, 18.5713487], [76.9542047, 18.5706158], [76.9529161, 18.570263], [76.9507113, 18.5697473], [76.946044, 18.5692587], [76.9403173, 18.5663001], [76.9391719, 18.5658115], [76.9368239, 18.5646172], [76.9349055, 18.5632057], [76.9331015, 18.5621742], [76.9296082, 18.5604912], [76.9276039, 18.5607084], [76.9273462, 18.561957], [76.926888, 18.5639114], [76.925485, 18.5668429], [76.9243682, 18.5690687], [76.9237383, 18.5705073], [76.9238815, 18.5714301], [76.9242537, 18.5727873], [76.9252845, 18.5753658], [76.9268594, 18.5778628], [76.9280906, 18.5795999], [76.9289496, 18.5807941], [76.9296941, 18.5822326], [76.9302954, 18.5834811], [76.9312117, 18.584621], [76.9325002, 18.5862766], [76.9335311, 18.5885563], [76.9301809, 18.5905647], [76.9270885, 18.5929258], [76.9239387, 18.5946356], [76.9217053, 18.5959654], [76.918441, 18.5968881], [76.9172384, 18.5977566], [76.91532, 18.5984893], [76.9136306, 18.5990592], [76.9111681, 18.5991135], [76.9108817, 18.5973495], [76.9105668, 18.5952055], [76.9094787, 18.5939028], [76.9065867, 18.5925459], [76.9060712, 18.5919217], [76.9058135, 18.590049], [76.9054127, 18.5889634], [76.9033797, 18.5877693], [76.8991419, 18.5869279], [76.8965648, 18.5864394], [76.8937301, 18.5861137], [76.8890341, 18.5866565], [76.8851972, 18.5861409], [76.8838228, 18.5870365], [76.8827633, 18.5885021], [76.8820189, 18.5906461], [76.8802722, 18.5939028], [76.8801863, 18.5956669], [76.8795564, 18.5971052], [76.8782106, 18.5983536], [76.8773229, 18.5997919], [76.8766071, 18.6019359], [76.8750322, 18.6051652], [76.873801, 18.6056808], [76.8716534, 18.6056537], [76.8669575, 18.6055723], [76.8638078, 18.6065492], [76.8584533, 18.6070648], [76.8561912, 18.6061964], [76.8541009, 18.6058708], [76.8515239, 18.6059522], [76.8503213, 18.6069563], [76.8503213, 18.608286], [76.8498917, 18.6096157], [76.8486605, 18.6121665], [76.8478874, 18.6136862], [76.8474579, 18.6153686], [76.8464557, 18.6171053], [76.8433919, 18.6182178], [76.8396981, 18.6185163], [76.8370638, 18.6187605], [76.8358039, 18.619656], [76.8347731, 18.6192218], [76.8325969, 18.6187062], [76.8308503, 18.6194118], [76.8303349, 18.6209042], [76.830249, 18.6228307], [76.8298481, 18.6241875], [76.8281873, 18.6260869], [76.8235487, 18.6287188], [76.8217161, 18.6294243], [76.8201699, 18.6295871], [76.8181082, 18.6301027], [76.817736, 18.6314865], [76.8175642, 18.632816], [76.8173065, 18.6346339], [76.817192, 18.63732], [76.8166479, 18.6397619], [76.8158175, 18.6420138], [76.814214, 18.6469517], [76.8132405, 18.6496647], [76.8122956, 18.6525405], [76.8113507, 18.6612218], [76.8122956, 18.667624], [76.8098044, 18.6689261], [76.8080864, 18.6693059], [76.805853, 18.6701197], [76.8031041, 18.6717744], [76.8007562, 18.6731037], [76.7976637, 18.6735648], [76.7955448, 18.6735648], [76.7931109, 18.6734563], [76.7909061, 18.6728053], [76.7892167, 18.6710692], [76.7823733, 18.6712319], [76.7816574, 18.6674884], [76.7835759, 18.6655352], [76.7838909, 18.664016], [76.7836332, 18.662307], [76.7836904, 18.6605436], [76.7840627, 18.6597569], [76.7847785, 18.6591058], [76.7830605, 18.6579664], [76.7816574, 18.6573967], [76.7791376, 18.6567184], [76.7771905, 18.6564743], [76.7755871, 18.6557418], [76.7732677, 18.6513468], [76.7726378, 18.6496647], [76.7717215, 18.6471958], [76.7705189, 18.6446998], [76.7689154, 18.6412541], [76.7674551, 18.6407929], [76.7659947, 18.640603], [76.7639045, 18.6390022], [76.7631141, 18.6361709], [76.7635491, 18.633398], [76.7633119, 18.6290514], [76.76347, 18.6267656], [76.7616115, 18.6254915], [76.7566685, 18.6253041], [76.7539795, 18.6253041], [76.7508951, 18.6250793], [76.7499065, 18.6246296], [76.7446077, 18.6226061], [76.7398229, 18.6227934], [76.7373712, 18.6218941], [76.7351963, 18.6214069], [76.7328237, 18.6214069], [76.7310837, 18.6211446], [76.7246776, 18.6167601], [76.7207233, 18.6155984], [76.7185484, 18.6140994], [76.7167689, 18.6121507], [76.7156617, 18.6106517], [76.714594, 18.6090777], [76.7144754, 18.6067166], [76.7125377, 18.595848], [76.7110746, 18.5924749], [76.7103628, 18.5891016], [76.7090579, 18.5882021], [76.7070412, 18.5885394], [76.7049453, 18.5890267], [76.7038381, 18.5885019], [76.7036404, 18.5872651], [76.7038777, 18.5856159], [76.7027704, 18.5817928], [76.7026123, 18.5786067], [76.7017818, 18.5766201], [76.7009119, 18.5740712], [76.7017818, 18.5725344], [76.7046685, 18.5722345], [76.7070412, 18.5718597], [76.7094929, 18.5715223], [76.7142777, 18.5707726], [76.7155431, 18.5703978], [76.7173621, 18.5699854], [76.7197742, 18.5678863], [76.7192206, 18.566087], [76.7185088, 18.5642876], [76.7172434, 18.5625258], [76.7174807, 18.5599767], [76.7171643, 18.5583272], [76.717283, 18.5557781], [76.7171248, 18.5516168], [76.7164921, 18.5497799], [76.7160967, 18.5481678], [76.7143963, 18.5484677], [76.713645, 18.5491426], [76.7114701, 18.5493675], [76.7091765, 18.5487677], [76.7066062, 18.5482428], [76.7053012, 18.5482428], [76.7031263, 18.5479054], [76.7018214, 18.5468557], [76.7009514, 18.5449062], [76.6994092, 18.5427692], [76.6985393, 18.5357958], [76.6980252, 18.5225605], [76.6978275, 18.5207232], [76.6971948, 18.517311], [76.6965225, 18.5090991], [76.6953758, 18.5072992], [76.6941104, 18.5033618], [76.693794, 18.5012618], [76.6925096, 18.4978021], [76.6920805, 18.4966626]]]}, "properties": {"level": "taluka", "name": "Chakur", "parent_level": "district", "parent_name": "Latur"}}, {"type": "Feature", "geometry": {"type": "Polygon", "coordinates": [[[76.8693637, 18.2443917], [76.8719172, 18.2444325], [76.8738484, 18.2444936], [76.8787408, 18.2445751], [76.8818092, 18.2445344], [76.8837619, 18.2437803], [76.8860578, 18.2432505], [76.8871307, 18.2424557], [76.887474, 18.2410903], [76.887753, 18.240214], [76.8884182, 18.2396637], [76.8889761, 18.2393173], [76.8896198, 18.2271095], [76.8912506, 18.2253159], [76.8922805, 18.2243376], [76.8926668, 18.223074], [76.8929243, 18.2214435], [76.8928384, 18.2202206], [76.8922376, 18.2192422], [76.8921518, 18.2176932], [76.8921089, 18.216511], [76.8915081, 18.2160219], [76.8894052, 18.2159811], [76.8883752, 18.2150027], [76.8870019, 18.2132906], [76.884942, 18.2114154], [76.8846845, 18.207991], [76.8848562, 18.205382], [76.8863153, 18.2032621], [76.8880319, 18.201876], [76.8896627, 18.2008975], [76.8899631, 18.2000822], [76.8928814, 18.2001637], [76.894598, 18.2013052], [76.8964862, 18.2027321], [76.8982458, 18.2035474], [76.9008207, 18.2041182], [76.9042539, 18.2039959], [76.9063568, 18.2028952], [76.9076013, 18.2019167], [76.9082021, 18.200286], [76.9073867, 18.1988591], [76.9058418, 18.1976768], [76.9051981, 18.196046], [76.9045972, 18.1938445], [76.9043397, 18.1915206], [76.9042968, 18.1879735], [76.9048118, 18.1863835], [76.9054985, 18.1858534], [76.9067859, 18.1852826], [76.9075155, 18.1852826], [76.9095325, 18.1853642], [76.9119787, 18.1853642], [76.9137382, 18.1850788], [76.9168281, 18.1845895], [76.9227075, 18.183611], [76.92348, 18.1830402], [76.9240379, 18.1817354], [76.92451, 18.1798599], [76.9245958, 18.1781066], [76.9242096, 18.1723575], [76.9260549, 18.1682799], [76.9273853, 18.1662819], [76.9309473, 18.1631829], [76.9321972, 18.1618627], [76.9322555, 18.1605037], [76.9319819, 18.1595536], [76.9326559, 18.1596433], [76.9340947, 18.1595968], [76.9370669, 18.1598001], [76.9371546, 18.1597615], [76.9370247, 18.1591493], [76.9377951, 18.1589317], [76.939341, 18.1581871], [76.9406963, 18.1574752], [76.9411105, 18.1571951], [76.9421522, 18.1566451], [76.9422835, 18.1565079], [76.9425111, 18.1566225], [76.9436399, 18.159113], [76.9453743, 18.1638298], [76.9462464, 18.1653437], [76.9476905, 18.1675069], [76.9478712, 18.1676139], [76.94803, 18.1684761], [76.9484229, 18.1693909], [76.9487386, 18.1705509], [76.9489761, 18.1716045], [76.9491582, 18.1727862], [76.949202, 18.1732109], [76.9493117, 18.1739242], [76.9493302, 18.1742943], [76.9495927, 18.1776437], [76.9496931, 18.1793392], [76.949929, 18.1799726], [76.9500747, 18.1802228], [76.9507638, 18.1817752], [76.9509939, 18.1823804], [76.9513122, 18.1834528], [76.9514648, 18.1849784], [76.9514644, 18.1866387], [76.9514562, 18.1871681], [76.9513324, 18.1883085], [76.9521936, 18.1884049], [76.953676, 18.1891368], [76.9539863, 18.1892951], [76.9555146, 18.1896544], [76.9571111, 18.1898085], [76.9595709, 18.1901968], [76.9603586, 18.1902414], [76.9608508, 18.1902556], [76.9611135, 18.1902861], [76.9624098, 18.1903606], [76.9627542, 18.1903125], [76.9665058, 18.190051], [76.9694632, 18.1898841], [76.9728588, 18.1897324], [76.9735968, 18.1896361], [76.9773421, 18.1894532], [76.9777341, 18.190395], [76.9782893, 18.1916773], [76.9784514, 18.1916667], [76.9789065, 18.1926303], [76.9818093, 18.1922605], [76.9844155, 18.1915465], [76.9860058, 18.1912279], [76.987827, 18.1912221], [76.9887839, 18.1911389], [76.9899473, 18.1909481], [76.9905006, 18.1909244], [76.9914136, 18.1907033], [76.9911798, 18.1888251], [76.9905932, 18.1858343], [76.994641, 18.1826969], [76.9950362, 18.1811339], [76.995122, 18.1806755], [76.9952355, 18.1794127], [76.9945136, 18.1781089], [76.9944393, 18.1768842], [76.9946522, 18.1753717], [76.9945066, 18.1751881], [76.9950295, 18.1735132], [76.9954071, 18.1718753], [76.995736, 18.170803], [76.9960129, 18.1697401], [76.996477, 18.1680427], [76.9971558, 18.166395], [76.9981297, 18.1653473], [76.9981409, 18.1649806], [76.9989754, 18.1644521], [76.999383, 18.1646867], [76.9994966, 18.1641155], [77.0026195, 18.1625488], [77.0019889, 18.1613989], [77.004664, 18.1609164], [77.0077634, 18.1600623], [77.0095526, 18.1599039], [77.0113607, 18.1598709], [77.011523, 18.1598704], [77.0127692, 18.159869], [77.0144459, 18.1597636], [77.0162553, 18.1597769], [77.0167218, 18.1597504], [77.0185308, 18.1596046], [77.0199351, 18.1593464], [77.0212275, 18.1591354], [77.0237539, 18.1585447], [77.0237669, 18.1586695], [77.0238112, 18.1588008], [77.0236406, 18.1601597], [77.0234473, 18.1613326], [77.0234691, 18.1621383], [77.0242216, 18.1630029], [77.0244371, 18.1633125], [77.0246944, 18.1636183], [77.0252794, 18.1645709], [77.02565, 18.1648987], [77.0260932, 18.1667267], [77.0256343, 18.1669796], [77.0257053, 18.1684507], [77.0247932, 18.1706386], [77.0239835, 18.1725054], [77.0235005, 18.1742738], [77.023595, 18.1753797], [77.0262784, 18.1759299], [77.027105, 18.1759692], [77.0290833, 18.1762994], [77.0319257, 18.177442], [77.03208, 18.1774603], [77.0322512, 18.1775884], [77.0323608, 18.1778116], [77.0325623, 18.1780672], [77.0328113, 18.1787224], [77.0332112, 18.1804411], [77.0335734, 18.1821781], [77.0360336, 18.181392], [77.0390002, 18.1806171], [77.0403559, 18.1801755], [77.0426245, 18.1790023], [77.0432301, 18.1787062], [77.0437233, 18.1785574], [77.0441545, 18.1783235], [77.0455418, 18.1775768], [77.0456321, 18.1775091], [77.0463731, 18.1770824], [77.0472485, 18.1766241], [77.048033, 18.1762234], [77.0487746, 18.1757808], [77.0494447, 18.1754655], [77.0502181, 18.1750678], [77.0521877, 18.1738499], [77.0520626, 18.173778], [77.0515363, 18.1731824], [77.051559, 18.1730981], [77.0515867, 18.1729953], [77.0518599, 18.1719795], [77.0521289, 18.170456], [77.0522089, 18.1693784], [77.0521896, 18.1685273], [77.0521519, 18.1676941], [77.0521403, 18.1658272], [77.0526889, 18.1620788], [77.052684, 18.1619763], [77.0526789, 18.1618711], [77.0530529, 18.1607186], [77.0544399, 18.159849], [77.0580292, 18.1579652], [77.0582332, 18.1578581], [77.0593329, 18.1570565], [77.0596931, 18.1567094], [77.0608884, 18.1555576], [77.0615982, 18.1536726], [77.064272, 18.1518068], [77.0655455, 18.1515555], [77.068602, 18.1519497], [77.0693449, 18.1520516], [77.0695402, 18.1520609], [77.0699239, 18.1520791], [77.071154, 18.1520262], [77.0735332, 18.1519151], [77.0753183, 18.151725], [77.0804294, 18.1514494], [77.0826508, 18.151568], [77.0831899, 18.1517682], [77.0842672, 18.1517863], [77.0863221, 18.1524038], [77.0870563, 18.1527173], [77.0876492, 18.1530053], [77.0881398, 18.153361], [77.0885407, 18.1540312], [77.0898167, 18.1559463], [77.0899862, 18.1558186], [77.0919017, 18.1564925], [77.0935448, 18.1571485], [77.0944648, 18.1574222], [77.0962539, 18.1581553], [77.0983855, 18.1584198], [77.0999356, 18.1589493], [77.1033875, 18.158273], [77.1042446, 18.1573408], [77.1052721, 18.1561929], [77.107955, 18.1561452], [77.1093997, 18.1559518], [77.1095082, 18.1559372], [77.1098119, 18.1560688], [77.1120397, 18.1569213], [77.1132746, 18.1615028], [77.113328, 18.1623358], [77.114675, 18.1641364], [77.1160348, 18.1660128], [77.1162561, 18.1693712], [77.1146672, 18.1732689], [77.1074811, 18.1821165], [77.1041385, 18.1855695], [77.0984988, 18.1924189], [77.0969731, 18.1940705], [77.0969428, 18.1965518], [77.098506, 18.1980404], [77.1021537, 18.1994203], [77.1093766, 18.2043051], [77.1143047, 18.2052713], [77.118001, 18.2052701], [77.11875, 18.2053777], [77.1199686, 18.2059918], [77.123731, 18.2067615], [77.1236208, 18.2071281], [77.1234763, 18.208491], [77.123848, 18.2089488], [77.1252937, 18.2092976], [77.1265859, 18.2093212], [77.1279007, 18.2088924], [77.1285387, 18.2082104], [77.1338253, 18.2060253], [77.1339406, 18.2059473], [77.1341415, 18.2060714], [77.1341405, 18.2062934], [77.1341388, 18.206662], [77.1347484, 18.2064396], [77.1347482, 18.206548], [77.1346737, 18.2071981], [77.1358438, 18.2071194], [77.1359622, 18.2071208], [77.1362078, 18.2071204], [77.1363435, 18.2071553], [77.1369767, 18.207241], [77.1370776, 18.2072569], [77.1381051, 18.2074187], [77.1392506, 18.2076077], [77.1402809, 18.207583], [77.1403281, 18.2077494], [77.1403302, 18.207877], [77.1403707, 18.2081271], [77.1404881, 18.2087959], [77.1410846, 18.2105641], [77.1414439, 18.2115875], [77.1419332, 18.2134946], [77.142468, 18.2155347], [77.1426215, 18.2161855], [77.142656, 18.21693], [77.1427327, 18.2169378], [77.142825, 18.2169489], [77.143249, 18.2169789], [77.1453818, 18.2167613], [77.1461327, 18.2168472], [77.146408, 18.2168886], [77.1476837, 18.2169307], [77.1488763, 18.21696], [77.1511832, 18.2167321], [77.1513306, 18.2171175], [77.1516873, 18.2174976], [77.1517152, 18.2175222], [77.1515854, 18.2189976], [77.1510423, 18.2211929], [77.1496111, 18.2215454], [77.1488743, 18.2213974], [77.1487973, 18.2233365], [77.1487896, 18.2235188], [77.1487199, 18.2248115], [77.1491844, 18.2249626], [77.1489297, 18.2270026], [77.1489136, 18.2271721], [77.1487225, 18.2282323], [77.1482401, 18.2282193], [77.1482356, 18.2294162], [77.1481173, 18.2337686], [77.1482089, 18.235641], [77.1483711, 18.2368145], [77.1487604, 18.2393558], [77.1488326, 18.239526], [77.1515707, 18.2388302], [77.1519216, 18.2387605], [77.1523183, 18.2396205], [77.1526294, 18.2403896], [77.1526714, 18.2405308], [77.1527096, 18.2406749], [77.1527696, 18.240907], [77.1531519, 18.2428596], [77.1531792, 18.2429769], [77.153046, 18.2436286], [77.1544952, 18.2436573], [77.1544924, 18.2437821], [77.1545995, 18.2446407], [77.1552104, 18.2459346], [77.1556747, 18.2465973], [77.1557532, 18.2467087], [77.1558289, 18.2468725], [77.1564289, 18.2481769], [77.1568407, 18.2493756], [77.1573879, 18.2507388], [77.1583355, 18.2520671], [77.158656, 18.2523291], [77.1587791, 18.2524663], [77.1588305, 18.2526454], [77.1589136, 18.253152], [77.1589416, 18.2533316], [77.15871, 18.254648], [77.1597849, 18.2569309], [77.1598508, 18.257082], [77.1600655, 18.2570768], [77.1614196, 18.2570789], [77.1638063, 18.2575222], [77.1638952, 18.2575536], [77.1639631, 18.2575614], [77.1647125, 18.257753], [77.1647244, 18.2577524], [77.1646226, 18.2579274], [77.1642974, 18.2583861], [77.1643544, 18.2584088], [77.1643896, 18.2584232], [77.1645334, 18.2584751], [77.1649561, 18.2584239], [77.1659848, 18.2585857], [77.1663697, 18.2587691], [77.1667293, 18.2590069], [77.1671659, 18.2592423], [77.1677078, 18.2593921], [77.1679913, 18.2596267], [77.1684796, 18.259851], [77.168662, 18.2600028], [77.1690875, 18.2608776], [77.1696389, 18.2608895], [77.1696576, 18.2608851], [77.1698229, 18.2615357], [77.1699647, 18.2623095], [77.170207, 18.2631392], [77.170481, 18.2639802], [77.1704801, 18.2649232], [77.1690633, 18.265107], [77.1692772, 18.2668382], [77.1695002, 18.268877], [77.169759, 18.2699443], [77.1703748, 18.2729551], [77.1703914, 18.2730641], [77.1708206, 18.2758294], [77.1709733, 18.2773277], [77.171302, 18.2787915], [77.1722055, 18.280449], [77.1736482, 18.2829013], [77.173893, 18.2836011], [77.1746772, 18.28446], [77.1747463, 18.284758], [77.1739339, 18.2861229], [77.1731185, 18.2902384], [77.1738052, 18.2974505], [77.1730756, 18.2985506], [77.1716594, 18.3004249], [77.1706724, 18.3019325], [77.1692562, 18.3042956], [77.1684837, 18.3061291], [77.1645784, 18.3068625], [77.1623468, 18.306455], [77.1596002, 18.3056402], [77.1568965, 18.3024621], [77.1541929, 18.3009546], [77.1515321, 18.2999767], [77.1459961, 18.3001397], [77.1435499, 18.3004656], [77.1415758, 18.3011991], [77.1397304, 18.3025436], [77.1380567, 18.3048253], [77.1371984, 18.3068625], [77.1305894, 18.3070254], [77.1275425, 18.3073921], [77.1242809, 18.3080848], [77.122221, 18.3086552], [77.1193885, 18.3088181], [77.1153545, 18.3089811], [77.1131229, 18.309633], [77.1129512, 18.3108553], [77.1134662, 18.3122405], [77.1138525, 18.3137072], [77.11411, 18.3152554], [77.1144962, 18.3206332], [77.1144962, 18.3226701], [77.1134662, 18.3245034], [77.1117067, 18.3255626], [77.1079731, 18.3246664], [77.106471, 18.3240145], [77.1042823, 18.3223442], [77.1019649, 18.3210406], [77.0990037, 18.3194517], [77.0920085, 18.316885], [77.0847129, 18.3154998], [77.0829534, 18.3150924], [77.0809364, 18.3144406], [77.0791769, 18.3140739], [77.0774173, 18.3147257], [77.0768594, 18.3164369], [77.0766449, 18.3187184], [77.0762586, 18.3204295], [77.0759582, 18.3236479], [77.0763874, 18.3257663], [77.0756578, 18.3260515], [77.0717954, 18.3262552], [77.0661306, 18.3248701], [77.0619678, 18.3245442], [77.0571613, 18.322385], [77.0558738, 18.322385], [77.0538997, 18.3220998], [77.0525264, 18.3205109], [77.0507669, 18.3196961], [77.0492219, 18.3198998], [77.0464325, 18.320348], [77.0432996, 18.3214887], [77.0428276, 18.3242997], [77.0439863, 18.3258071], [77.044115, 18.3271922], [77.0439863, 18.3284143], [77.0420122, 18.3291476], [77.0393514, 18.3289439], [77.0378494, 18.3298402], [77.0369482, 18.3315104], [77.0352315, 18.3342805], [77.0341587, 18.3367655], [77.0327425, 18.3398614], [77.0315408, 18.3421018], [77.0300388, 18.342998], [77.0282793, 18.3422648], [77.026906, 18.341613], [77.0249748, 18.3416538], [77.0222711, 18.3420204], [77.0196104, 18.3427129], [77.0170784, 18.3430795], [77.0153188, 18.3430795], [77.0128727, 18.3420204], [77.0120143, 18.3423055], [77.0105981, 18.3429573], [77.0087528, 18.3441793], [77.0066928, 18.3452384], [77.0056629, 18.3444237], [77.0047617, 18.341776], [77.0024871, 18.33591], [77.0011568, 18.3272737], [77.0006418, 18.3212035], [76.999526, 18.3163961], [76.9992685, 18.3122812], [76.9987535, 18.3108553], [76.996479, 18.3092663], [76.9932174, 18.3090218], [76.9905138, 18.3087366], [76.9881105, 18.3080848], [76.9859647, 18.3070254], [76.9840765, 18.3062921], [76.9825315, 18.3062921], [76.9803428, 18.3079218], [76.9783687, 18.3088589], [76.9760942, 18.3092663], [76.9723606, 18.309796], [76.9700002, 18.3104886], [76.9638633, 18.3103664], [76.963005, 18.3090626], [76.9616317, 18.3079218], [76.9603014, 18.3074329], [76.9582843, 18.3069032], [76.9566536, 18.3065773], [76.9548511, 18.306455], [76.9528341, 18.3062106], [76.9509887, 18.3054364], [76.947298, 18.303277], [76.9425344, 18.3007101], [76.9401741, 18.2996915], [76.9369554, 18.2978987], [76.9332218, 18.297369], [76.9272565, 18.2957392], [76.9252824, 18.2953317], [76.9213342, 18.2950873], [76.9172144, 18.2934574], [76.9145107, 18.2916645], [76.9126224, 18.2890975], [76.9117641, 18.2862044], [76.9109058, 18.2798883], [76.9090604, 18.2781768], [76.9074297, 18.2767913], [76.905756, 18.2762615], [76.9037818, 18.2763023], [76.9018077, 18.2772803], [76.8991899, 18.2779323], [76.8990612, 18.276017], [76.8981599, 18.274224], [76.8961, 18.2722272], [76.8924951, 18.2671739], [76.8917226, 18.2650955], [76.8909072, 18.2634654], [76.8888473, 18.2624873], [76.8868303, 18.2621613], [76.8848562, 18.2624058], [76.8833112, 18.2633839], [76.8811655, 18.2642805], [76.878848, 18.2645658], [76.8781614, 18.2632209], [76.8767452, 18.2595123], [76.8764019, 18.2571485], [76.8756294, 18.2554368], [76.875329, 18.253399], [76.8746852, 18.2513204], [76.8743419, 18.2492826], [76.8739128, 18.2474485], [76.8719387, 18.2470817], [76.8707799, 18.2464296], [76.8693637, 18.2443917]]]}, "properties": {"level": "taluka", "name": "Deoni", "parent_level": "district", "parent_name": "Latur"}}, {"type": "Feature", "geometry": {"type": "Polygon", "coordinates": [[[77.0835328, 18.5424015], [77.0838117, 18.5415064], [77.0848417, 18.5404892], [77.0858502, 18.5396144], [77.0869231, 18.5391261], [77.087717, 18.5382717], [77.0878672, 18.5371527], [77.0885968, 18.5363186], [77.0911288, 18.5361558], [77.0939612, 18.5360745], [77.097137, 18.5369086], [77.098875, 18.5378037], [77.1011281, 18.5376206], [77.1023083, 18.5375596], [77.1029305, 18.5381903], [77.1033597, 18.5396347], [77.103939, 18.5411809], [77.1047759, 18.5422387], [77.1061921, 18.5431339], [77.1071577, 18.5431949], [77.1085739, 18.5435], [77.1099686, 18.5440697], [77.1115994, 18.5448834], [77.1138525, 18.546816], [77.1158695, 18.5480163], [77.1175861, 18.5478739], [77.1194744, 18.5472026], [77.1198177, 18.5462464], [77.1188092, 18.5450462], [77.1179724, 18.5439476], [77.1178436, 18.5424218], [77.117908, 18.5410588], [77.1181226, 18.5397364], [77.1185946, 18.5391668], [77.1198606, 18.5396551], [77.1205902, 18.5406926], [77.1207618, 18.5418115], [77.1214485, 18.5429711], [77.1230364, 18.5431949], [77.1245169, 18.5431542], [77.1259546, 18.542788], [77.1273494, 18.542076], [77.1288514, 18.540774], [77.1299457, 18.5422184], [77.131834, 18.542727], [77.1334648, 18.5428084], [77.1350527, 18.5426253], [77.1358251, 18.5417098], [77.1351814, 18.5406112], [77.1349883, 18.5395737], [77.1356106, 18.538292], [77.1360183, 18.5370917], [77.1365547, 18.535871], [77.1371341, 18.5349962], [77.137649, 18.5326769], [77.1383571, 18.5314969], [77.139709, 18.5304593], [77.1411681, 18.5301744], [77.1428847, 18.5301134], [77.1444082, 18.5305], [77.1453094, 18.5305407], [77.1454811, 18.5199405], [77.143979, 18.5165223], [77.142477, 18.5138772], [77.1418333, 18.5110285], [77.1401596, 18.5053311], [77.1419191, 18.5036219], [77.1430349, 18.5023603], [77.1445798, 18.500651], [77.1440219, 18.4990231], [77.143464, 18.4973952], [77.143464, 18.4959707], [77.1432924, 18.4925113], [77.1483993, 18.4920229], [77.1518325, 18.4932439], [77.1553516, 18.494587], [77.1605014, 18.4958079], [77.1660804, 18.4967847], [77.1696424, 18.4977207], [77.1728181, 18.4985347], [77.1752214, 18.4985347], [77.1756506, 18.497151], [77.1754789, 18.4948718], [77.1768522, 18.4936916], [77.1794271, 18.4928776], [77.1814012, 18.4927148], [77.1854353, 18.4929997], [77.1964216, 18.4943021], [77.2015714, 18.4938544], [77.2074937, 18.4937323], [77.2121286, 18.4938137], [77.2161197, 18.4938951], [77.2174501, 18.4962963], [77.2177505, 18.4984533], [77.2186946, 18.4994708], [77.2216129, 18.4988603], [77.2240591, 18.4978021], [77.2283506, 18.496744], [77.2333717, 18.4960521], [77.2401523, 18.4926741], [77.2426843, 18.4914124], [77.244358, 18.4910054], [77.2461175, 18.4919008], [77.2481346, 18.49302], [77.2465467, 18.4969068], [77.2462249, 18.4991452], [77.2470403, 18.5007527], [77.2484135, 18.5025434], [77.2506451, 18.5042527], [77.2532844, 18.5067555], [77.2558379, 18.5111913], [77.2592068, 18.514223], [77.2624469, 18.5169495], [77.2644853, 18.5189639], [77.265923, 18.5206526], [77.2672963, 18.5221175], [77.270472, 18.5213037], [77.273283, 18.5205305], [77.2757292, 18.5202457], [77.2774029, 18.5204288], [77.2803855, 18.5219955], [77.2831321, 18.5255764], [77.2864365, 18.5325345], [77.2861361, 18.5370917], [77.2880888, 18.5407536], [77.2909426, 18.5442934], [77.2939467, 18.5460226], [77.2952771, 18.547406], [77.2951698, 18.5488707], [77.293067, 18.5499285], [77.2901487, 18.5512508], [77.2871017, 18.5525324], [77.2849989, 18.5537123], [77.2793984, 18.5583299], [77.2762871, 18.5612591], [77.2736907, 18.5623169], [77.2696996, 18.5636391], [77.2658801, 18.5649206], [77.2627258, 18.5663851], [77.262125, 18.5680124], [77.2625112, 18.5704532], [77.2632837, 18.5736263], [77.2639274, 18.5771044], [77.2637343, 18.5785079], [77.2636699, 18.5803384], [77.2649359, 18.581335], [77.2685194, 18.5834096], [77.2683048, 18.5863587], [77.2672748, 18.5880061], [77.2653651, 18.5943923], [77.2659659, 18.599985], [77.2668457, 18.6057199], [77.2671032, 18.6096041], [77.2671032, 18.611841], [77.2647857, 18.6132441], [77.2619533, 18.6145049], [77.259078, 18.615359], [77.2567177, 18.6158877], [77.2510743, 18.6171891], [77.2459888, 18.6180025], [77.2426843, 18.6188363], [77.2388005, 18.619426], [77.2339725, 18.6208494], [77.2270202, 18.6221711], [77.2217202, 18.6231268], [77.2174072, 18.6240012], [77.2131157, 18.6245705], [77.2111845, 18.6252619], [77.2115493, 18.6271529], [77.2117424, 18.6314636], [77.2113347, 18.6336596], [77.2101331, 18.6341069], [77.2088671, 18.6342899], [77.2077942, 18.6345949], [77.2072363, 18.6354692], [77.2073436, 18.6369738], [77.2073006, 18.6387427], [77.2041249, 18.6411012], [77.2004342, 18.6434597], [77.1971726, 18.6476074], [77.1941256, 18.6476277], [77.1896195, 18.6476684], [77.1780753, 18.6479733], [77.1620893, 18.647709], [77.1576261, 18.6470584], [77.1554803, 18.6472211], [77.1547497, 18.6482501], [77.1507756, 18.6463006], [77.1443044, 18.6441301], [77.1416701, 18.6429363], [77.1393794, 18.6413084], [77.1365732, 18.6402231], [77.1346834, 18.6396805], [77.1312474, 18.6380526], [77.1286131, 18.6325175], [77.1267232, 18.6281219], [77.1252915, 18.6223695], [77.1240889, 18.6190048], [77.1217982, 18.6166168], [77.1205383, 18.6134691], [77.1200802, 18.6126007], [77.1204238, 18.6093986], [77.1232872, 18.6038084], [77.1241462, 18.6015288], [77.1253488, 18.5984351], [77.1255206, 18.5971324], [77.1244325, 18.5953955], [77.1226572, 18.5934415], [77.1188203, 18.5936043], [77.1169305, 18.5936043], [77.1131508, 18.5943642], [77.1109746, 18.594907], [77.1067368, 18.5957212], [77.1022127, 18.5954498], [77.100781, 18.5895877], [77.0999793, 18.5871451], [77.0986048, 18.5862223], [77.0957415, 18.5857881], [77.0945961, 18.5846482], [77.0936226, 18.5822055], [77.0928781, 18.5797085], [77.0900147, 18.5797628], [77.086865, 18.580197], [77.0852615, 18.5767772], [77.0856051, 18.5738458], [77.0860632, 18.5671687], [77.0848606, 18.560057], [77.0843452, 18.5532707], [77.083658, 18.549416], [77.0837688, 18.5460023], [77.0835542, 18.5435814], [77.0835328, 18.5424015]]]}, "properties": {"level": "taluka", "name": "Jalkot", "parent_level": "district", "parent_name": "Latur"}}, {"type": "Feature", "geometry": {"type": "Polygon", "coordinates": [[[76.6039847, 18.0055805], [76.6070771, 18.004818], [76.6109713, 18.0027484], [76.61498, 18.0002431], [76.6208213, 17.9996984], [76.6265481, 17.9998073], [76.6371999, 17.998827], [76.6509441, 17.9983912], [76.665261, 17.9981734], [76.6782608, 17.994742], [76.6809523, 17.9928901], [76.6845029, 17.9803078], [76.6857628, 17.9759501], [76.6867936, 17.9732809], [76.6874236, 17.9711565], [76.687939, 17.9694678], [76.6865646, 17.9683238], [76.6841593, 17.9681059], [76.6816396, 17.967888], [76.679807, 17.9672343], [76.6769436, 17.9665262], [76.6756837, 17.9689775], [76.6751111, 17.9666896], [76.6747674, 17.9654367], [76.673164, 17.9644016], [76.6722477, 17.9598801], [76.6743666, 17.9560122], [76.6748247, 17.9530158], [76.6739657, 17.9507822], [76.6734503, 17.9492023], [76.6727631, 17.9481126], [76.6745956, 17.9481126], [76.6769436, 17.9476223], [76.6787189, 17.9472954], [76.6805515, 17.9458244], [76.6812387, 17.9438631], [76.6799215, 17.9421741], [76.6776308, 17.9374886], [76.675741, 17.9352002], [76.6751683, 17.924194], [76.6743666, 17.9201073], [76.6748247, 17.9179822], [76.6803224, 17.9179822], [76.6868509, 17.9173829], [76.6907451, 17.9170559], [76.6949829, 17.9165655], [76.6999079, 17.9157481], [76.7060355, 17.9152032], [76.7109606, 17.9147128], [76.7135949, 17.9147128], [76.7161719, 17.9152032], [76.7190926, 17.9161296], [76.7215551, 17.9162386], [76.7239603, 17.9153122], [76.724533, 17.9133505], [76.7249339, 17.9114433], [76.7268809, 17.9101355], [76.7290571, 17.910081], [76.7318632, 17.9097541], [76.7343257, 17.9087732], [76.7350129, 17.9082283], [76.7389215, 17.899768], [76.7399633, 17.8995418], [76.7412545, 17.8997901], [76.7424201, 17.8999996], [76.7435026, 17.90007], [76.7457127, 17.9001292], [76.7465277, 17.9001034], [76.7466316, 17.9001039], [76.7481931, 17.9001017], [76.7482462, 17.9001029], [76.7498131, 17.9001364], [76.7518159, 17.8999086], [76.7524212, 17.8997919], [76.754206, 17.899734], [76.7560825, 17.8997054], [76.7563719, 17.8997046], [76.7572314, 17.8995056], [76.7587619, 17.8996232], [76.7594179, 17.899876], [76.7600376, 17.9001013], [76.7611058, 17.9003524], [76.7628277, 17.9004579], [76.7637171, 17.9005481], [76.7650083, 17.9006563], [76.7670428, 17.9016099], [76.7682525, 17.9024125], [76.7687195, 17.901967], [76.7692922, 17.9004216], [76.7696417, 17.8988637], [76.7696838, 17.8986865], [76.7699441, 17.8980865], [76.7706849, 17.8961111], [76.7716794, 17.8938223], [76.771928, 17.89294], [76.7721852, 17.8923181], [76.7725559, 17.891688], [76.773448, 17.8913796], [76.7736201, 17.8906], [76.7736505, 17.8901393], [76.774223, 17.8871301], [76.7742676, 17.8859583], [76.7743286, 17.8851868], [76.7743928, 17.8845014], [76.7745452, 17.8830484], [76.7745639, 17.8828719], [76.7747572, 17.8812206], [76.7739991, 17.8792223], [76.7739368, 17.8789838], [76.7738041, 17.8784664], [76.7759208, 17.8781066], [76.7766246, 17.8781152], [76.7782476, 17.8778487], [76.7793269, 17.877674], [76.780275, 17.877454], [76.7812776, 17.8773205], [76.7823075, 17.8772098], [76.7833114, 17.8769542], [76.7845855, 17.8766334], [76.786516, 17.8763842], [76.7874594, 17.8762288], [76.7883433, 17.8760919], [76.7886479, 17.8755319], [76.7893779, 17.8753062], [76.7899856, 17.874905], [76.7907157, 17.874485], [76.7912501, 17.8742482], [76.7927417, 17.8736], [76.7933959, 17.8733802], [76.7939152, 17.873065], [76.7940784, 17.8729768], [76.7950828, 17.8725274], [76.7956062, 17.8724129], [76.7960246, 17.8723087], [76.7967878, 17.8722395], [76.7974103, 17.8720807], [76.7987002, 17.8718587], [76.799271, 17.8718385], [76.7997697, 17.8717801], [76.8000033, 17.8717331], [76.800239, 17.8717013], [76.8004357, 17.8717054], [76.8007414, 17.8716937], [76.8020327, 17.8715335], [76.8034922, 17.8714415], [76.8038321, 17.8709866], [76.8052236, 17.8708918], [76.8055508, 17.8708945], [76.8055981, 17.8708943], [76.8060298, 17.870941], [76.806176, 17.8709602], [76.8077072, 17.8712917], [76.8078893, 17.8713511], [76.8080045, 17.8713799], [76.8080828, 17.871395], [76.8079729, 17.8716399], [76.807883, 17.87201], [76.8079324, 17.8735586], [76.8078852, 17.8737789], [76.807885, 17.8737807], [76.8078236, 17.8742383], [76.8076627, 17.8746175], [76.8076075, 17.8754848], [76.8075922, 17.8761036], [76.8076196, 17.8763725], [76.8075502, 17.8778682], [76.808036, 17.8780167], [76.8082488, 17.8783207], [76.8083611, 17.879241], [76.8085583, 17.8804684], [76.8086912, 17.8811572], [76.8090521, 17.8824766], [76.8091118, 17.8827398], [76.809199, 17.8829086], [76.8092777, 17.8830613], [76.8095125, 17.8841531], [76.8096614, 17.8847689], [76.8097358, 17.8854957], [76.8097855, 17.8858809], [76.8099765, 17.8867397], [76.8100279, 17.8869602], [76.8100622, 17.8874083], [76.8103139, 17.8874146], [76.8111618, 17.8872917], [76.8123322, 17.8871361], [76.8135543, 17.8870052], [76.8152546, 17.8869248], [76.8155421, 17.8869329], [76.816221, 17.8869494], [76.8173851, 17.8867926], [76.8176201, 17.8867808], [76.817716, 17.8866575], [76.8184943, 17.8858435], [76.8191246, 17.8852161], [76.8197166, 17.8851269], [76.8192627, 17.8840734], [76.8194791, 17.8838741], [76.8199721, 17.8838635], [76.8207968, 17.8845491], [76.8214288, 17.884095], [76.8220513, 17.8845433], [76.8225524, 17.8847179], [76.8225316, 17.8851305], [76.8229714, 17.8860168], [76.8244866, 17.8859929], [76.8253281, 17.8860061], [76.8258601, 17.8860326], [76.8261478, 17.8842093], [76.8263197, 17.8842212], [76.8263509, 17.8844271], [76.8267268, 17.8848407], [76.8269284, 17.8849332], [76.8271982, 17.8845933], [76.8279685, 17.8849226], [76.8275856, 17.88428], [76.8282158, 17.8832295], [76.8309365, 17.8829324], [76.8322328, 17.8829811], [76.8323431, 17.8828758], [76.8326407, 17.8825901], [76.8325028, 17.883134], [76.8320495, 17.8859544], [76.832051, 17.8860022], [76.832006, 17.8860035], [76.8316501, 17.8860137], [76.8315416, 17.8867043], [76.8318136, 17.8879514], [76.8322819, 17.8898743], [76.8322105, 17.8902049], [76.8320964, 17.8907327], [76.831966, 17.8913371], [76.8320216, 17.8918428], [76.8323915, 17.8929558], [76.8325188, 17.8933389], [76.8332433, 17.8937824], [76.8342916, 17.8944242], [76.8353038, 17.895336], [76.8356957, 17.8956659], [76.8365637, 17.8963967], [76.8376277, 17.8966859], [76.8375805, 17.8977444], [76.8395874, 17.8997937], [76.8406389, 17.8999392], [76.8422649, 17.9000175], [76.8431199, 17.9000239], [76.8442655, 17.8999138], [76.8454242, 17.8995952], [76.8462955, 17.9003931], [76.846623, 17.9007732], [76.8470836, 17.9013078], [76.8477999, 17.9002832], [76.8479031, 17.9001826], [76.8487811, 17.9001263], [76.8489913, 17.9001129], [76.8493711, 17.9001562], [76.8510333, 17.9007484], [76.851394, 17.9009128], [76.8522679, 17.9008791], [76.8535829, 17.900704], [76.8565223, 17.9004458], [76.8575657, 17.9003541], [76.8592564, 17.8998701], [76.859687, 17.8996998], [76.8599176, 17.8996085], [76.8611217, 17.899272], [76.8627369, 17.8994569], [76.8635114, 17.8995455], [76.866583, 17.8995148], [76.868034, 17.8993073], [76.869261, 17.8990671], [76.8709865, 17.8987124], [76.8713601, 17.8988258], [76.8716668, 17.8989693], [76.8723109, 17.8985777], [76.8730568, 17.8983357], [76.8736121, 17.8981555], [76.8736396, 17.898149], [76.8744581, 17.8979412], [76.8746824, 17.8980186], [76.8747458, 17.8977856], [76.8756332, 17.8969387], [76.8760757, 17.8966283], [76.8768761, 17.8960668], [76.8789323, 17.89512], [76.879531, 17.8948128], [76.8797976, 17.894676], [76.8799409, 17.8945626], [76.8805457, 17.8955055], [76.881306, 17.895979], [76.8818342, 17.8955124], [76.8820593, 17.8954407], [76.883201, 17.8942626], [76.8841747, 17.8942591], [76.8838462, 17.8947386], [76.8836517, 17.8994254], [76.8853641, 17.8994841], [76.8884638, 17.8983998], [76.8895159, 17.8996237], [76.8908485, 17.8998543], [76.8917172, 17.899998], [76.8930947, 17.8998641], [76.8936374, 17.8999408], [76.8939132, 17.9004967], [76.8941895, 17.9011473], [76.8943676, 17.9018159], [76.8945403, 17.9024348], [76.8934385, 17.9044893], [76.8934374, 17.9050845], [76.8934257, 17.9054002], [76.8936739, 17.9063347], [76.8961863, 17.9060293], [76.8962149, 17.9069613], [76.8962706, 17.9074986], [76.8963036, 17.9080578], [76.8962977, 17.9088728], [76.8963429, 17.9101871], [76.8963374, 17.9108446], [76.8969214, 17.9105819], [76.8974235, 17.9102543], [76.8988107, 17.9093276], [76.8993992, 17.9107848], [76.8997482, 17.9115523], [76.9001348, 17.913033], [76.9007017, 17.9142107], [76.9015059, 17.9145205], [76.9008138, 17.9158554], [76.9004064, 17.9175479], [76.9027169, 17.9171102], [76.9048484, 17.9166927], [76.9071368, 17.9162254], [76.9083627, 17.9158608], [76.9093129, 17.9154033], [76.9100152, 17.9152509], [76.9106089, 17.9151694], [76.911853, 17.9150375], [76.912272, 17.914998], [76.9133545, 17.9151647], [76.9147063, 17.9147783], [76.9157121, 17.9147524], [76.916269, 17.9157523], [76.9165158, 17.9160666], [76.9172367, 17.9167939], [76.917813, 17.9166233], [76.9183956, 17.9164705], [76.9187497, 17.9164577], [76.9188657, 17.9164193], [76.9190391, 17.9182376], [76.9189839, 17.9191658], [76.9189279, 17.919874], [76.9189109, 17.9206682], [76.9188976, 17.921756], [76.9188898, 17.922766], [76.9189903, 17.9239329], [76.9191593, 17.9255179], [76.9193667, 17.9268007], [76.9198042, 17.9291688], [76.9198129, 17.9293899], [76.9196858, 17.9295231], [76.9200342, 17.9310679], [76.9201561, 17.9317477], [76.920048, 17.9332133], [76.9199348, 17.9339111], [76.9195505, 17.9352079], [76.9196803, 17.9373118], [76.9196983, 17.9393096], [76.9196107, 17.9415192], [76.9196135, 17.9416696], [76.9195414, 17.9421471], [76.9196546, 17.9429157], [76.9195524, 17.9431562], [76.9189433, 17.944075], [76.9186695, 17.9458371], [76.9185984, 17.9461365], [76.9190206, 17.9463762], [76.9187825, 17.9472247], [76.9183534, 17.9470354], [76.9179717, 17.9481735], [76.9182199, 17.9482523], [76.9182043, 17.9486131], [76.9179627, 17.9488856], [76.9177522, 17.9497918], [76.9174666, 17.950258], [76.9173422, 17.9517906], [76.9172603, 17.9524603], [76.9173072, 17.9529083], [76.9173373, 17.9532142], [76.917102, 17.9539832], [76.9168913, 17.9561493], [76.9163408, 17.9564979], [76.9162693, 17.9565362], [76.9161838, 17.9565821], [76.9149118, 17.9572582], [76.9147133, 17.9587113], [76.9145983, 17.9601167], [76.9144311, 17.9623647], [76.9144068, 17.9628957], [76.9142043, 17.9644944], [76.9138945, 17.9664642], [76.9135979, 17.967845], [76.9134439, 17.9694514], [76.9128553, 17.9727612], [76.9124269, 17.9749811], [76.9125674, 17.9770317], [76.9124305, 17.978083], [76.9122794, 17.9808753], [76.9124362, 17.9826725], [76.91244, 17.9828705], [76.9126921, 17.984403], [76.9128122, 17.985119], [76.9128856, 17.9855485], [76.912883, 17.9858892], [76.9128781, 17.986028], [76.9128359, 17.986675], [76.9132009, 17.9887306], [76.9129728, 17.9888775], [76.913175, 17.9900587], [76.9133588, 17.9917491], [76.9133765, 17.9926095], [76.913367, 17.9932027], [76.9128795, 17.9933471], [76.9128089, 17.9942624], [76.9127256, 17.9955776], [76.9124961, 17.9962955], [76.9125427, 17.9966817], [76.909103, 17.9967684], [76.9065147, 17.9967139], [76.9072962, 17.997238], [76.9074016, 17.9981725], [76.9080396, 17.9988028], [76.907092, 17.9999013], [76.9067969, 18.0002443], [76.9061945, 18.000796], [76.9056883, 18.002736], [76.9055385, 18.0039136], [76.9053749, 18.0056753], [76.9052925, 18.0072257], [76.9052736, 18.0076745], [76.905602, 18.0092424], [76.9056723, 18.0094062], [76.9056888, 18.0098573], [76.9060342, 18.0104199], [76.9067519, 18.012681], [76.907393, 18.0140343], [76.9078127, 18.014449], [76.908475, 18.014305], [76.9090671, 18.0140064], [76.9105732, 18.0134388], [76.9109401, 18.0133526], [76.9114842, 18.0147222], [76.9114306, 18.0149275], [76.9115282, 18.0151528], [76.9119489, 18.0168886], [76.9119828, 18.0170305], [76.9121907, 18.017681], [76.9123562, 18.0183159], [76.9126409, 18.0195917], [76.9129964, 18.0211919], [76.913204, 18.0219836], [76.9134166, 18.0229753], [76.9136147, 18.0239349], [76.9138649, 18.0251979], [76.914305, 18.0276108], [76.9144312, 18.0286909], [76.9146284, 18.0297048], [76.9146893, 18.0304745], [76.914579, 18.0307178], [76.9146556, 18.0310611], [76.9144995, 18.0317384], [76.914545, 18.032592], [76.9144948, 18.0350044], [76.9144717, 18.0355641], [76.9164118, 18.0360162], [76.9185416, 18.0365212], [76.9206619, 18.0368534], [76.9227592, 18.0370041], [76.9250421, 18.0372319], [76.9252673, 18.0372655], [76.9272265, 18.0374168], [76.9287107, 18.0375584], [76.9288381, 18.0375543], [76.9289845, 18.0375499], [76.9307889, 18.03762], [76.9319912, 18.0376003], [76.9329248, 18.0375845], [76.934489, 18.0375399], [76.9357804, 18.0375031], [76.936683, 18.0375962], [76.9368081, 18.0376382], [76.9390695, 18.0381084], [76.9405201, 18.0383295], [76.940886, 18.0384015], [76.9416657, 18.0385624], [76.9426993, 18.0386429], [76.9449995, 18.0387609], [76.94667, 18.0389488], [76.9470603, 18.0391928], [76.9470064, 18.0395062], [76.9477585, 18.0397783], [76.9504359, 18.04029], [76.9516207, 18.040466], [76.9529961, 18.0417159], [76.9530225, 18.041556], [76.9530668, 18.0414981], [76.953437, 18.041985], [76.9536899, 18.0424796], [76.9538652, 18.0426978], [76.9503281, 18.0435639], [76.9473582, 18.0447711], [76.9465909, 18.0449751], [76.9448632, 18.0450974], [76.9435825, 18.0463206], [76.9434733, 18.0479463], [76.9437549, 18.0496224], [76.9445465, 18.050826], [76.9455988, 18.0526149], [76.9467438, 18.0538355], [76.9479519, 18.0553007], [76.9500852, 18.0573399], [76.9511776, 18.0603952], [76.9510688, 18.0623384], [76.9508087, 18.0627548], [76.9486191, 18.0630095], [76.9486336, 18.0636731], [76.9504194, 18.063463], [76.950523, 18.0654874], [76.9492323, 18.0678015], [76.9485203, 18.068539], [76.9474506, 18.0707495], [76.9449487, 18.0789594], [76.944945, 18.0791369], [76.9442914, 18.0796825], [76.9440158, 18.0833793], [76.9446814, 18.0841541], [76.9456995, 18.0850827], [76.947452, 18.085425], [76.9526929, 18.0868831], [76.9529304, 18.0871594], [76.9543705, 18.0878757], [76.9573207, 18.0884036], [76.959496, 18.0886857], [76.9623485, 18.0905813], [76.9624226, 18.0908088], [76.9632976, 18.0914392], [76.9643037, 18.0935679], [76.965074, 18.0950633], [76.9652509, 18.0959929], [76.9652999, 18.0979943], [76.9651052, 18.0980749], [76.9653511, 18.0988631], [76.9652133, 18.0995796], [76.9642081, 18.1003953], [76.96367, 18.1011284], [76.9605283, 18.1029261], [76.9587129, 18.1042517], [76.9575773, 18.1051726], [76.9557738, 18.10922], [76.9543115, 18.1104618], [76.9529052, 18.110812], [76.9517074, 18.1109882], [76.9497668, 18.1109986], [76.9478288, 18.111574], [76.9451037, 18.1126674], [76.9427031, 18.1132897], [76.9423634, 18.1133263], [76.9417008, 18.1135391], [76.9397466, 18.1141255], [76.9374829, 18.1145749], [76.9351558, 18.1129671], [76.9345381, 18.1127971], [76.9343891, 18.1125098], [76.9337737, 18.1123806], [76.9313974, 18.112791], [76.9305471, 18.113084], [76.9283038, 18.1143153], [76.9261379, 18.1157845], [76.9251451, 18.1161874], [76.9217216, 18.1176706], [76.920137, 18.1192818], [76.9188298, 18.1205687], [76.9184748, 18.1211546], [76.9187838, 18.1211831], [76.9186241, 18.1217336], [76.9183474, 18.1217911], [76.9179532, 18.1241137], [76.920245, 18.1274345], [76.9218237, 18.1285125], [76.9227757, 18.1292575], [76.9234222, 18.1299544], [76.9250303, 18.1308885], [76.9266669, 18.1302022], [76.9276465, 18.1308579], [76.9277747, 18.1309651], [76.9280782, 18.1308025], [76.9295952, 18.1316719], [76.9302632, 18.1316811], [76.930471, 18.1319888], [76.930566, 18.1321203], [76.9310699, 18.1321095], [76.9316947, 18.1325056], [76.9321325, 18.1330298], [76.9324693, 18.1335976], [76.9324399, 18.1344033], [76.9323872, 18.1345972], [76.9322503, 18.1351482], [76.9318891, 18.1356082], [76.9312196, 18.1363851], [76.9305283, 18.1369328], [76.9299651, 18.1376838], [76.9298802, 18.1377962], [76.9292753, 18.138777], [76.9291515, 18.1385646], [76.9283338, 18.138169], [76.9279909, 18.1384815], [76.9245048, 18.1411589], [76.9243143, 18.1416469], [76.923374, 18.142232], [76.9230835, 18.1425633], [76.9226879, 18.1429789], [76.9214582, 18.1441041], [76.9214981, 18.1442041], [76.9219836, 18.1453518], [76.9222851, 18.1457431], [76.9227827, 18.1461504], [76.9232319, 18.1464775], [76.9239383, 18.1469676], [76.9240935, 18.1479168], [76.9249184, 18.1497391], [76.9265274, 18.1514183], [76.9271846, 18.1519366], [76.927905, 18.1523579], [76.9289972, 18.1540215], [76.9297287, 18.1559248], [76.93, 18.1570288], [76.9299846, 18.1581378], [76.9322555, 18.1605037], [76.9321972, 18.1618627], [76.9309473, 18.1631829], [76.9273853, 18.1662819], [76.9260549, 18.1682799], [76.9242096, 18.1723575], [76.9245958, 18.1781066], [76.92451, 18.1798599], [76.9240379, 18.1817354], [76.92348, 18.1830402], [76.9227075, 18.183611], [76.9168281, 18.1845895], [76.9137382, 18.1850788], [76.9119787, 18.1853642], [76.9095325, 18.1853642], [76.9075155, 18.1852826], [76.9067859, 18.1852826], [76.9054985, 18.1858534], [76.9048118, 18.1863835], [76.9042968, 18.1879735], [76.9043397, 18.1915206], [76.9045972, 18.1938445], [76.9051981, 18.196046], [76.9058418, 18.1976768], [76.9073867, 18.1988591], [76.9082021, 18.200286], [76.9076013, 18.2019167], [76.9063568, 18.2028952], [76.9042539, 18.2039959], [76.9008207, 18.2041182], [76.8982458, 18.2035474], [76.8964862, 18.2027321], [76.894598, 18.2013052], [76.8928814, 18.2001637], [76.8899631, 18.2000822], [76.8896627, 18.2008975], [76.8880319, 18.201876], [76.8863153, 18.2032621], [76.8848562, 18.205382], [76.8846845, 18.207991], [76.884942, 18.2114154], [76.8870019, 18.2132906], [76.8883752, 18.2150027], [76.8894052, 18.2159811], [76.8915081, 18.2160219], [76.8921089, 18.216511], [76.8921518, 18.2176932], [76.8922376, 18.2192422], [76.8928384, 18.2202206], [76.8929243, 18.2214435], [76.8926668, 18.223074], [76.8922805, 18.2243376], [76.8912506, 18.2253159], [76.8896198, 18.2271095], [76.8889761, 18.2393173], [76.8884182, 18.2396637], [76.887753, 18.240214], [76.887474, 18.2410903], [76.8871307, 18.2424557], [76.8860578, 18.2432505], [76.8837619, 18.2437803], [76.8818092, 18.2445344], [76.8787408, 18.2445751], [76.8738484, 18.2444936], [76.8719172, 18.2444325], [76.8693637, 18.2443917], [76.8690204, 18.2435358], [76.8685054, 18.2376665], [76.8685913, 18.2350987], [76.8679905, 18.2331422], [76.8655014, 18.2316748], [76.8642139, 18.2315932], [76.861124, 18.2318378], [76.8600082, 18.2325715], [76.8584632, 18.2327753], [76.8565321, 18.2324085], [76.8547725, 18.230615], [76.8527984, 18.2305742], [76.8503522, 18.2305742], [76.8476057, 18.2309818], [76.8453311, 18.2313487], [76.8425417, 18.2316748], [76.8429708, 18.2338758], [76.8434858, 18.2350171], [76.8437004, 18.2366068], [76.8436145, 18.2386448], [76.8399667, 18.2403974], [76.8372631, 18.2421093], [76.8320274, 18.2454922], [76.8303537, 18.2432505], [76.8292379, 18.2432505], [76.8273496, 18.2444732], [76.8255901, 18.2459813], [76.824646, 18.2477338], [76.8235731, 18.2492011], [76.8241739, 18.2506683], [76.8243026, 18.2522171], [76.8234872, 18.2556813], [76.8232727, 18.2575153], [76.8223285, 18.2602051], [76.815269, 18.2604496], [76.8135953, 18.2609183], [76.8120932, 18.2615907], [76.8100762, 18.2625484], [76.8084669, 18.2634654], [76.8081236, 18.2647287], [76.8087888, 18.2660328], [76.8095183, 18.2674388], [76.8095183, 18.2689263], [76.808896, 18.2708416], [76.8060422, 18.2708416], [76.8049264, 18.2702507], [76.8037247, 18.2693338], [76.802051, 18.2685391], [76.8014288, 18.268641], [76.7999267, 18.2690689], [76.7968154, 18.2694968], [76.7940044, 18.2734701], [76.7931032, 18.2736942], [76.7905497, 18.2739591], [76.7887044, 18.274876], [76.7849064, 18.275039], [76.7761516, 18.274713], [76.7754006, 18.2747537], [76.7733836, 18.2741832], [76.7720747, 18.2735923], [76.7707014, 18.2730218], [76.7696714, 18.2722068], [76.7670536, 18.271025], [76.7661953, 18.2716974], [76.7654013, 18.2727773], [76.7644572, 18.2751613], [76.7647576, 18.2760578], [76.7656159, 18.2769747], [76.767354, 18.2771988], [76.7676544, 18.277973], [76.7679333, 18.2796642], [76.768105, 18.2820887], [76.7676544, 18.2830871], [76.7671609, 18.2837798], [76.7661738, 18.2845744], [76.7647791, 18.2864081], [76.7626333, 18.2879361], [76.7603588, 18.2890771], [76.7590284, 18.2891382], [76.7573547, 18.2886085], [76.75596, 18.2877732], [76.7548656, 18.2859802], [76.7550802, 18.2824962], [76.7530632, 18.2801124], [76.751368, 18.2800513], [76.7502951, 18.2801124], [76.7490506, 18.2800309], [76.7482781, 18.2791955], [76.7472911, 18.2779323], [76.7460251, 18.2757929], [76.7439651, 18.2736738], [76.7415619, 18.2721253], [76.740253, 18.2721253], [76.7387295, 18.2719012], [76.7378926, 18.2711065], [76.7372918, 18.2699451], [76.7363691, 18.2694561], [76.7355323, 18.2687633], [76.7355537, 18.2672351], [76.735425, 18.2658698], [76.7346954, 18.2644435], [76.7338586, 18.263445], [76.7331075, 18.2630579], [76.7319488, 18.2627726], [76.7307472, 18.2628745], [76.7302108, 18.2637303], [76.7305755, 18.2645861], [76.7309403, 18.2658087], [76.731348, 18.2680093], [76.7289018, 18.2689263], [76.7270565, 18.2691912], [76.7254257, 18.2701285], [76.7230654, 18.2720438], [76.7191601, 18.2757929], [76.7163705, 18.2779323], [76.7139244, 18.2790326], [76.711049, 18.280581], [76.7094612, 18.281559], [76.7074871, 18.2826185], [76.7052984, 18.2848189], [76.7041826, 18.2857561], [76.7020797, 18.2881603], [76.6966295, 18.283352], [76.6886472, 18.2808255], [76.6837978, 18.282211], [76.6826391, 18.2834742], [76.6832828, 18.2871416], [76.6834116, 18.2911756], [76.680665, 18.2943538], [76.6751718, 18.295291], [76.6657304, 18.2963911], [76.6619968, 18.2974098], [76.6571903, 18.2972875], [76.6555166, 18.2962281], [76.6533279, 18.2950465], [76.651268, 18.2944761], [76.6460752, 18.2943538], [76.6411829, 18.2952095], [76.6362047, 18.2955762], [76.6342306, 18.2936204], [76.6326856, 18.2912978], [76.6313552, 18.2885678], [76.6303682, 18.2858376], [76.6298961, 18.2843707], [76.6298103, 18.2807033], [76.6344451, 18.2757725], [76.6338014, 18.2720642], [76.6326427, 18.2701896], [76.6310548, 18.268478], [76.6294241, 18.2672147], [76.6272783, 18.2659106], [76.6254758, 18.264199], [76.6254329, 18.2624873], [76.6254758, 18.2610202], [76.6272354, 18.2586564], [76.6292095, 18.256904], [76.6414833, 18.2560889], [76.6586923, 18.2570262], [76.6740131, 18.2602866], [76.6779613, 18.2586157], [76.6795063, 18.2542956], [76.6798496, 18.2515242], [76.6788625, 18.2485082], [76.6766309, 18.2463073], [76.6731548, 18.2391746], [76.6719532, 18.2346095], [76.6695499, 18.22446], [76.663885, 18.2186716], [76.6544437, 18.2135352], [76.6389941, 18.2096217], [76.6245746, 18.209051], [76.6214847, 18.2033436], [76.6194247, 18.1956792], [76.6173648, 18.1895636], [76.6180514, 18.1849973], [76.6283511, 18.180023], [76.6374492, 18.1774951], [76.6462039, 18.1760272], [76.6541862, 18.1775766], [76.6600226, 18.1810831], [76.664915, 18.1876066], [76.671524, 18.1962499], [76.6774463, 18.2004083], [76.6865443, 18.1987776], [76.6885184, 18.1958422], [76.6882609, 18.1871989], [76.6864585, 18.1792075], [76.6848277, 18.1713789], [76.6850852, 18.1611033], [76.6860293, 18.1539263], [76.6898917, 18.1506639], [76.6980456, 18.1514795], [76.7065429, 18.1517242], [76.7180442, 18.1499299], [76.7237949, 18.1481356], [76.724224, 18.1417737], [76.7245673, 18.1344328], [76.7229365, 18.1274179], [76.7133235, 18.1214631], [76.7041396, 18.1143661], [76.7010497, 18.111103], [76.7078303, 18.1107767], [76.7172717, 18.1117556], [76.7184636, 18.1114891], [76.7216491, 18.1107767], [76.7225932, 18.1056371], [76.7225932, 18.1042503], [76.7248248, 18.090544], [76.6979598, 18.0869541], [76.6843127, 18.0962551], [76.6632842, 18.1022923], [76.6496371, 18.1004975], [76.6456889, 18.0977236], [76.6459464, 18.0954392], [76.6510104, 18.0883412], [76.6550445, 18.0823851], [76.6570186, 18.0773263], [76.6564178, 18.071941], [76.6541862, 18.06729], [76.6482638, 18.0641076], [76.6345309, 18.0649236], [76.628437, 18.066474], [76.6238879, 18.0574163], [76.621828, 18.0530912], [76.6182231, 18.0438696], [76.6149615, 18.0425638], [76.6090071, 18.0386362], [76.607731, 18.0355312], [76.6101123, 18.0338445], [76.6094824, 18.029597], [76.608967, 18.026493], [76.6049009, 18.0098286], [76.6039847, 18.0055805]]]}, "properties": {"level": "taluka", "name": "Nilanga", "parent_level": "district", "parent_name": "Latur"}}, {"type": "Feature", "geometry": {"type": "Polygon", "coordinates": [[[76.3849997, 18.5640052], [76.3860725, 18.5606693], [76.3865876, 18.5583909], [76.3873815, 18.5529189], [76.3873601, 18.5509253], [76.3931966, 18.5499489], [76.3923383, 18.5447512], [76.3932223, 18.5449437], [76.3946459, 18.545656], [76.3968603, 18.5461809], [76.3990748, 18.5467057], [76.4017637, 18.5470056], [76.4031082, 18.5466307], [76.40469, 18.5464808], [76.4063113, 18.5470056], [76.4080907, 18.547643], [76.4104634, 18.5483928], [76.4129546, 18.5504172], [76.4144968, 18.5515044], [76.4161181, 18.5521042], [76.419163, 18.5526665], [76.4222474, 18.5530039], [76.4252527, 18.5522916], [76.425569, 18.5503047], [76.4259645, 18.5484677], [76.4282185, 18.5468557], [76.4299979, 18.5444938], [76.4310261, 18.5435565], [76.4321728, 18.5427692], [76.4339919, 18.5420944], [76.4371554, 18.5409697], [76.4402793, 18.5373705], [76.4405166, 18.534896], [76.4408329, 18.532084], [76.4408725, 18.529272], [76.4412679, 18.5273223], [76.4417424, 18.5269099], [76.4427706, 18.5268349], [76.4447873, 18.5268349], [76.4473972, 18.5266849], [76.4496512, 18.5267224], [76.4529333, 18.5261975], [76.4538428, 18.5237978], [76.454515, 18.5211731], [76.4547128, 18.5198608], [76.4551873, 18.5172361], [76.4559386, 18.5148363], [76.4566899, 18.5123239], [76.4578367, 18.5107115], [76.4590626, 18.5100741], [76.4608025, 18.5100741], [76.4626215, 18.5105616], [76.4647569, 18.511199], [76.4642823, 18.5093616], [76.4631356, 18.5086116], [76.4630169, 18.5066992], [76.4625424, 18.5048618], [76.4638869, 18.5037743], [76.4651918, 18.5037368], [76.466655, 18.5037743], [76.4678413, 18.5030243], [76.4676831, 18.5008118], [76.4673667, 18.4995368], [76.4668527, 18.4980743], [76.4665759, 18.4961242], [76.4675645, 18.4947742], [76.4693835, 18.4944367], [76.4715979, 18.4947742], [76.473496, 18.4946992], [76.4762641, 18.4937242], [76.4802975, 18.491024], [76.4825515, 18.4899365], [76.4836192, 18.4880238], [76.4842124, 18.4859987], [76.4892344, 18.4852486], [76.4900253, 18.4851361], [76.4932283, 18.484386], [76.4946914, 18.4838234], [76.4964709, 18.4824358], [76.4977759, 18.4812732], [76.5007021, 18.4789479], [76.502877, 18.4787229], [76.5050124, 18.4778602], [76.5049333, 18.475985], [76.5048937, 18.472797], [76.5063964, 18.4718218], [76.5067523, 18.4701715], [76.5108253, 18.4690088], [76.5127629, 18.4693839], [76.5149378, 18.4705091], [76.5192085, 18.4717843], [76.521423, 18.4719343], [76.5241911, 18.4721969], [76.5280663, 18.4719343], [76.5303994, 18.4708842], [76.5336025, 18.4707716], [76.5357378, 18.4693464], [76.536845, 18.467546], [76.5379918, 18.4658957], [76.5394549, 18.4652206], [76.5416298, 18.4652956], [76.544477, 18.4653706], [76.5459005, 18.4645079], [76.5471659, 18.4650705], [76.5470078, 18.4670209], [76.5468101, 18.4694589], [76.5462169, 18.4708091], [76.5452283, 18.4820608], [76.5455842, 18.4847235], [76.5465332, 18.4882113], [76.5472055, 18.4912865], [76.5472055, 18.4944367], [76.5472055, 18.4979243], [76.5494199, 18.4984868], [76.5514367, 18.4986368], [76.5537302, 18.4978493], [76.5566169, 18.4974368], [76.5608876, 18.4969868], [76.5631021, 18.4959742], [76.5642488, 18.4945492], [76.566226, 18.4923741], [76.5683614, 18.4923741], [76.5708526, 18.4922991], [76.5753211, 18.4918491], [76.5784055, 18.4922616], [76.5812131, 18.4929366], [76.5842579, 18.4933116], [76.5876192, 18.4928616], [76.5908222, 18.4916616], [76.5936693, 18.4906865], [76.5956465, 18.489899], [76.5983355, 18.4889614], [76.601499, 18.4873113], [76.6019735, 18.4849861], [76.6011827, 18.4833734], [76.6000754, 18.4811982], [76.5980982, 18.4773727], [76.5986123, 18.4722719], [76.5980192, 18.4691588], [76.5967142, 18.4683337], [76.5960024, 18.4673585], [76.5954488, 18.464883], [76.5947766, 18.4626325], [76.5944998, 18.4607571], [76.5959629, 18.4602695], [76.5966351, 18.4592567], [76.5960815, 18.4575688], [76.5963188, 18.4562935], [76.5990868, 18.4550556], [76.6021317, 18.4541179], [76.6043461, 18.4550181], [76.606442, 18.4568936], [76.6094473, 18.4592942], [76.6135994, 18.4635702], [76.6158534, 18.4643204], [76.6178701, 18.4643204], [76.6204404, 18.4633077], [76.6224176, 18.4630451], [76.6251066, 18.4635327], [76.6255416, 18.4656707], [76.6258579, 18.4680711], [76.6266883, 18.469984], [76.6274397, 18.4745598], [76.6293773, 18.4748598], [76.6315127, 18.4749723], [76.6332526, 18.4744097], [76.6350321, 18.4737346], [76.637207, 18.4735846], [76.640845, 18.4733596], [76.6431781, 18.472647], [76.6444039, 18.473097], [76.6454321, 18.4786854], [76.646302, 18.4811607], [76.6480815, 18.4835984], [76.6500587, 18.4837859], [76.6534199, 18.4839735], [76.6564252, 18.4824358], [76.6727172, 18.4827358], [76.6737454, 18.4857736], [76.6748921, 18.4888114], [76.6754457, 18.4908365], [76.6800328, 18.4948492], [76.68114, 18.4968368], [76.6826427, 18.4987493], [76.6839872, 18.5002118], [76.6856085, 18.5012243], [76.6890488, 18.5015618], [76.693794, 18.5012618], [76.6941104, 18.5033618], [76.6953758, 18.5072992], [76.6965225, 18.5090991], [76.6971948, 18.517311], [76.6978275, 18.5207232], [76.6980252, 18.5225605], [76.6985393, 18.5357958], [76.6994092, 18.5427692], [76.7009514, 18.5449062], [76.7018214, 18.5468557], [76.7031263, 18.5479054], [76.7053012, 18.5482428], [76.7066062, 18.5482428], [76.7091765, 18.5487677], [76.7114701, 18.5493675], [76.713645, 18.5491426], [76.7143963, 18.5484677], [76.7160967, 18.5481678], [76.7164921, 18.5497799], [76.7171248, 18.5516168], [76.717283, 18.5557781], [76.7171643, 18.5583272], [76.7174807, 18.5599767], [76.7172434, 18.5625258], [76.7185088, 18.5642876], [76.7192206, 18.566087], [76.7197742, 18.5678863], [76.7173621, 18.5699854], [76.7155431, 18.5703978], [76.7142777, 18.5707726], [76.7094929, 18.5715223], [76.7070412, 18.5718597], [76.7046685, 18.5722345], [76.7017818, 18.5725344], [76.7009119, 18.5740712], [76.7017818, 18.5766201], [76.7026123, 18.5786067], [76.7027704, 18.5817928], [76.7038777, 18.5856159], [76.7036404, 18.5872651], [76.7038381, 18.5885019], [76.7049453, 18.5890267], [76.7070412, 18.5885394], [76.7090579, 18.5882021], [76.7103628, 18.5891016], [76.7110746, 18.5924749], [76.7125377, 18.595848], [76.7144754, 18.6067166], [76.714594, 18.6090777], [76.7156617, 18.6106517], [76.7167689, 18.6121507], [76.7185484, 18.6140994], [76.7207233, 18.6155984], [76.7246776, 18.6167601], [76.7310837, 18.6211446], [76.7328237, 18.6214069], [76.7351963, 18.6214069], [76.7373712, 18.6218941], [76.7398229, 18.6227934], [76.7446077, 18.6226061], [76.7499065, 18.6246296], [76.7508951, 18.6250793], [76.7539795, 18.6253041], [76.7566685, 18.6253041], [76.7616115, 18.6254915], [76.76347, 18.6267656], [76.7633119, 18.6290514], [76.7635491, 18.633398], [76.7631141, 18.6361709], [76.7639045, 18.6390022], [76.7631314, 18.6396805], [76.761127, 18.6405487], [76.7593231, 18.6416611], [76.7539113, 18.6446727], [76.7530236, 18.6451068], [76.7523364, 18.6458664], [76.7513056, 18.6467617], [76.7499598, 18.6479012], [76.7492153, 18.6487965], [76.7478123, 18.6492306], [76.7478123, 18.6505871], [76.7484136, 18.6516181], [76.7491294, 18.6525948], [76.7478409, 18.6535714], [76.7478695, 18.6554162], [76.7481559, 18.6563658], [76.7486427, 18.6571525], [76.7489004, 18.6580206], [76.7478695, 18.6593228], [76.7480127, 18.6603537], [76.7485568, 18.6615474], [76.7491581, 18.6632836], [76.7489576, 18.6662134], [76.7481273, 18.6690889], [76.7474973, 18.6715846], [76.7473541, 18.6734563], [76.7471537, 18.6751381], [76.7466956, 18.6768742], [76.745722, 18.6786374], [76.7450634, 18.6801293], [76.7432595, 18.6803463], [76.7400812, 18.6804277], [76.7386208, 18.678556], [76.73298, 18.6786102], [76.7314051, 18.6787188], [76.7302025, 18.6786916], [76.7289999, 18.6782034], [76.7273391, 18.6773896], [76.7256211, 18.6769285], [76.7255066, 18.6774167], [76.7256784, 18.6817025], [76.7257929, 18.6833572], [76.7255925, 18.6856356], [76.7249625, 18.6871275], [76.7245044, 18.6893245], [76.7246475, 18.6926065], [76.7255638, 18.6936643], [76.7270672, 18.6953078], [76.7255866, 18.6953993], [76.7226899, 18.6961005], [76.7198252, 18.6976453], [76.7181945, 18.6983871], [76.7175186, 18.6986514], [76.713388, 18.6993627], [76.7130983, 18.6997997], [76.7123687, 18.699698], [76.7116177, 18.6993221], [76.7107808, 18.6990274], [76.7105234, 18.6984684], [76.7093539, 18.6979806], [76.7091501, 18.6973505], [76.7074656, 18.6967103], [76.706146, 18.6959887], [76.7059636, 18.6955111], [76.7042899, 18.6948709], [76.7039144, 18.6950436], [76.7035389, 18.6950842], [76.7032707, 18.6946777], [76.7023051, 18.6944846], [76.7016935, 18.6939054], [76.7014575, 18.6935395], [76.6998589, 18.6931838], [76.6993117, 18.6923504], [76.6979063, 18.6918626], [76.6974448, 18.6912122], [76.6960072, 18.6912427], [76.6941619, 18.6915984], [76.6933036, 18.6914358], [76.6923058, 18.6911919], [76.6915333, 18.6915984], [76.691426, 18.6922488], [76.6902029, 18.692137], [76.6884112, 18.691822], [76.6849244, 18.6916899], [76.6818237, 18.6916797], [76.6806007, 18.6883361], [76.6801607, 18.6884071], [76.6791308, 18.6857952], [76.6788357, 18.6847382], [76.677382, 18.6809523], [76.6767436, 18.6793566], [76.6755956, 18.6773899], [76.6740346, 18.6751895], [76.6738723, 18.6746355], [76.6736001, 18.6737297], [76.6729764, 18.6737742], [76.6729027, 18.6733498], [76.6717762, 18.6711797], [76.6712076, 18.6703311], [76.6693836, 18.6684557], [76.6681229, 18.666987], [76.6669482, 18.6652438], [76.6662776, 18.6635768], [76.6657412, 18.662789], [76.665355, 18.6619148], [76.6642767, 18.660563], [76.6634988, 18.6601461], [76.6622811, 18.6594041], [76.6621256, 18.65915], [76.6614336, 18.6575236], [76.6615141, 18.6574016], [76.6616589, 18.6552467], [76.6617072, 18.6551297], [76.6618118, 18.6551526], [76.6626942, 18.6556482], [76.6640138, 18.6552238], [76.6655347, 18.6547562], [76.6672754, 18.6540573], [76.66911, 18.6533331], [76.671304, 18.6524766], [76.6730261, 18.6518768], [76.6744289, 18.6513305], [76.6746649, 18.6512796], [76.6758074, 18.6507308], [76.676918, 18.6503774], [76.6780499, 18.6503546], [76.6796404, 18.6500649], [76.68118, 18.6497701], [76.6807106, 18.647183], [76.6803646, 18.6455489], [76.679745, 18.6440239], [76.6790636, 18.6421788], [76.6791683, 18.6411419], [76.6789913, 18.6390172], [76.678943, 18.6376778], [76.6786239, 18.6355912], [76.6786078, 18.6342314], [76.6771191, 18.6340129], [76.6762152, 18.6338832], [76.6735008, 18.6332911], [76.6712639, 18.6327777], [76.668182, 18.6320127], [76.6671199, 18.6317355], [76.6653952, 18.6317712], [76.6638556, 18.6319567], [76.6630402, 18.6320812], [76.6620639, 18.6323201], [76.6605404, 18.6325387], [76.6579896, 18.6328717], [76.6570776, 18.6331106], [76.655404, 18.6343814], [76.653741, 18.6356013], [76.6530543, 18.6379752], [76.6528773, 18.6389664], [76.6528612, 18.6410402], [76.6530704, 18.6421891], [76.6505921, 18.6434241], [76.6479956, 18.6450964], [76.6472447, 18.6453659], [76.6452223, 18.6457165], [76.6432857, 18.6462858], [76.6415906, 18.6467585], [76.6377335, 18.6477039], [76.6361028, 18.6480343], [76.6364192, 18.6506774], [76.6368055, 18.6540116], [76.6372991, 18.6578946], [76.6409039, 18.6624282], [76.6403245, 18.6634853], [76.6404533, 18.6658028], [76.6398954, 18.6665754], [76.6353464, 18.6674901], [76.6351533, 18.6701125], [76.6347884, 18.6738123], [76.6299605, 18.6746864], [76.6299391, 18.6750116], [76.6270208, 18.6753368], [76.6253041, 18.6732635], [76.6229653, 18.6736293], [76.6213775, 18.6738936], [76.6146397, 18.6741172], [76.6121291, 18.673487], [76.6090392, 18.6729179], [76.6051339, 18.6721251], [76.6038679, 18.6719218], [76.5991902, 18.6718608], [76.5945768, 18.6720437], [76.5934825, 18.6707224], [76.5926456, 18.6676528], [76.5930533, 18.664705], [76.5932893, 18.6627331], [76.5935469, 18.6609035], [76.5936327, 18.6581386], [76.593418, 18.6552111], [76.5928387, 18.6523445], [76.5912294, 18.6523851], [76.5907573, 18.6497218], [76.5868091, 18.6495998], [76.5858864, 18.6471195], [76.5846848, 18.6427685], [76.5840196, 18.6402066], [76.5825176, 18.6350626], [76.5819597, 18.631362], [76.5818309, 18.62819], [76.5820801, 18.6250371], [76.5821314, 18.6243875], [76.5803503, 18.6248349], [76.5781832, 18.6193853], [76.5747714, 18.620646], [76.5709734, 18.6221304], [76.5692139, 18.6232082], [76.5676474, 18.6238792], [76.5656519, 18.6250992], [76.5638494, 18.6264413], [76.5590858, 18.6291863], [76.5595149, 18.63063], [76.5605878, 18.6342086], [76.5616178, 18.6381531], [76.5587854, 18.6393933], [76.5556526, 18.6402473], [76.5533351, 18.6363028], [76.5502882, 18.6381328], [76.548593, 18.6347373], [76.5457392, 18.6357539], [76.5470909, 18.6396577], [76.543808, 18.6431142], [76.5415549, 18.645066], [76.5412544, 18.647831], [76.5410399, 18.6503521], [76.5409434, 18.6508299], [76.5378212, 18.6500471], [76.5331649, 18.6494676], [76.5312016, 18.6490712], [76.5296674, 18.6487561], [76.5287983, 18.6449948], [76.5280794, 18.6418942], [76.5264594, 18.6361401], [76.5261912, 18.6329886], [76.5261053, 18.6303758], [76.5260732, 18.6283729], [76.5257406, 18.6266344], [76.5251291, 18.6254449], [76.5247106, 18.6238792], [76.5211915, 18.6246722], [76.5207839, 18.6236454], [76.5209556, 18.622649], [76.5203655, 18.6215103], [76.5184343, 18.6198326], [76.5159774, 18.6182262], [76.5126729, 18.6158877], [76.5098619, 18.6129392], [76.5058279, 18.6101125], [76.5030598, 18.6084449], [76.4995837, 18.6038693], [76.4965367, 18.6042963], [76.4913225, 18.6064724], [76.4891767, 18.6111293], [76.4843488, 18.6130001], [76.479628, 18.6148914], [76.4782118, 18.615176], [76.4775681, 18.6188363], [76.4772999, 18.620158], [76.4769995, 18.6221], [76.4769887, 18.623442], [76.4766025, 18.6243672], [76.4760339, 18.6254856], [76.475594, 18.6267666], [76.4740812, 18.6286576], [76.4730191, 18.6297556], [76.4715707, 18.6338223], [76.4690279, 18.6344729], [76.4655732, 18.6349304], [76.4647579, 18.6337206], [76.464039, 18.6324803], [76.4624833, 18.630691], [76.461271, 18.628922], [76.4591789, 18.6258821], [76.4581167, 18.6242859], [76.4570224, 18.6231269], [76.4547157, 18.6213273], [76.4530205, 18.6210629], [76.4514005, 18.6208595], [76.4496087, 18.6203919], [76.4464866, 18.6195416], [76.4411973, 18.6181652], [76.4369166, 18.6165994], [76.4359617, 18.6165486], [76.4334833, 18.6167723], [76.4335369, 18.6175857], [76.4291918, 18.6167723], [76.4290737, 18.6152065], [76.4291489, 18.6126544], [76.4280224, 18.6120952], [76.4254474, 18.6107734], [76.4226901, 18.6095126], [76.420126, 18.6080179], [76.4187955, 18.6075096], [76.417712, 18.6074078], [76.414901, 18.6079569], [76.4116501, 18.6080383], [76.4114247, 18.6060454], [76.4108026, 18.6059029], [76.4110815, 18.6035134], [76.4108777, 18.600951], [76.409719, 18.6009001], [76.4097619, 18.6005239], [76.4072943, 18.599802], [76.4068329, 18.6018763], [76.4037752, 18.6017034], [76.4038073, 18.5989173], [76.4036034, 18.5986021], [76.4036786, 18.5973921], [76.4030027, 18.5972802], [76.4030564, 18.596426], [76.3993335, 18.5956735], [76.3991296, 18.5949515], [76.3967693, 18.5947583], [76.3967048, 18.5953481], [76.3918876, 18.5957752], [76.3908576, 18.5876198], [76.3901924, 18.5834911], [76.389141, 18.5838368], [76.3877034, 18.5735857], [76.3856219, 18.5737688], [76.3851927, 18.5708398], [76.3856219, 18.5706974], [76.3849997, 18.5640052]]]}, "properties": {"level": "taluka", "name": "Renapur", "parent_level": "district", "parent_name": "Latur"}}, {"type": "Feature", "geometry": {"type": "Polygon", "coordinates": [[[76.7163705, 18.2779323], [76.7191601, 18.2757929], [76.7230654, 18.2720438], [76.7254257, 18.2701285], [76.7270565, 18.2691912], [76.7289018, 18.2689263], [76.731348, 18.2680093], [76.7309403, 18.2658087], [76.7305755, 18.2645861], [76.7302108, 18.2637303], [76.7307472, 18.2628745], [76.7319488, 18.2627726], [76.7331075, 18.2630579], [76.7338586, 18.263445], [76.7346954, 18.2644435], [76.735425, 18.2658698], [76.7355537, 18.2672351], [76.7355323, 18.2687633], [76.7363691, 18.2694561], [76.7372918, 18.2699451], [76.7378926, 18.2711065], [76.7387295, 18.2719012], [76.740253, 18.2721253], [76.7415619, 18.2721253], [76.7439651, 18.2736738], [76.7460251, 18.2757929], [76.7472911, 18.2779323], [76.7482781, 18.2791955], [76.7490506, 18.2800309], [76.7502951, 18.2801124], [76.751368, 18.2800513], [76.7530632, 18.2801124], [76.7550802, 18.2824962], [76.7548656, 18.2859802], [76.75596, 18.2877732], [76.7573547, 18.2886085], [76.7590284, 18.2891382], [76.7603588, 18.2890771], [76.7626333, 18.2879361], [76.7647791, 18.2864081], [76.7661738, 18.2845744], [76.7671609, 18.2837798], [76.7676544, 18.2830871], [76.768105, 18.2820887], [76.7679333, 18.2796642], [76.7676544, 18.277973], [76.767354, 18.2771988], [76.7656159, 18.2769747], [76.7647576, 18.2760578], [76.7644572, 18.2751613], [76.7654013, 18.2727773], [76.7661953, 18.2716974], [76.7670536, 18.271025], [76.7696714, 18.2722068], [76.7707014, 18.2730218], [76.7720747, 18.2735923], [76.7733836, 18.2741832], [76.7754006, 18.2747537], [76.7761516, 18.274713], [76.7849064, 18.275039], [76.7887044, 18.274876], [76.7905497, 18.2739591], [76.7931032, 18.2736942], [76.7940044, 18.2734701], [76.7968154, 18.2694968], [76.7999267, 18.2690689], [76.8014288, 18.268641], [76.802051, 18.2685391], [76.8037247, 18.2693338], [76.8049264, 18.2702507], [76.8060422, 18.2708416], [76.808896, 18.2708416], [76.8095183, 18.2689263], [76.8095183, 18.2674388], [76.8087888, 18.2660328], [76.8081236, 18.2647287], [76.8084669, 18.2634654], [76.8100762, 18.2625484], [76.8120932, 18.2615907], [76.8135953, 18.2609183], [76.815269, 18.2604496], [76.8223285, 18.2602051], [76.8232727, 18.2575153], [76.8234872, 18.2556813], [76.8243026, 18.2522171], [76.8241739, 18.2506683], [76.8235731, 18.2492011], [76.824646, 18.2477338], [76.8255901, 18.2459813], [76.8273496, 18.2444732], [76.8292379, 18.2432505], [76.8303537, 18.2432505], [76.8320274, 18.2454922], [76.8372631, 18.2421093], [76.8399667, 18.2403974], [76.8436145, 18.2386448], [76.8437004, 18.2366068], [76.8434858, 18.2350171], [76.8429708, 18.2338758], [76.8425417, 18.2316748], [76.8453311, 18.2313487], [76.8476057, 18.2309818], [76.8503522, 18.2305742], [76.8527984, 18.2305742], [76.8547725, 18.230615], [76.8565321, 18.2324085], [76.8584632, 18.2327753], [76.8600082, 18.2325715], [76.861124, 18.2318378], [76.8642139, 18.2315932], [76.8655014, 18.2316748], [76.8679905, 18.2331422], [76.8685913, 18.2350987], [76.8685054, 18.2376665], [76.8690204, 18.2435358], [76.8693637, 18.2443917], [76.8707799, 18.2464296], [76.8719387, 18.2470817], [76.8739128, 18.2474485], [76.8743419, 18.2492826], [76.8746852, 18.2513204], [76.875329, 18.253399], [76.8756294, 18.2554368], [76.8764019, 18.2571485], [76.8767452, 18.2595123], [76.8781614, 18.2632209], [76.878848, 18.2645658], [76.8811655, 18.2642805], [76.8833112, 18.2633839], [76.8848562, 18.2624058], [76.8868303, 18.2621613], [76.8888473, 18.2624873], [76.8909072, 18.2634654], [76.8917226, 18.2650955], [76.8924951, 18.2671739], [76.8961, 18.2722272], [76.8981599, 18.274224], [76.8990612, 18.276017], [76.8991899, 18.2779323], [76.9018077, 18.2772803], [76.9037818, 18.2763023], [76.905756, 18.2762615], [76.9074297, 18.2767913], [76.9090604, 18.2781768], [76.9109058, 18.2798883], [76.9117641, 18.2862044], [76.9126224, 18.2890975], [76.9145107, 18.2916645], [76.9172144, 18.2934574], [76.9213342, 18.2950873], [76.9252824, 18.2953317], [76.9272565, 18.2957392], [76.9332218, 18.297369], [76.9369554, 18.2978987], [76.9401741, 18.2996915], [76.9425344, 18.3007101], [76.9431352, 18.3026251], [76.9426631, 18.3065365], [76.9405174, 18.3073921], [76.9389295, 18.3080033], [76.9375133, 18.3097145], [76.9368696, 18.3111812], [76.935625, 18.3126479], [76.9333934, 18.3137479], [76.9312477, 18.3147665], [76.9297885, 18.3152554], [76.9261407, 18.3158665], [76.9228363, 18.3169665], [76.9196605, 18.3173332], [76.9168281, 18.3181887], [76.9162702, 18.3190443], [76.9149398, 18.3227516], [76.9152402, 18.3257256], [76.9144249, 18.3299624], [76.9148111, 18.3336695], [76.9162273, 18.338232], [76.9177723, 18.3420204], [76.9181585, 18.3477232], [76.9132232, 18.3616943], [76.9128799, 18.3660117], [76.9182014, 18.370166], [76.923437, 18.3730984], [76.9259261, 18.3768453], [76.9301318, 18.3818954], [76.9311618, 18.3840946], [76.9297027, 18.3857236], [76.929016, 18.3875154], [76.928501, 18.3902032], [76.9274711, 18.3924837], [76.9245528, 18.3953343], [76.9251536, 18.3970447], [76.926012, 18.3989179], [76.9264411, 18.4168344], [76.9273852, 18.4203361], [76.9242953, 18.4182188], [76.9212054, 18.4170787], [76.9169139, 18.4157758], [76.913824, 18.4143099], [76.9105624, 18.4124369], [76.9079875, 18.4106453], [76.9063567, 18.4089351], [76.9048118, 18.4074692], [76.9014644, 18.4039673], [76.8985461, 18.40299], [76.8933963, 18.4028271], [76.8905639, 18.4027457], [76.887989, 18.4023384], [76.8855857, 18.401524], [76.8823241, 18.4012797], [76.8801784, 18.4016869], [76.8776893, 18.4071434], [76.8738269, 18.4095866], [76.8718528, 18.4099938], [76.8704795, 18.4107267], [76.8693637, 18.4171602], [76.8634414, 18.4153686], [76.8608665, 18.4150429], [76.8581199, 18.4150429], [76.8567466, 18.4156129], [76.8567466, 18.417323], [76.8583774, 18.4200918], [76.8589782, 18.4222905], [76.8569182, 18.4243263], [76.855545, 18.4250591], [76.8523692, 18.4262806], [76.8488502, 18.4260363], [76.8462752, 18.4257106], [76.842842, 18.4255477], [76.8408679, 18.4241634], [76.8416404, 18.4181374], [76.8412112, 18.41545], [76.8402671, 18.413007], [76.8388938, 18.4112968], [76.8344306, 18.4051889], [76.8301391, 18.4040487], [76.8293666, 18.4021756], [76.8283366, 18.3985921], [76.8258475, 18.3946828], [76.8242168, 18.3915064], [76.8225001, 18.3898774], [76.8086814, 18.3913435], [76.7964934, 18.3917507], [76.7903995, 18.3919136], [76.7869662, 18.3921579], [76.7824172, 18.3909362], [76.7746066, 18.3917507], [76.7743491, 18.3976148], [76.7653369, 18.3981034], [76.7590713, 18.3985921], [76.7547797, 18.3989993], [76.7519473, 18.3998137], [76.7491149, 18.3982663], [76.7472266, 18.3959859], [76.7453384, 18.3922394], [76.7431926, 18.3897145], [76.741476, 18.3860494], [76.7393302, 18.3823027], [76.7366695, 18.3775784], [76.734867, 18.3761937], [76.7244815, 18.3779042], [76.723752, 18.3752977], [76.7234087, 18.3726097], [76.7232799, 18.3708991], [76.7225503, 18.364749], [76.7245245, 18.3634457], [76.7274856, 18.3634457], [76.7315626, 18.3630384], [76.7343092, 18.361735], [76.7373561, 18.3605131], [76.7408752, 18.3569695], [76.7439651, 18.3546478], [76.746025, 18.3537517], [76.7482566, 18.3531814], [76.7492008, 18.3521631], [76.7492437, 18.3502079], [76.7489862, 18.3479268], [76.7484283, 18.3466641], [76.7466688, 18.3458902], [76.7451238, 18.3458087], [76.7423343, 18.3456457], [76.7380857, 18.3447496], [76.7357254, 18.3440978], [76.7337083, 18.3425092], [76.7303609, 18.3414093], [76.7290735, 18.3410835], [76.7269706, 18.3404724], [76.7259407, 18.3400651], [76.7250394, 18.3384764], [76.7234945, 18.3361544], [76.7222929, 18.3272329], [76.7215633, 18.3243812], [76.7219924, 18.3216924], [76.7235803, 18.3199813], [76.7240953, 18.3180258], [76.7246103, 18.3156221], [76.7292022, 18.3069847], [76.7290306, 18.3027066], [76.7280435, 18.2994878], [76.7262411, 18.2929684], [76.7240524, 18.2903606], [76.7224645, 18.2889752], [76.7209625, 18.2858784], [76.7196321, 18.283515], [76.7186451, 18.2817628], [76.7163705, 18.2779323]]]}, "properties": {"level": "taluka", "name": "Shirur Anantpal", "parent_level": "district", "parent_name": "Latur"}}, {"type": "Feature", "geometry": {"type": "Polygon", "coordinates": [[[76.9128799, 18.3660117], [76.9132232, 18.3616943], [76.9181585, 18.3477232], [76.9177723, 18.3420204], [76.9162273, 18.338232], [76.9148111, 18.3336695], [76.9144249, 18.3299624], [76.9152402, 18.3257256], [76.9149398, 18.3227516], [76.9162702, 18.3190443], [76.9168281, 18.3181887], [76.9196605, 18.3173332], [76.9228363, 18.3169665], [76.9261407, 18.3158665], [76.9297885, 18.3152554], [76.9312477, 18.3147665], [76.9333934, 18.3137479], [76.935625, 18.3126479], [76.9368696, 18.3111812], [76.9375133, 18.3097145], [76.9389295, 18.3080033], [76.9405174, 18.3073921], [76.9426631, 18.3065365], [76.9431352, 18.3026251], [76.9425344, 18.3007101], [76.947298, 18.303277], [76.9509887, 18.3054364], [76.9528341, 18.3062106], [76.9548511, 18.306455], [76.9566536, 18.3065773], [76.9582843, 18.3069032], [76.9603014, 18.3074329], [76.9616317, 18.3079218], [76.963005, 18.3090626], [76.9638633, 18.3103664], [76.9700002, 18.3104886], [76.9723606, 18.309796], [76.9760942, 18.3092663], [76.9783687, 18.3088589], [76.9803428, 18.3079218], [76.9825315, 18.3062921], [76.9840765, 18.3062921], [76.9859647, 18.3070254], [76.9881105, 18.3080848], [76.9905138, 18.3087366], [76.9932174, 18.3090218], [76.996479, 18.3092663], [76.9987535, 18.3108553], [76.9992685, 18.3122812], [76.999526, 18.3163961], [77.0006418, 18.3212035], [77.0011568, 18.3272737], [77.0024871, 18.33591], [77.0047617, 18.341776], [77.0056629, 18.3444237], [77.0066928, 18.3452384], [77.0087528, 18.3441793], [77.0105981, 18.3429573], [77.0120143, 18.3423055], [77.0128727, 18.3420204], [77.0153188, 18.3430795], [77.0170784, 18.3430795], [77.0196104, 18.3427129], [77.0222711, 18.3420204], [77.0249748, 18.3416538], [77.026906, 18.341613], [77.0282793, 18.3422648], [77.0300388, 18.342998], [77.0315408, 18.3421018], [77.0327425, 18.3398614], [77.0341587, 18.3367655], [77.0352315, 18.3342805], [77.0369482, 18.3315104], [77.0378494, 18.3298402], [77.0393514, 18.3289439], [77.0420122, 18.3291476], [77.0439863, 18.3284143], [77.044115, 18.3271922], [77.0439863, 18.3258071], [77.0428276, 18.3242997], [77.0432996, 18.3214887], [77.0464325, 18.320348], [77.0492219, 18.3198998], [77.0507669, 18.3196961], [77.0525264, 18.3205109], [77.0538997, 18.3220998], [77.0558738, 18.322385], [77.0571613, 18.322385], [77.0619678, 18.3245442], [77.0661306, 18.3248701], [77.0717954, 18.3262552], [77.0756578, 18.3260515], [77.0763874, 18.3257663], [77.0759582, 18.3236479], [77.0762586, 18.3204295], [77.0766449, 18.3187184], [77.0768594, 18.3164369], [77.0774173, 18.3147257], [77.0791769, 18.3140739], [77.0809364, 18.3144406], [77.0829534, 18.3150924], [77.0847129, 18.3154998], [77.0920085, 18.316885], [77.0990037, 18.3194517], [77.1019649, 18.3210406], [77.1042823, 18.3223442], [77.106471, 18.3240145], [77.1079731, 18.3246664], [77.1117067, 18.3255626], [77.1134662, 18.3245034], [77.1144962, 18.3226701], [77.1144962, 18.3206332], [77.11411, 18.3152554], [77.1138525, 18.3137072], [77.1134662, 18.3122405], [77.1129512, 18.3108553], [77.1131229, 18.309633], [77.1153545, 18.3089811], [77.1193885, 18.3088181], [77.122221, 18.3086552], [77.1242809, 18.3080848], [77.1275425, 18.3073921], [77.1305894, 18.3070254], [77.1371984, 18.3068625], [77.1380567, 18.3048253], [77.1397304, 18.3025436], [77.1415758, 18.3011991], [77.1435499, 18.3004656], [77.1459961, 18.3001397], [77.1515321, 18.2999767], [77.1541929, 18.3009546], [77.1568965, 18.3024621], [77.1596002, 18.3056402], [77.1623468, 18.306455], [77.1645784, 18.3068625], [77.1684837, 18.3061291], [77.1692562, 18.3042956], [77.1706724, 18.3019325], [77.1716594, 18.3004249], [77.1730756, 18.2985506], [77.1738052, 18.2974505], [77.1731185, 18.2902384], [77.1739339, 18.2861229], [77.1747463, 18.284758], [77.1758032, 18.2847649], [77.177074, 18.2851117], [77.1771369, 18.2851273], [77.1799152, 18.2853559], [77.1801751, 18.2853736], [77.180287, 18.2853814], [77.1806477, 18.2854071], [77.1820487, 18.2854379], [77.1841404, 18.2851432], [77.186146, 18.2849244], [77.1874171, 18.2848669], [77.1878997, 18.2846241], [77.1894187, 18.2836459], [77.1909853, 18.2826191], [77.1911018, 18.2825333], [77.1917529, 18.2819952], [77.1925478, 18.2812906], [77.1933092, 18.280713], [77.1941328, 18.2801274], [77.195061, 18.2798271], [77.1955942, 18.2796788], [77.1958397, 18.2789325], [77.1962539, 18.278437], [77.1969559, 18.278128], [77.1970481, 18.2777637], [77.1973479, 18.277904], [77.1978957, 18.2768493], [77.1979241, 18.2767857], [77.1986807, 18.2774118], [77.1987904, 18.2774535], [77.2001314, 18.2785917], [77.2011003, 18.278609], [77.2031448, 18.2795756], [77.2033094, 18.2796046], [77.2062843, 18.2800156], [77.2064025, 18.2800278], [77.2065698, 18.280053], [77.2089948, 18.2802985], [77.2112043, 18.2802504], [77.2116446, 18.2802246], [77.2120291, 18.2802878], [77.2128172, 18.280513], [77.21306, 18.2805824], [77.2132574, 18.2806395], [77.213422, 18.2807194], [77.2135787, 18.2807959], [77.2133765, 18.2814509], [77.2129233, 18.2825392], [77.2127289, 18.2830584], [77.2123859, 18.283797], [77.2118811, 18.2844725], [77.2114134, 18.2850551], [77.2107155, 18.2857087], [77.2100286, 18.28654], [77.210013, 18.2867426], [77.2098374, 18.2872703], [77.2094629, 18.288424], [77.2095119, 18.2889694], [77.2097839, 18.2903318], [77.2098753, 18.2904837], [77.2100799, 18.2912118], [77.2101327, 18.2920772], [77.2101394, 18.2921939], [77.2101129, 18.2927648], [77.2101158, 18.2934588], [77.2101949, 18.2946959], [77.2101678, 18.2947001], [77.209609, 18.2947262], [77.209071, 18.2951657], [77.2074808, 18.2940503], [77.2071149, 18.2937333], [77.2064177, 18.294063], [77.2054971, 18.2940653], [77.2054603, 18.2942169], [77.2051895, 18.2948319], [77.204444, 18.2958693], [77.2038837, 18.2966323], [77.2038682, 18.2967776], [77.2037033, 18.2967614], [77.2031951, 18.2983948], [77.2032528, 18.2991677], [77.2031975, 18.2993166], [77.2031853, 18.2994594], [77.203413, 18.3008354], [77.2031064, 18.3036226], [77.2028453, 18.3038692], [77.2031285, 18.3050578], [77.2031769, 18.3055073], [77.2028486, 18.3064148], [77.2028828, 18.3066149], [77.2027028, 18.3077671], [77.202431, 18.3086425], [77.2022939, 18.3093603], [77.2020274, 18.3098073], [77.2019165, 18.3100096], [77.2019522, 18.3104621], [77.2015172, 18.310627], [77.2014668, 18.3108628], [77.2015175, 18.3111082], [77.2013749, 18.3114762], [77.2013125, 18.3117806], [77.2011613, 18.3121918], [77.2009064, 18.3124087], [77.2007033, 18.312598], [77.200091, 18.3131692], [77.1987557, 18.3145524], [77.1993078, 18.3155632], [77.1992061, 18.3156572], [77.2001191, 18.3171229], [77.2010775, 18.3189276], [77.2021139, 18.3217675], [77.2033023, 18.3210308], [77.2053995, 18.3195471], [77.2063931, 18.3189176], [77.2071213, 18.3184675], [77.2073821, 18.3183048], [77.208684, 18.3175384], [77.2096912, 18.3168943], [77.211553, 18.3162257], [77.211566, 18.3163228], [77.2117173, 18.3173753], [77.2121005, 18.3182513], [77.2125814, 18.31908], [77.2131914, 18.3199864], [77.2136519, 18.3206198], [77.2148624, 18.3234081], [77.2155187, 18.3241202], [77.2158826, 18.3242774], [77.2171289, 18.3248285], [77.2187546, 18.3256376], [77.2193589, 18.3267988], [77.2194362, 18.3270169], [77.220061, 18.3293049], [77.2201037, 18.3295951], [77.2204211, 18.3308992], [77.2205491, 18.3313194], [77.2208061, 18.3322343], [77.2210914, 18.3336687], [77.2214097, 18.3355567], [77.2218747, 18.3374914], [77.2224938, 18.3392548], [77.223615, 18.3402096], [77.2256708, 18.3428727], [77.226486, 18.3438351], [77.2277623, 18.3452769], [77.2289888, 18.3465116], [77.2294438, 18.3476357], [77.2293798, 18.3478977], [77.228803, 18.3478653], [77.2278456, 18.3476562], [77.2262578, 18.3475482], [77.223693, 18.3476764], [77.2227505, 18.3480307], [77.2198535, 18.3488162], [77.2196479, 18.3488763], [77.2197478, 18.3489983], [77.2203567, 18.3496628], [77.221643, 18.3518851], [77.2223177, 18.3532495], [77.2225613, 18.3541828], [77.2225898, 18.3542653], [77.222649, 18.3543792], [77.2228972, 18.3548318], [77.2236841, 18.3558377], [77.2242979, 18.3565577], [77.2243373, 18.3567117], [77.2247052, 18.3580685], [77.2247163, 18.3581808], [77.2247806, 18.3583991], [77.2250706, 18.3605242], [77.2250842, 18.3607306], [77.2251277, 18.3608595], [77.2253503, 18.3618027], [77.2254134, 18.3618861], [77.2253757, 18.3620378], [77.2250365, 18.3646333], [77.2251987, 18.3648826], [77.2252694, 18.3649805], [77.2254004, 18.3651396], [77.2262251, 18.3659742], [77.226587, 18.3662292], [77.227477, 18.3668623], [77.2284145, 18.3675292], [77.2284898, 18.367572], [77.2288043, 18.3677506], [77.2288782, 18.3677924], [77.229794, 18.3680952], [77.2311478, 18.3686701], [77.2316296, 18.3688726], [77.2323916, 18.3691698], [77.2330419, 18.3694248], [77.2335022, 18.3694213], [77.233981, 18.3694753], [77.2354328, 18.3696506], [77.2365386, 18.3698201], [77.2369335, 18.3695986], [77.237119, 18.3695579], [77.2373608, 18.36955], [77.2378421, 18.3697432], [77.2379367, 18.3695255], [77.2391218, 18.3696657], [77.2399251, 18.3698819], [77.23993, 18.3698848], [77.2400785, 18.3699265], [77.2411508, 18.3702691], [77.2424652, 18.3705517], [77.2435261, 18.3705392], [77.2446051, 18.3707], [77.2452127, 18.3706025], [77.2461531, 18.3702379], [77.2462756, 18.370155], [77.2462712, 18.3701488], [77.2462896, 18.3701407], [77.2470373, 18.3712815], [77.2485549, 18.374435], [77.2476898, 18.3759196], [77.2476867, 18.376028], [77.245082, 18.376552], [77.2432356, 18.3771185], [77.241307, 18.3775609], [77.2403968, 18.3773005], [77.2397972, 18.3772023], [77.2392203, 18.3781185], [77.2388881, 18.3791578], [77.2373766, 18.3824969], [77.2360291, 18.3846699], [77.2346176, 18.3869321], [77.2333774, 18.3880455], [77.2335453, 18.3884001], [77.2333007, 18.3898323], [77.2339385, 18.3906618], [77.2340694, 18.3919668], [77.2340134, 18.3927556], [77.234303, 18.3951639], [77.2344422, 18.3957158], [77.2349489, 18.3968252], [77.2349497, 18.396827], [77.2349577, 18.3968446], [77.2353043, 18.3972248], [77.2350302, 18.3982348], [77.2348154, 18.3990697], [77.2349726, 18.400715], [77.2368413, 18.4040182], [77.2377938, 18.4056456], [77.2389227, 18.4074496], [77.2390141, 18.4076671], [77.2399755, 18.4089311], [77.2395137, 18.4086353], [77.2393547, 18.4089318], [77.2398045, 18.4090631], [77.2402899, 18.4098309], [77.240854, 18.4117304], [77.2413352, 18.4128439], [77.2401978, 18.4133307], [77.2402539, 18.4133645], [77.24031, 18.4133984], [77.2414672, 18.414101], [77.2415098, 18.4141271], [77.2415522, 18.4141532], [77.241613, 18.4130476], [77.2430688, 18.4143511], [77.2441398, 18.4152845], [77.2446068, 18.4149484], [77.2454841, 18.4147682], [77.2455454, 18.4146174], [77.2480562, 18.4150639], [77.2485492, 18.4144244], [77.2489987, 18.4146484], [77.2504576, 18.4147702], [77.251978, 18.4139307], [77.2535648, 18.414007], [77.2553906, 18.4137659], [77.257372, 18.413604], [77.2596858, 18.4135683], [77.2615579, 18.4154099], [77.2633837, 18.417302], [77.2635408, 18.4197765], [77.2653539, 18.4217138], [77.26637, 18.4228483], [77.2658157, 18.4246519], [77.2662663, 18.4266266], [77.2667813, 18.4284995], [77.2669959, 18.4299652], [77.266674, 18.4317363], [77.2659874, 18.433202], [77.2650862, 18.4340773], [77.2647428, 18.4349323], [77.2644853, 18.4365812], [77.2639918, 18.4388814], [77.2645926, 18.4405302], [77.2645926, 18.4419552], [77.2641206, 18.4431765], [77.2629833, 18.4437057], [77.2614813, 18.44395], [77.26058, 18.4443775], [77.2577047, 18.4474104], [77.2562027, 18.4485299], [77.2539282, 18.4503822], [77.2535419, 18.4516442], [77.2535419, 18.4531911], [77.2545075, 18.4545142], [77.2565889, 18.4549212], [77.2576618, 18.454962], [77.2600651, 18.454962], [77.2618675, 18.4548195], [77.2633695, 18.4547381], [77.2649145, 18.454677], [77.266202, 18.4546973], [77.2685623, 18.4535269], [77.268393, 18.4546658], [77.2687075, 18.4578948], [77.2693884, 18.460142], [77.2726549, 18.4630432], [77.2727536, 18.472778], [77.2767053, 18.4766494], [77.265645, 18.4793547], [77.2641635, 18.4809523], [77.263391, 18.4831909], [77.2624039, 18.484534], [77.2606873, 18.4850835], [77.258563, 18.4855108], [77.2564387, 18.485694], [77.2546148, 18.4858568], [77.2508812, 18.487261], [77.2495937, 18.4883802], [77.2486925, 18.4909647], [77.2481346, 18.49302], [77.2461175, 18.4919008], [77.244358, 18.4910054], [77.2426843, 18.4914124], [77.2401523, 18.4926741], [77.2333717, 18.4960521], [77.2283506, 18.496744], [77.2240591, 18.4978021], [77.2216129, 18.4988603], [77.2186946, 18.4994708], [77.2177505, 18.4984533], [77.2174501, 18.4962963], [77.2161197, 18.4938951], [77.2121286, 18.4938137], [77.2074937, 18.4937323], [77.2015714, 18.4938544], [77.1964216, 18.4943021], [77.1854353, 18.4929997], [77.1814012, 18.4927148], [77.1794271, 18.4928776], [77.1768522, 18.4936916], [77.1754789, 18.4948718], [77.1756506, 18.497151], [77.1752214, 18.4985347], [77.1728181, 18.4985347], [77.1696424, 18.4977207], [77.1660804, 18.4967847], [77.1605014, 18.4958079], [77.1553516, 18.494587], [77.1518325, 18.4932439], [77.1483993, 18.4920229], [77.1432924, 18.4925113], [77.143464, 18.4959707], [77.143464, 18.4973952], [77.1440219, 18.4990231], [77.1445798, 18.500651], [77.1430349, 18.5023603], [77.1419191, 18.5036219], [77.1401596, 18.5053311], [77.1418333, 18.5110285], [77.142477, 18.5138772], [77.143979, 18.5165223], [77.1454811, 18.5199405], [77.1453094, 18.5305407], [77.1444082, 18.5305], [77.1428847, 18.5301134], [77.1411681, 18.5301744], [77.139709, 18.5304593], [77.1383571, 18.5314969], [77.137649, 18.5326769], [77.1371341, 18.5349962], [77.1365547, 18.535871], [77.1360183, 18.5370917], [77.1356106, 18.538292], [77.1349883, 18.5395737], [77.1351814, 18.5406112], [77.1358251, 18.5417098], [77.1350527, 18.5426253], [77.1334648, 18.5428084], [77.131834, 18.542727], [77.1299457, 18.5422184], [77.1288514, 18.540774], [77.1273494, 18.542076], [77.1259546, 18.542788], [77.1245169, 18.5431542], [77.1230364, 18.5431949], [77.1214485, 18.5429711], [77.1207618, 18.5418115], [77.1205902, 18.5406926], [77.1198606, 18.5396551], [77.1185946, 18.5391668], [77.1181226, 18.5397364], [77.117908, 18.5410588], [77.1178436, 18.5424218], [77.1179724, 18.5439476], [77.1188092, 18.5450462], [77.1198177, 18.5462464], [77.1194744, 18.5472026], [77.1175861, 18.5478739], [77.1158695, 18.5480163], [77.1138525, 18.546816], [77.1115994, 18.5448834], [77.1099686, 18.5440697], [77.1085739, 18.5435], [77.1071577, 18.5431949], [77.1061921, 18.5431339], [77.1047759, 18.5422387], [77.103939, 18.5411809], [77.1033597, 18.5396347], [77.1029305, 18.5381903], [77.1023083, 18.5375596], [77.1011281, 18.5376206], [77.098875, 18.5378037], [77.097137, 18.5369086], [77.0939612, 18.5360745], [77.0911288, 18.5361558], [77.0885968, 18.5363186], [77.0878672, 18.5371527], [77.087717, 18.5382717], [77.0869231, 18.5391261], [77.0858502, 18.5396144], [77.0848417, 18.5404892], [77.0838117, 18.5415064], [77.0835328, 18.5424015], [77.0835542, 18.5435814], [77.0837688, 18.5460023], [77.083658, 18.549416], [77.0803365, 18.5513162], [77.0794202, 18.5529992], [77.0782176, 18.5554423], [77.077015, 18.5581568], [77.0731208, 18.5560938], [77.0707155, 18.5550623], [77.0653324, 18.5551166], [77.0622399, 18.5553337], [77.0602356, 18.5558224], [77.058403, 18.5567453], [77.0570858, 18.5582654], [77.0563414, 18.5602198], [77.056055, 18.5621742], [77.0563414, 18.5651058], [77.0557114, 18.5680373], [77.0547951, 18.5737916], [77.0531916, 18.5762886], [77.0523899, 18.5775372], [77.0521036, 18.5790571], [77.0519318, 18.5818798], [77.0518745, 18.5851367], [77.0500992, 18.5864394], [77.0486102, 18.5866566], [77.0475794, 18.5885021], [77.0475794, 18.5913246], [77.0422535, 18.5940386], [77.0385884, 18.5958297], [77.0360686, 18.5945271], [77.0344079, 18.5942557], [77.0326326, 18.5943642], [77.0301128, 18.5938215], [77.0286811, 18.5927359], [77.0285666, 18.591596], [77.0292538, 18.5887192], [77.0291393, 18.5871994], [77.0277648, 18.5850824], [77.0259895, 18.5823141], [77.0242715, 18.5794914], [77.0212936, 18.5762886], [77.0188884, 18.5760172], [77.0164259, 18.5761258], [77.0154523, 18.5768315], [77.0141924, 18.5787314], [77.0124171, 18.5810113], [77.0092101, 18.5849739], [77.0076639, 18.5863309], [77.0059459, 18.5878507], [77.0036552, 18.5885564], [77.0028534, 18.5880679], [77.0015363, 18.5838882], [77.0015936, 18.5824226], [77.0018799, 18.5802513], [77.0033116, 18.5789485], [77.0033116, 18.5777543], [77.0019944, 18.5765601], [77.0003909, 18.5753658], [76.9993601, 18.5753115], [76.9975848, 18.5767229], [76.996554, 18.5765601], [76.9958095, 18.5742801], [76.9952941, 18.5722716], [76.9940342, 18.5701544], [76.9942633, 18.569503], [76.9952941, 18.5684173], [76.9959813, 18.5680373], [76.9973558, 18.567223], [76.9975848, 18.5662458], [76.9970694, 18.5652143], [76.9964967, 18.5649972], [76.995065, 18.5660287], [76.9939197, 18.5659744], [76.9934616, 18.5643457], [76.9938624, 18.5629343], [76.9947214, 18.5620114], [76.9943778, 18.5608713], [76.9919726, 18.5598941], [76.9898537, 18.5601655], [76.9876203, 18.5604913], [76.9848714, 18.5613056], [76.9817217, 18.5611427], [76.9780566, 18.5602741], [76.9742769, 18.5602741], [76.9738626, 18.5544853], [76.9742488, 18.551678], [76.9753217, 18.5494403], [76.9757509, 18.5459006], [76.9770813, 18.5458192], [76.9806432, 18.5454124], [76.983776, 18.5456158], [76.9881534, 18.5456565], [76.9913292, 18.5452089], [76.9925308, 18.5431746], [76.9983244, 18.5428084], [76.9982814, 18.5415878], [76.9981098, 18.5397161], [76.9984531, 18.5366645], [76.9992256, 18.5360541], [77.0011997, 18.5359728], [77.0032167, 18.5366238], [77.0042038, 18.5379665], [77.00459, 18.539472], [77.0060062, 18.5404078], [77.0078086, 18.5404892], [77.0099973, 18.5391058], [77.012186, 18.5391872], [77.0142459, 18.5379258], [77.0151043, 18.5362576], [77.0150613, 18.530439], [77.0155334, 18.5284044], [77.0160484, 18.5272651], [77.0154905, 18.5261664], [77.0146751, 18.5258409], [77.0129585, 18.5258816], [77.0121431, 18.526614], [77.010684, 18.5281196], [77.0090961, 18.5296658], [77.0034742, 18.5311307], [77.0009851, 18.5321886], [76.997981, 18.5326362], [76.9952344, 18.5326362], [76.99193, 18.5338162], [76.9892692, 18.5332466], [76.9892263, 18.5274685], [76.9906425, 18.5239284], [76.9925737, 18.5215275], [76.9940757, 18.5207951], [76.996479, 18.5199812], [76.9984102, 18.519208], [77.0005989, 18.518679], [77.0042038, 18.51815], [77.0069933, 18.5164816], [77.0101261, 18.5154642], [77.0126581, 18.515098], [77.0163059, 18.5143248], [77.0175075, 18.4960114], [77.0167779, 18.4918601], [77.0179796, 18.4888076], [77.0174646, 18.487261], [77.016735, 18.4854702], [77.0163917, 18.4843712], [77.0148897, 18.4838014], [77.0132589, 18.4829467], [77.0108985, 18.4811558], [77.0085382, 18.4788357], [77.0081949, 18.4730152], [77.0080661, 18.4713056], [77.0084524, 18.4688633], [77.0099115, 18.4663396], [77.0094394, 18.4623504], [77.0092678, 18.4602336], [77.0085811, 18.4577098], [77.0091819, 18.4556744], [77.0090103, 18.4535168], [77.0075941, 18.4524991], [77.0061779, 18.4504229], [77.0048475, 18.4490795], [77.00459, 18.4503822], [77.0042467, 18.4529062], [77.0034742, 18.4547381], [77.0031309, 18.4565699], [76.9999122, 18.4560814], [76.9987106, 18.4556744], [76.9978094, 18.4560814], [76.9980239, 18.4578726], [76.9976806, 18.4594195], [76.9955349, 18.459908], [76.9929599, 18.4607628], [76.9902134, 18.4611292], [76.9803428, 18.4607221], [76.9784975, 18.4611699], [76.9764804, 18.4625539], [76.9738197, 18.463368], [76.9708585, 18.4640193], [76.9663095, 18.4643043], [76.9655799, 18.457954], [76.9652366, 18.4560407], [76.9648075, 18.4540867], [76.9647216, 18.4512371], [76.9652366, 18.4492424], [76.9648075, 18.4478175], [76.9636917, 18.4458227], [76.9607734, 18.4421994], [76.9586277, 18.4403674], [76.9571256, 18.4382911], [76.9557523, 18.4352377], [76.9543361, 18.4312885], [76.9511819, 18.4248352], [76.9506883, 18.4237765], [76.9500232, 18.4228401], [76.9492721, 18.4215372], [76.9486069, 18.4207636], [76.9478559, 18.4206618], [76.9462895, 18.4214557], [76.9449806, 18.4224736], [76.9386935, 18.4224533], [76.9371915, 18.422779], [76.9357323, 18.423573], [76.9341659, 18.4241023], [76.9318914, 18.4241633], [76.9304967, 18.4235119], [76.9300675, 18.4221683], [76.9299388, 18.4215982], [76.9291019, 18.4207228], [76.9273852, 18.4203361], [76.9264411, 18.4168344], [76.926012, 18.3989179], [76.9251536, 18.3970447], [76.9245528, 18.3953343], [76.9274711, 18.3924837], [76.928501, 18.3902032], [76.929016, 18.3875154], [76.9297027, 18.3857236], [76.9311618, 18.3840946], [76.9301318, 18.3818954], [76.9259261, 18.3768453], [76.923437, 18.3730984], [76.9182014, 18.370166], [76.9128799, 18.3660117]]]}, "properties": {"level": "taluka", "name": "Udgir", "parent_level": "district", "parent_name": "Latur"}}, {"type": "Feature", "geometry": {"type": "Polygon", "coordinates": [[[76.74801269999999, 18.1277893], [76.7508127, 18.1277893], [76.7508127, 18.1305893], [76.74801269999999, 18.1305893], [76.74801269999999, 18.1277893]]]}, "properties": {"level": "village", "name": "Nilanga", "parent_level": "taluka", "parent_name": "Nilanga"}}, {"type": "Feature", "geometry": {"type": "Polygon", "coordinates": [[[76.499558, 18.2496243], [76.502358, 18.2496243], [76.502358, 18.2524243], [76.499558, 18.2524243], [76.499558, 18.2496243]]]}, "properties": {"level": "village", "name": "Ausa", "parent_level": "taluka", "parent_name": "Ausa"}}, {"type": "Feature", "geometry": {"type": "Polygon", "coordinates": [[[77.1182118, 18.390734899999998], [77.1210118, 18.390734899999998], [77.1210118, 18.3935349], [77.1182118, 18.3935349], [77.1182118, 18.390734899999998]]]}, "properties": {"level": "village", "name": "Udgir", "parent_level": "taluka", "parent_name": "Udgir"}}, {"type": "Feature", "geometry": {"type": "Polygon", "coordinates": [[[76.56119129999999, 18.396827299999998], [76.5639913, 18.396827299999998], [76.5639913, 18.3996273], [76.56119129999999, 18.3996273], [76.56119129999999, 18.396827299999998]]]}, "properties": {"level": "village", "name": "Latur", "parent_level": "taluka", "parent_name": "Latur"}}, {"type": "Feature", "geometry": {"type": "Polygon", "coordinates": [[[76.8425443, 18.5080065], [76.84534430000001, 18.5080065], [76.84534430000001, 18.5108065], [76.8425443, 18.5108065], [76.8425443, 18.5080065]]]}, "properties": {"level": "village", "name": "Latur Road", "parent_level": "taluka", "parent_name": "Chakur"}}, {"type": "Feature", "geometry": {"type": "Polygon", "coordinates": [[[77.0815894, 18.5197724], [77.0843894, 18.5197724], [77.0843894, 18.5225724], [77.0815894, 18.5225724], [77.0815894, 18.5197724]]]}, "properties": {"level": "village", "name": "Wadhawana", "parent_level": "taluka", "parent_name": "Udgir"}}, {"type": "Feature", "geometry": {"type": "Polygon", "coordinates": [[[77.1769024, 18.6276607], [77.17970240000001, 18.6276607], [77.17970240000001, 18.6304607], [77.1769024, 18.6304607], [77.1769024, 18.6276607]]]}, "properties": {"level": "village", "name": "Jalkot", "parent_level": "taluka", "parent_name": "Jalkot"}}, {"type": "Feature", "geometry": {"type": "Polygon", "coordinates": [[[76.82343519999999, 18.7669951], [76.8262352, 18.7669951], [76.8262352, 18.7697951], [76.82343519999999, 18.7697951], [76.82343519999999, 18.7669951]]]}, "properties": {"level": "village", "name": "Andhori", "parent_level": "taluka", "parent_name": "Ahmadpur"}}, {"type": "Feature", "geometry": {"type": "Polygon", "coordinates": [[[76.92721829999999, 18.0541297], [76.9300183, 18.0541297], [76.9300183, 18.0569297], [76.92721829999999, 18.0569297], [76.92721829999999, 18.0541297]]]}, "properties": {"level": "village", "name": "Aurad Shahajani", "parent_level": "taluka", "parent_name": "Nilanga"}}, {"type": "Feature", "geometry": {"type": "Polygon", "coordinates": [[[76.9363269, 18.1075014], [76.9391269, 18.1075014], [76.9391269, 18.1103014], [76.9363269, 18.1103014], [76.9363269, 18.1075014]]]}, "properties": {"level": "village", "name": "Halasi", "parent_level": "taluka", "parent_name": "Nilanga"}}, {"type": "Feature", "geometry": {"type": "Polygon", "coordinates": [[[77.08073449999999, 18.2630438], [77.0835345, 18.2630438], [77.0835345, 18.2658438], [77.08073449999999, 18.2658438], [77.08073449999999, 18.2630438]]]}, "properties": {"level": "village", "name": "Deoni", "parent_level": "taluka", "parent_name": "Deoni"}}, {"type": "Feature", "geometry": {"type": "Polygon", "coordinates": [[[76.57145919999999, 18.2318215], [76.5742592, 18.2318215], [76.5742592, 18.2346215], [76.57145919999999, 18.2346215], [76.57145919999999, 18.2318215]]]}, "properties": {"level": "village", "name": "Kanheri", "parent_level": "taluka", "parent_name": "Ausa"}}, {"type": "Feature", "geometry": {"type": "Polygon", "coordinates": [[[76.93633129999999, 18.7047242], [76.9391313, 18.7047242], [76.9391313, 18.7075242], [76.93633129999999, 18.7075242], [76.93633129999999, 18.7047242]]]}, "properties": {"level": "village", "name": "Ahmadpur", "parent_level": "taluka", "parent_name": "Ahmadpur"}}, {"type": "Feature", "geometry": {"type": "Polygon", "coordinates": [[[77.2213838, 18.3749934], [77.2241838, 18.3749934], [77.2241838, 18.3777934], [77.2213838, 18.3777934], [77.2213838, 18.3749934]]]}, "properties": {"level": "village", "name": "Shirola", "parent_level": "taluka", "parent_name": "Udgir"}}, {"type": "Feature", "geometry": {"type": "Polygon", "coordinates": [[[76.9484275, 18.2194742], [76.9512275, 18.2194742], [76.9512275, 18.2222742], [76.9484275, 18.2222742], [76.9484275, 18.2194742]]]}, "properties": {"level": "village", "name": "Anantwadi", "parent_level": "taluka", "parent_name": "Deoni"}}, {"type": "Feature", "geometry": {"type": "Polygon", "coordinates": [[[76.6328571, 18.2350897], [76.6356571, 18.2350897], [76.6356571, 18.2378897], [76.6328571, 18.2378897], [76.6328571, 18.2350897]]]}, "properties": {"level": "village", "name": "Kinithot", "parent_level": "taluka", "parent_name": "Ausa"}}, {"type": "Feature", "geometry": {"type": "Polygon", "coordinates": [[[76.9687044, 18.6281068], [76.9715044, 18.6281068], [76.9715044, 18.6309068], [76.9687044, 18.6309068], [76.9687044, 18.6281068]]]}, "properties": {"level": "village", "name": "Sirur Tajband", "parent_level": "taluka", "parent_name": "Ahmadpur"}}, {"type": "Feature", "geometry": {"type": "Polygon", "coordinates": [[[76.8091354, 18.332805], [76.81193540000001, 18.332805], [76.81193540000001, 18.335605], [76.8091354, 18.335605], [76.8091354, 18.332805]]]}, "properties": {"level": "village", "name": "Turukwadi", "parent_level": "taluka", "parent_name": "Shirur Anantpal"}}, {"type": "Feature", "geometry": {"type": "Polygon", "coordinates": [[[76.3838763, 18.5298928], [76.3866763, 18.5298928], [76.3866763, 18.5326928], [76.3838763, 18.5326928], [76.3838763, 18.5298928]]]}, "properties": {"level": "village", "name": "Bodkha", "parent_level": "taluka", "parent_name": "Latur"}}, {"type": "Feature", "geometry": {"type": "Polygon", "coordinates": [[[76.4272131, 18.4149945], [76.43001310000001, 18.4149945], [76.43001310000001, 18.4177945], [76.4272131, 18.4177945], [76.4272131, 18.4149945]]]}, "properties": {"level": "village", "name": "Chikhurda", "parent_level": "taluka", "parent_name": "Latur"}}, {"type": "Feature", "geometry": {"type": "Polygon", "coordinates": [[[76.40785199999999, 18.543250699999998], [76.410652, 18.543250699999998], [76.410652, 18.5460507], [76.40785199999999, 18.5460507], [76.40785199999999, 18.543250699999998]]]}, "properties": {"level": "village", "name": "Ganjur", "parent_level": "taluka", "parent_name": "Latur"}}, {"type": "Feature", "geometry": {"type": "Polygon", "coordinates": [[[76.40249279999999, 18.4201553], [76.4052928, 18.4201553], [76.4052928, 18.4229553], [76.40249279999999, 18.4229553], [76.40249279999999, 18.4201553]]]}, "properties": {"level": "village", "name": "Gategaon", "parent_level": "taluka", "parent_name": "Latur"}}, {"type": "Feature", "geometry": {"type": "Polygon", "coordinates": [[[76.4492252, 18.5063425], [76.45202520000001, 18.5063425], [76.45202520000001, 18.5091425], [76.4492252, 18.5091425], [76.4492252, 18.5063425]]]}, "properties": {"level": "village", "name": "Karsa", "parent_level": "taluka", "parent_name": "Latur"}}, {"type": "Feature", "geometry": {"type": "Polygon", "coordinates": [[[76.5113001, 18.4665042], [76.51410010000001, 18.4665042], [76.51410010000001, 18.4693042], [76.5113001, 18.4693042], [76.5113001, 18.4665042]]]}, "properties": {"level": "village", "name": "Nagzari", "parent_level": "taluka", "parent_name": "Latur"}}, {"type": "Feature", "geometry": {"type": "Polygon", "coordinates": [[[76.428484, 18.5170605], [76.431284, 18.5170605], [76.431284, 18.5198605], [76.428484, 18.5198605], [76.428484, 18.5170605]]]}, "properties": {"level": "village", "name": "Rui", "parent_level": "taluka", "parent_name": "Latur"}}, {"type": "Feature", "geometry": {"type": "Polygon", "coordinates": [[[76.512113, 18.3417108], [76.514913, 18.3417108], [76.514913, 18.344510800000002], [76.512113, 18.344510800000002], [76.512113, 18.3417108]]]}, "properties": {"level": "village", "name": "Gangapur", "parent_level": "taluka", "parent_name": "Latur"}}, {"type": "Feature", "geometry": {"type": "Polygon", "coordinates": [[[76.4940352, 18.3558959], [76.4968352, 18.3558959], [76.4968352, 18.3586959], [76.4940352, 18.3586959], [76.4940352, 18.3558959]]]}, "properties": {"level": "village", "name": "Khandapur", "parent_level": "taluka", "parent_name": "Latur"}}, {"type": "Feature", "geometry": {"type": "Polygon", "coordinates": [[[76.5226514, 18.4946735], [76.52545140000001, 18.4946735], [76.52545140000001, 18.4974735], [76.5226514, 18.4974735], [76.5226514, 18.4946735]]]}, "properties": {"level": "village", "name": "Darji Borgaon", "parent_level": "taluka", "parent_name": "Renapur"}}, {"type": "Feature", "geometry": {"type": "Polygon", "coordinates": [[[76.3874943, 18.2676843], [76.39029430000001, 18.2676843], [76.39029430000001, 18.2704843], [76.3874943, 18.2704843], [76.3874943, 18.2676843]]]}, "properties": {"level": "village", "name": "Bhada", "parent_level": "taluka", "parent_name": "Ausa"}}, {"type": "Feature", "geometry": {"type": "Polygon", "coordinates": [[[76.331136, 18.220185], [76.33393600000001, 18.220185], [76.33393600000001, 18.222985], [76.331136, 18.222985], [76.331136, 18.220185]]]}, "properties": {"level": "village", "name": "Shivli", "parent_level": "taluka", "parent_name": "Ausa"}}, {"type": "Feature", "geometry": {"type": "Polygon", "coordinates": [[[76.7534601, 17.9219479], [76.7562601, 17.9219479], [76.7562601, 17.9247479], [76.7534601, 17.9247479], [76.7534601, 17.9219479]]]}, "properties": {"level": "village", "name": "Kasar Shirasi", "parent_level": "taluka", "parent_name": "Nilanga"}}, {"type": "Feature", "geometry": {"type": "Polygon", "coordinates": [[[76.75076419999999, 17.9021285], [76.7535642, 17.9021285], [76.7535642, 17.9049285], [76.75076419999999, 17.9049285], [76.75076419999999, 17.9021285]]]}, "properties": {"level": "village", "name": "Shirasiwadi", "parent_level": "taluka", "parent_name": "Nilanga"}}, {"type": "Feature", "geometry": {"type": "Polygon", "coordinates": [[[76.8743429, 18.3420898], [76.87714290000001, 18.3420898], [76.87714290000001, 18.3448898], [76.8743429, 18.3448898], [76.8743429, 18.3420898]]]}, "properties": {"level": "village", "name": "Pandharwadi", "parent_level": "taluka", "parent_name": "Shirur Anantpal"}}, {"type": "Feature", "geometry": {"type": "Polygon", "coordinates": [[[76.8171325, 18.3421975], [76.81993250000001, 18.3421975], [76.81993250000001, 18.3449975], [76.8171325, 18.3449975], [76.8171325, 18.3421975]]]}, "properties": {"level": "village", "name": "\u0906\u0928\u0902\u0926\u0935\u093e\u0921\u0940 (Aandwadi)", "parent_level": "taluka", "parent_name": "Shirur Anantpal"}}, {"type": "Feature", "geometry": {"type": "Polygon", "coordinates": [[[76.7954496, 18.3417508], [76.7982496, 18.3417508], [76.7982496, 18.3445508], [76.7954496, 18.3445508], [76.7954496, 18.3417508]]]}, "properties": {"level": "village", "name": "Aari", "parent_level": "taluka", "parent_name": "Shirur Anantpal"}}, {"type": "Feature", "geometry": {"type": "Polygon", "coordinates": [[[76.83821189999999, 18.3353315], [76.8410119, 18.3353315], [76.8410119, 18.3381315], [76.83821189999999, 18.3381315], [76.83821189999999, 18.3353315]]]}, "properties": {"level": "village", "name": "Shirur Anantpal", "parent_level": "taluka", "parent_name": "Shirur Anantpal"}}, {"type": "Feature", "geometry": {"type": "Polygon", "coordinates": [[[76.88385339999999, 18.2817105], [76.8866534, 18.2817105], [76.8866534, 18.2845105], [76.88385339999999, 18.2845105], [76.88385339999999, 18.2817105]]]}, "properties": {"level": "village", "name": "Sakol", "parent_level": "taluka", "parent_name": "Shirur Anantpal"}}, {"type": "Feature", "geometry": {"type": "Polygon", "coordinates": [[[76.875776, 18.3155352], [76.87857600000001, 18.3155352], [76.87857600000001, 18.3183352], [76.875776, 18.3183352], [76.875776, 18.3155352]]]}, "properties": {"level": "village", "name": "Talegao", "parent_level": "taluka", "parent_name": "Shirur Anantpal"}}, {"type": "Feature", "geometry": {"type": "Polygon", "coordinates": [[[76.2394223, 18.401881], [76.24222230000001, 18.401881], [76.24222230000001, 18.404681], [76.2394223, 18.404681], [76.2394223, 18.401881]]]}, "properties": {"level": "village", "name": "Murud", "parent_level": "taluka", "parent_name": "Latur"}}, {"type": "Feature", "geometry": {"type": "Polygon", "coordinates": [[[76.8752202, 18.5160717], [76.87802020000001, 18.5160717], [76.87802020000001, 18.518871700000002], [76.8752202, 18.518871700000002], [76.8752202, 18.5160717]]]}, "properties": {"level": "village", "name": "Chakur", "parent_level": "taluka", "parent_name": "Chakur"}}, {"type": "Feature", "geometry": {"type": "Polygon", "coordinates": [[[76.4052768, 18.3975299], [76.4080768, 18.3975299], [76.4080768, 18.4003299], [76.4052768, 18.4003299], [76.4052768, 18.3975299]]]}, "properties": {"level": "village", "name": "Murud Akola", "parent_level": "taluka", "parent_name": "Latur"}}, {"type": "Feature", "geometry": {"type": "Polygon", "coordinates": [[[76.3735142, 18.320522399999998], [76.37631420000001, 18.320522399999998], [76.37631420000001, 18.3233224], [76.3735142, 18.3233224], [76.3735142, 18.320522399999998]]]}, "properties": {"level": "village", "name": "Kawtha Kej", "parent_level": "taluka", "parent_name": "Ausa"}}, {"type": "Feature", "geometry": {"type": "Polygon", "coordinates": [[[76.5461658, 18.4508795], [76.5489658, 18.4508795], [76.5489658, 18.4536795], [76.5461658, 18.4536795], [76.5461658, 18.4508795]]]}, "properties": {"level": "village", "name": "Nandgaon", "parent_level": "taluka", "parent_name": "Latur"}}, {"type": "Feature", "geometry": {"type": "Polygon", "coordinates": [[[76.5491157, 18.4725422], [76.55191570000001, 18.4725422], [76.55191570000001, 18.4753422], [76.5491157, 18.4753422], [76.5491157, 18.4725422]]]}, "properties": {"level": "village", "name": "Sai", "parent_level": "taluka", "parent_name": "Latur"}}, {"type": "Feature", "geometry": {"type": "Polygon", "coordinates": [[[76.6221618, 18.3492659], [76.62496180000001, 18.3492659], [76.62496180000001, 18.3520659], [76.6221618, 18.3520659], [76.6221618, 18.3492659]]]}, "properties": {"level": "village", "name": "Dhanora", "parent_level": "taluka", "parent_name": "Ausa"}}, {"type": "Feature", "geometry": {"type": "Polygon", "coordinates": [[[76.540673, 18.3290934], [76.543473, 18.3290934], [76.543473, 18.331893400000002], [76.540673, 18.331893400000002], [76.540673, 18.3290934]]]}, "properties": {"level": "village", "name": "Peth", "parent_level": "taluka", "parent_name": "Latur"}}, {"type": "Feature", "geometry": {"type": "Polygon", "coordinates": [[[76.710572, 18.2902027], [76.713372, 18.2902027], [76.713372, 18.2930027], [76.710572, 18.2930027], [76.710572, 18.2902027]]]}, "properties": {"level": "village", "name": "Bindgihal", "parent_level": "taluka", "parent_name": "Latur"}}, {"type": "Feature", "geometry": {"type": "Polygon", "coordinates": [[[76.69545339999999, 18.3306909], [76.6982534, 18.3306909], [76.6982534, 18.3334909], [76.69545339999999, 18.3334909], [76.69545339999999, 18.3306909]]]}, "properties": {"level": "village", "name": "Salgara", "parent_level": "taluka", "parent_name": "Latur"}}, {"type": "Feature", "geometry": {"type": "Polygon", "coordinates": [[[76.5953655, 18.5250309], [76.59816550000001, 18.5250309], [76.59816550000001, 18.5278309], [76.5953655, 18.5278309], [76.5953655, 18.5250309]]]}, "properties": {"level": "village", "name": "Renapur", "parent_level": "taluka", "parent_name": "Renapur"}}, {"type": "Feature", "geometry": {"type": "Polygon", "coordinates": [[[77.06335729999999, 18.5394554], [77.0661573, 18.5394554], [77.0661573, 18.542255400000002], [77.06335729999999, 18.542255400000002], [77.06335729999999, 18.5394554]]]}, "properties": {"level": "village", "name": "Wadhawana Kh", "parent_level": "taluka", "parent_name": "Udgir"}}, {"type": "Feature", "geometry": {"type": "Polygon", "coordinates": [[[76.49822739999999, 18.4132996], [76.5010274, 18.4132996], [76.5010274, 18.4160996], [76.49822739999999, 18.4160996], [76.49822739999999, 18.4132996]]]}, "properties": {"level": "village", "name": "Harangul Bk", "parent_level": "taluka", "parent_name": "Latur"}}, {"type": "Feature", "geometry": {"type": "Polygon", "coordinates": [[[76.2963529, 18.5324238], [76.29915290000001, 18.5324238], [76.29915290000001, 18.5352238], [76.2963529, 18.5352238], [76.2963529, 18.5324238]]]}, "properties": {"level": "village", "name": "Tandulja", "parent_level": "taluka", "parent_name": "Latur"}}, {"type": "Feature", "geometry": {"type": "Polygon", "coordinates": [[[76.4844186, 18.5156106], [76.4872186, 18.5156106], [76.4872186, 18.5184106], [76.4844186, 18.5184106], [76.4844186, 18.5156106]]]}, "properties": {"level": "village", "name": "Sindhgaon", "parent_level": "taluka", "parent_name": "Renapur"}}, {"type": "Feature", "geometry": {"type": "Polygon", "coordinates": [[[76.46732759999999, 18.540442], [76.4701276, 18.540442], [76.4701276, 18.543242], [76.46732759999999, 18.543242], [76.46732759999999, 18.540442]]]}, "properties": {"level": "village", "name": "Pohregaon", "parent_level": "taluka", "parent_name": "Renapur"}}, {"type": "Feature", "geometry": {"type": "Polygon", "coordinates": [[[76.6039218, 18.557947], [76.6067218, 18.557947], [76.6067218, 18.560747], [76.6039218, 18.560747], [76.6039218, 18.557947]]]}, "properties": {"level": "village", "name": "Ghansargaon", "parent_level": "taluka", "parent_name": "Renapur"}}, {"type": "Feature", "geometry": {"type": "Polygon", "coordinates": [[[76.62916129999999, 18.6290673], [76.6319613, 18.6290673], [76.6319613, 18.6318673], [76.62916129999999, 18.6318673], [76.62916129999999, 18.6290673]]]}, "properties": {"level": "village", "name": "Pangaon", "parent_level": "taluka", "parent_name": "Renapur"}}, {"type": "Feature", "geometry": {"type": "Polygon", "coordinates": [[[76.6902513, 18.5990731], [76.69305130000001, 18.5990731], [76.69305130000001, 18.6018731], [76.6902513, 18.6018731], [76.6902513, 18.5990731]]]}, "properties": {"level": "village", "name": "Karepur", "parent_level": "taluka", "parent_name": "Renapur"}}, {"type": "Feature", "geometry": {"type": "Polygon", "coordinates": [[[76.7975075, 18.6523727], [76.8003075, 18.6523727], [76.8003075, 18.6551727], [76.7975075, 18.6551727], [76.7975075, 18.6523727]]]}, "properties": {"level": "village", "name": "Jadhala", "parent_level": "taluka", "parent_name": "Chakur"}}, {"type": "Feature", "geometry": {"type": "Polygon", "coordinates": [[[76.86995929999999, 18.6811938], [76.8727593, 18.6811938], [76.8727593, 18.6839938], [76.86995929999999, 18.6839938], [76.86995929999999, 18.6811938]]]}, "properties": {"level": "village", "name": "Kajal Hipparaga", "parent_level": "taluka", "parent_name": "Ahmadpur"}}, {"type": "Feature", "geometry": {"type": "Polygon", "coordinates": [[[76.7635293, 18.718002], [76.76632930000001, 18.718002], [76.76632930000001, 18.720802], [76.7635293, 18.720802], [76.7635293, 18.718002]]]}, "properties": {"level": "village", "name": "Kingaon", "parent_level": "taluka", "parent_name": "Ahmadpur"}}, {"type": "Feature", "geometry": {"type": "Polygon", "coordinates": [[[76.755421, 18.4945402], [76.758221, 18.4945402], [76.758221, 18.4973402], [76.755421, 18.4973402], [76.755421, 18.4945402]]]}, "properties": {"level": "village", "name": "Nandgaon", "parent_level": "taluka", "parent_name": "Chakur"}}, {"type": "Feature", "geometry": {"type": "Polygon", "coordinates": [[[76.8039824, 18.5308649], [76.8067824, 18.5308649], [76.8067824, 18.5336649], [76.8039824, 18.5336649], [76.8039824, 18.5308649]]]}, "properties": {"level": "village", "name": "Wadwal Nagnath", "parent_level": "taluka", "parent_name": "Chakur"}}, {"type": "Feature", "geometry": {"type": "Polygon", "coordinates": [[[77.015378, 18.5475775], [77.018178, 18.5475775], [77.018178, 18.5503775], [77.015378, 18.5503775], [77.015378, 18.5475775]]]}, "properties": {"level": "village", "name": "Hali", "parent_level": "taluka", "parent_name": "Udgir"}}, {"type": "Feature", "geometry": {"type": "Polygon", "coordinates": [[[77.02016569999999, 18.5540006], [77.0229657, 18.5540006], [77.0229657, 18.5568006], [77.02016569999999, 18.5568006], [77.02016569999999, 18.5540006]]]}, "properties": {"level": "village", "name": "Handerguli", "parent_level": "taluka", "parent_name": "Udgir"}}, {"type": "Feature", "geometry": {"type": "Polygon", "coordinates": [[[76.9608634, 18.580970999999998], [76.9636634, 18.580970999999998], [76.9636634, 18.583771], [76.9608634, 18.583771], [76.9608634, 18.580970999999998]]]}, "properties": {"level": "village", "name": "Makni", "parent_level": "taluka", "parent_name": "Ahmadpur"}}, {"type": "Feature", "geometry": {"type": "Polygon", "coordinates": [[[76.8106718, 18.4198776], [76.8134718, 18.4198776], [76.8134718, 18.4226776], [76.8106718, 18.4226776], [76.8106718, 18.4198776]]]}, "properties": {"level": "village", "name": "Nalegaon", "parent_level": "taluka", "parent_name": "Chakur"}}, {"type": "Feature", "geometry": {"type": "Polygon", "coordinates": [[[76.9013787, 18.4409572], [76.9041787, 18.4409572], [76.9041787, 18.4437572], [76.9013787, 18.4437572], [76.9013787, 18.4409572]]]}, "properties": {"level": "village", "name": "Ujalamb", "parent_level": "taluka", "parent_name": "Chakur"}}, {"type": "Feature", "geometry": {"type": "Polygon", "coordinates": [[[76.9977183, 18.472459699999998], [77.00051830000001, 18.472459699999998], [77.00051830000001, 18.4752597], [76.9977183, 18.4752597], [76.9977183, 18.472459699999998]]]}, "properties": {"level": "village", "name": "Dongraj", "parent_level": "taluka", "parent_name": "Chakur"}}, {"type": "Feature", "geometry": {"type": "Polygon", "coordinates": [[[76.3156513, 18.4056441], [76.3184513, 18.4056441], [76.3184513, 18.4084441], [76.3156513, 18.4084441], [76.3156513, 18.4056441]]]}, "properties": {"level": "village", "name": "Borgaon", "parent_level": "taluka", "parent_name": "Latur"}}, {"type": "Feature", "geometry": {"type": "Polygon", "coordinates": [[[76.3219304, 18.4591694], [76.3247304, 18.4591694], [76.3247304, 18.4619694], [76.3219304, 18.4619694], [76.3219304, 18.4591694]]]}, "properties": {"level": "village", "name": "Shirala", "parent_level": "taluka", "parent_name": "Latur"}}, {"type": "Feature", "geometry": {"type": "Polygon", "coordinates": [[[76.29361159999999, 18.4815517], [76.2964116, 18.4815517], [76.2964116, 18.4843517], [76.29361159999999, 18.4843517], [76.29361159999999, 18.4815517]]]}, "properties": {"level": "village", "name": "Bhise Wagholi", "parent_level": "taluka", "parent_name": "Latur"}}, {"type": "Feature", "geometry": {"type": "Polygon", "coordinates": [[[77.1240182, 18.5546719], [77.1268182, 18.5546719], [77.1268182, 18.5574719], [77.1240182, 18.5574719], [77.1240182, 18.5546719]]]}, "properties": {"level": "village", "name": "Mangrul", "parent_level": "taluka", "parent_name": "Jalkot"}}, {"type": "Feature", "geometry": {"type": "Polygon", "coordinates": [[[76.6743941, 18.4490941], [76.67719410000001, 18.4490941], [76.67719410000001, 18.4518941], [76.6743941, 18.4518941], [76.6743941, 18.4490941]]]}, "properties": {"level": "village", "name": "Bhatangali", "parent_level": "taluka", "parent_name": "Latur"}}, {"type": "Feature", "geometry": {"type": "Polygon", "coordinates": [[[76.5841646, 18.4675269], [76.5869646, 18.4675269], [76.5869646, 18.4703269], [76.5841646, 18.4703269], [76.5841646, 18.4675269]]]}, "properties": {"level": "village", "name": "Mahapur", "parent_level": "taluka", "parent_name": "Latur"}}, {"type": "Feature", "geometry": {"type": "Polygon", "coordinates": [[[76.90266079999999, 18.141046499999998], [76.9054608, 18.141046499999998], [76.9054608, 18.1438465], [76.90266079999999, 18.1438465], [76.90266079999999, 18.141046499999998]]]}, "properties": {"level": "village", "name": "Hosur", "parent_level": "taluka", "parent_name": "Nilanga"}}, {"type": "Feature", "geometry": {"type": "Polygon", "coordinates": [[[77.0506008, 18.4206283], [77.0534008, 18.4206283], [77.0534008, 18.4234283], [77.0506008, 18.4234283], [77.0506008, 18.4206283]]]}, "properties": {"level": "village", "name": "Tondar", "parent_level": "taluka", "parent_name": "Udgir"}}, {"type": "Feature", "geometry": {"type": "Polygon", "coordinates": [[[76.97758569999999, 18.4179283], [76.9803857, 18.4179283], [76.9803857, 18.4207283], [76.97758569999999, 18.4207283], [76.97758569999999, 18.4179283]]]}, "properties": {"level": "village", "name": "Her", "parent_level": "taluka", "parent_name": "Udgir"}}, {"type": "Feature", "geometry": {"type": "Polygon", "coordinates": [[[77.113064, 18.215314799999998], [77.115864, 18.215314799999998], [77.115864, 18.2181148], [77.113064, 18.2181148], [77.113064, 18.215314799999998]]]}, "properties": {"level": "village", "name": "Borol", "parent_level": "taluka", "parent_name": "Deoni"}}, {"type": "Feature", "geometry": {"type": "Polygon", "coordinates": [[[77.1551854, 18.2775408], [77.1579854, 18.2775408], [77.1579854, 18.2803408], [77.1551854, 18.2803408], [77.1551854, 18.2775408]]]}, "properties": {"level": "village", "name": "Togari", "parent_level": "taluka", "parent_name": "Deoni"}}, {"type": "Feature", "geometry": {"type": "Polygon", "coordinates": [[[77.0401723, 18.2455492], [77.0429723, 18.2455492], [77.0429723, 18.2483492], [77.0401723, 18.2483492], [77.0401723, 18.2455492]]]}, "properties": {"level": "village", "name": "Vilegaon", "parent_level": "taluka", "parent_name": "Deoni"}}, {"type": "Feature", "geometry": {"type": "Polygon", "coordinates": [[[76.9345416, 18.2660846], [76.93734160000001, 18.2660846], [76.93734160000001, 18.2688846], [76.9345416, 18.2688846], [76.9345416, 18.2660846]]]}, "properties": {"level": "village", "name": "Kawathala", "parent_level": "taluka", "parent_name": "Deoni"}}, {"type": "Feature", "geometry": {"type": "Polygon", "coordinates": [[[76.3076986, 18.3613481], [76.3104986, 18.3613481], [76.3104986, 18.3641481], [76.3076986, 18.3641481], [76.3076986, 18.3613481]]]}, "properties": {"level": "village", "name": "Niwali", "parent_level": "taluka", "parent_name": "Latur"}}, {"type": "Feature", "geometry": {"type": "Polygon", "coordinates": [[[76.4375658, 18.2824919], [76.44036580000001, 18.2824919], [76.44036580000001, 18.2852919], [76.4375658, 18.2852919], [76.4375658, 18.2824919]]]}, "properties": {"level": "village", "name": "Lakhangaon", "parent_level": "taluka", "parent_name": "Ausa"}}, {"type": "Feature", "geometry": {"type": "Polygon", "coordinates": [[[76.62076069999999, 18.3101377], [76.6235607, 18.3101377], [76.6235607, 18.3129377], [76.62076069999999, 18.3129377], [76.62076069999999, 18.3101377]]]}, "properties": {"level": "village", "name": "Hasegaon", "parent_level": "taluka", "parent_name": "Ausa"}}, {"type": "Feature", "geometry": {"type": "Polygon", "coordinates": [[[76.69439799999999, 18.370838], [76.697198, 18.370838], [76.697198, 18.373638], [76.69439799999999, 18.373638], [76.69439799999999, 18.370838]]]}, "properties": {"level": "village", "name": "Bori", "parent_level": "taluka", "parent_name": "Latur"}}, {"type": "Feature", "geometry": {"type": "Polygon", "coordinates": [[[76.7378176, 18.318764599999998], [76.74061760000001, 18.318764599999998], [76.74061760000001, 18.3215646], [76.7378176, 18.3215646], [76.7378176, 18.318764599999998]]]}, "properties": {"level": "village", "name": "Talegaon(Bori)", "parent_level": "taluka", "parent_name": "Shirur Anantpal"}}, {"type": "Feature", "geometry": {"type": "Polygon", "coordinates": [[[76.8847061, 18.3709195], [76.88750610000001, 18.3709195], [76.88750610000001, 18.3737195], [76.8847061, 18.3737195], [76.8847061, 18.3709195]]]}, "properties": {"level": "village", "name": "Yerol", "parent_level": "taluka", "parent_name": "Shirur Anantpal"}}, {"type": "Feature", "geometry": {"type": "Polygon", "coordinates": [[[76.9959159, 18.3252676], [76.99871590000001, 18.3252676], [76.99871590000001, 18.3280676], [76.9959159, 18.3280676], [76.9959159, 18.3252676]]]}, "properties": {"level": "village", "name": "Devarjan", "parent_level": "taluka", "parent_name": "Udgir"}}, {"type": "Feature", "geometry": {"type": "Polygon", "coordinates": [[[77.12273069999999, 18.3269532], [77.1255307, 18.3269532], [77.1255307, 18.3297532], [77.12273069999999, 18.3297532], [77.12273069999999, 18.3269532]]]}, "properties": {"level": "village", "name": "Bamni", "parent_level": "taluka", "parent_name": "Udgir"}}, {"type": "Feature", "geometry": {"type": "Polygon", "coordinates": [[[77.0221157, 18.3884774], [77.02491570000001, 18.3884774], [77.02491570000001, 18.3912774], [77.0221157, 18.3912774], [77.0221157, 18.3884774]]]}, "properties": {"level": "village", "name": "Lohara", "parent_level": "taluka", "parent_name": "Udgir"}}, {"type": "Feature", "geometry": {"type": "Polygon", "coordinates": [[[76.4994712, 18.1228671], [76.50227120000001, 18.1228671], [76.50227120000001, 18.1256671], [76.4994712, 18.1256671], [76.4994712, 18.1228671]]]}, "properties": {"level": "village", "name": "Jawalgawadi Pomadevi", "parent_level": "taluka", "parent_name": "Ausa"}}, {"type": "Feature", "geometry": {"type": "Polygon", "coordinates": [[[76.6341771, 18.1761714], [76.63697710000001, 18.1761714], [76.63697710000001, 18.178971400000002], [76.6341771, 18.178971400000002], [76.6341771, 18.1761714]]]}, "properties": {"level": "village", "name": "Kininawre", "parent_level": "taluka", "parent_name": "Ausa"}}, {"type": "Feature", "geometry": {"type": "Polygon", "coordinates": [[[76.76159679999999, 18.2020824], [76.7643968, 18.2020824], [76.7643968, 18.2048824], [76.76159679999999, 18.2048824], [76.76159679999999, 18.2020824]]]}, "properties": {"level": "village", "name": "Rathoda", "parent_level": "taluka", "parent_name": "Nilanga"}}, {"type": "Feature", "geometry": {"type": "Polygon", "coordinates": [[[76.7257477, 18.250587799999998], [76.72854770000001, 18.250587799999998], [76.72854770000001, 18.2533878], [76.7257477, 18.2533878], [76.7257477, 18.250587799999998]]]}, "properties": {"level": "village", "name": "Masalga", "parent_level": "taluka", "parent_name": "Nilanga"}}, {"type": "Feature", "geometry": {"type": "Polygon", "coordinates": [[[76.7752344, 18.2413308], [76.77803440000001, 18.2413308], [76.77803440000001, 18.2441308], [76.7752344, 18.2441308], [76.7752344, 18.2413308]]]}, "properties": {"level": "village", "name": "Nitur", "parent_level": "taluka", "parent_name": "Nilanga"}}, {"type": "Feature", "geometry": {"type": "Polygon", "coordinates": [[[76.8046636, 18.1873125], [76.8074636, 18.1873125], [76.8074636, 18.1901125], [76.8046636, 18.1901125], [76.8046636, 18.1873125]]]}, "properties": {"level": "village", "name": "Kelagaon", "parent_level": "taluka", "parent_name": "Nilanga"}}, {"type": "Feature", "geometry": {"type": "Polygon", "coordinates": [[[76.9154818, 18.196501], [76.9182818, 18.196501], [76.9182818, 18.199301000000002], [76.9154818, 18.199301000000002], [76.9154818, 18.196501]]]}, "properties": {"level": "village", "name": "Dhanegaon", "parent_level": "taluka", "parent_name": "Deoni"}}, {"type": "Feature", "geometry": {"type": "Polygon", "coordinates": [[[77.0693762, 18.160997899999998], [77.0721762, 18.160997899999998], [77.0721762, 18.1637979], [77.0693762, 18.1637979], [77.0693762, 18.160997899999998]]]}, "properties": {"level": "village", "name": "Lasona", "parent_level": "taluka", "parent_name": "Deoni"}}, {"type": "Feature", "geometry": {"type": "Polygon", "coordinates": [[[76.54989669999999, 18.0702554], [76.5526967, 18.0702554], [76.5526967, 18.0730554], [76.54989669999999, 18.0730554], [76.54989669999999, 18.0702554]]]}, "properties": {"level": "village", "name": "Talani", "parent_level": "taluka", "parent_name": "Ausa"}}, {"type": "Feature", "geometry": {"type": "Polygon", "coordinates": [[[76.59146559999999, 18.0724126], [76.5942656, 18.0724126], [76.5942656, 18.0752126], [76.59146559999999, 18.0752126], [76.59146559999999, 18.0724126]]]}, "properties": {"level": "village", "name": "Killari", "parent_level": "taluka", "parent_name": "Ausa"}}, {"type": "Feature", "geometry": {"type": "Polygon", "coordinates": [[[76.62759489999999, 18.0822089], [76.6303949, 18.0822089], [76.6303949, 18.085008900000002], [76.62759489999999, 18.085008900000002], [76.62759489999999, 18.0822089]]]}, "properties": {"level": "village", "name": "Karla", "parent_level": "taluka", "parent_name": "Ausa"}}, {"type": "Feature", "geometry": {"type": "Polygon", "coordinates": [[[76.72979509999999, 18.0629549], [76.7325951, 18.0629549], [76.7325951, 18.0657549], [76.72979509999999, 18.0657549], [76.72979509999999, 18.0629549]]]}, "properties": {"level": "village", "name": "Dhanora", "parent_level": "taluka", "parent_name": "Nilanga"}}, {"type": "Feature", "geometry": {"type": "Polygon", "coordinates": [[[76.80324739999999, 18.0940392], [76.8060474, 18.0940392], [76.8060474, 18.0968392], [76.80324739999999, 18.0968392], [76.80324739999999, 18.0940392]]]}, "properties": {"level": "village", "name": "Ansarwada", "parent_level": "taluka", "parent_name": "Nilanga"}}, {"type": "Feature", "geometry": {"type": "Polygon", "coordinates": [[[76.71504569999999, 18.1013154], [76.7178457, 18.1013154], [76.7178457, 18.1041154], [76.71504569999999, 18.1041154], [76.71504569999999, 18.1013154]]]}, "properties": {"level": "village", "name": "Nanand", "parent_level": "taluka", "parent_name": "Ausa"}}, {"type": "Feature", "geometry": {"type": "Polygon", "coordinates": [[[76.8859882, 18.0938352], [76.88878820000001, 18.0938352], [76.88878820000001, 18.0966352], [76.8859882, 18.0966352], [76.8859882, 18.0938352]]]}, "properties": {"level": "village", "name": "Makni", "parent_level": "taluka", "parent_name": "Nilanga"}}, {"type": "Feature", "geometry": {"type": "Polygon", "coordinates": [[[76.8736179, 18.0486258], [76.8764179, 18.0486258], [76.8764179, 18.0514258], [76.8736179, 18.0514258], [76.8736179, 18.0486258]]]}, "properties": {"level": "village", "name": "Sawari", "parent_level": "taluka", "parent_name": "Nilanga"}}, {"type": "Feature", "geometry": {"type": "Polygon", "coordinates": [[[76.7460413, 18.0162148], [76.74884130000001, 18.0162148], [76.74884130000001, 18.0190148], [76.7460413, 18.0190148], [76.7460413, 18.0162148]]]}, "properties": {"level": "village", "name": "Bhut Mugali", "parent_level": "taluka", "parent_name": "Nilanga"}}, {"type": "Feature", "geometry": {"type": "Polygon", "coordinates": [[[76.8468816, 17.940142299999998], [76.84968160000001, 17.940142299999998], [76.84968160000001, 17.9429423], [76.8468816, 17.9429423], [76.8468816, 17.940142299999998]]]}, "properties": {"level": "village", "name": "Kasar Balkunda", "parent_level": "taluka", "parent_name": "Nilanga"}}, {"type": "Feature", "geometry": {"type": "Polygon", "coordinates": [[[76.8963093, 17.930874], [76.8991093, 17.930874], [76.8991093, 17.933674], [76.8963093, 17.933674], [76.8963093, 17.930874]]]}, "properties": {"level": "village", "name": "Tambala", "parent_level": "taluka", "parent_name": "Nilanga"}}, {"type": "Feature", "geometry": {"type": "Polygon", "coordinates": [[[76.79022259999999, 17.8873331], [76.7930226, 17.8873331], [76.7930226, 17.8901331], [76.79022259999999, 17.8901331], [76.79022259999999, 17.8873331]]]}, "properties": {"level": "village", "name": "Korali", "parent_level": "taluka", "parent_name": "Nilanga"}}, {"type": "Feature", "geometry": {"type": "Polygon", "coordinates": [[[76.6982872, 17.933676], [76.7010872, 17.933676], [76.7010872, 17.936476], [76.6982872, 17.936476], [76.6982872, 17.933676]]]}, "properties": {"level": "village", "name": "Ramling Mudgad", "parent_level": "taluka", "parent_name": "Nilanga"}}, {"type": "Feature", "geometry": {"type": "Polygon", "coordinates": [[[76.84874839999999, 18.0135264], [76.8515484, 18.0135264], [76.8515484, 18.0163264], [76.84874839999999, 18.0163264], [76.84874839999999, 18.0135264]]]}, "properties": {"level": "village", "name": "Borsuri", "parent_level": "taluka", "parent_name": "Nilanga"}}, {"type": "Feature", "geometry": {"type": "Polygon", "coordinates": [[[76.75710269999999, 18.0540679], [76.7599027, 18.0540679], [76.7599027, 18.0568679], [76.75710269999999, 18.0568679], [76.75710269999999, 18.0540679]]]}, "properties": {"level": "village", "name": "Limbala", "parent_level": "taluka", "parent_name": "Nilanga"}}, {"type": "Feature", "geometry": {"type": "Polygon", "coordinates": [[[77.1704311, 18.3463639], [77.17323110000001, 18.3463639], [77.17323110000001, 18.3491639], [77.1704311, 18.3491639], [77.1704311, 18.3463639]]]}, "properties": {"level": "village", "name": "Tondchir", "parent_level": "taluka", "parent_name": "Udgir"}}, {"type": "Feature", "geometry": {"type": "Polygon", "coordinates": [[[77.1662308, 18.4396366], [77.1690308, 18.4396366], [77.1690308, 18.4424366], [77.1662308, 18.4424366], [77.1662308, 18.4396366]]]}, "properties": {"level": "village", "name": "Awalkonda", "parent_level": "taluka", "parent_name": "Udgir"}}, {"type": "Feature", "geometry": {"type": "Polygon", "coordinates": [[[77.2231419, 18.4374941], [77.22594190000001, 18.4374941], [77.22594190000001, 18.4402941], [77.2231419, 18.4402941], [77.2231419, 18.4374941]]]}, "properties": {"level": "village", "name": "Kasral", "parent_level": "taluka", "parent_name": "Udgir"}}, {"type": "Feature", "geometry": {"type": "Polygon", "coordinates": [[[77.1853022, 18.4140473], [77.1881022, 18.4140473], [77.1881022, 18.4168473], [77.1853022, 18.4168473], [77.1853022, 18.4140473]]]}, "properties": {"level": "village", "name": "Nagalgaon", "parent_level": "taluka", "parent_name": "Udgir"}}, {"type": "Feature", "geometry": {"type": "Polygon", "coordinates": [[[76.75231769999999, 18.5490167], [76.7551177, 18.5490167], [76.7551177, 18.5518167], [76.75231769999999, 18.5518167], [76.75231769999999, 18.5490167]]]}, "properties": {"level": "village", "name": "Janwal", "parent_level": "taluka", "parent_name": "Chakur"}}, {"type": "Feature", "geometry": {"type": "Polygon", "coordinates": [[[76.5930219, 18.133338], [76.5958219, 18.133338], [76.5958219, 18.136138], [76.5930219, 18.136138], [76.5930219, 18.133338]]]}, "properties": {"level": "village", "name": "Lamjana", "parent_level": "taluka", "parent_name": "Ausa"}}, {"type": "Feature", "geometry": {"type": "Polygon", "coordinates": [[[76.66082209999999, 18.3843948], [76.6636221, 18.3843948], [76.6636221, 18.3871948], [76.66082209999999, 18.3871948], [76.66082209999999, 18.3843948]]]}, "properties": {"level": "village", "name": "Dhanegaon", "parent_level": "taluka", "parent_name": "Latur"}}, {"type": "Feature", "geometry": {"type": "Polygon", "coordinates": [[[76.8575139, 18.648987599999998], [76.86031390000001, 18.648987599999998], [76.86031390000001, 18.6517876], [76.8575139, 18.6517876], [76.8575139, 18.648987599999998]]]}, "properties": {"level": "village", "name": "Rokada Savargaon", "parent_level": "taluka", "parent_name": "Ahmadpur"}}, {"type": "Feature", "geometry": {"type": "Polygon", "coordinates": [[[76.54448939999999, 18.1238969], [76.5472894, 18.1238969], [76.5472894, 18.1266969], [76.54448939999999, 18.1266969], [76.54448939999999, 18.1238969]]]}, "properties": {"level": "village", "name": "Tapse Chincholi", "parent_level": "taluka", "parent_name": "Ausa"}}, {"type": "Feature", "geometry": {"type": "Polygon", "coordinates": [[[77.2570021, 18.5357324], [77.2598021, 18.5357324], [77.2598021, 18.5385324], [77.2570021, 18.5385324], [77.2570021, 18.5357324]]]}, "properties": {"level": "village", "name": "Atnur", "parent_level": "taluka", "parent_name": "Jalkot"}}, {"type": "Feature", "geometry": {"type": "Polygon", "coordinates": [[[76.7614854, 18.7404519], [76.7642854, 18.7404519], [76.7642854, 18.7432519], [76.7614854, 18.7432519], [76.7614854, 18.7404519]]]}, "properties": {"level": "village", "name": "Hingangaon", "parent_level": "taluka", "parent_name": "Ahmadpur"}}, {"type": "Feature", "geometry": {"type": "Polygon", "coordinates": [[[77.12881399999999, 18.6593052], [77.131614, 18.6593052], [77.131614, 18.6621052], [77.12881399999999, 18.6621052], [77.12881399999999, 18.6593052]]]}, "properties": {"level": "village", "name": "Wanjarwada", "parent_level": "taluka", "parent_name": "Ahmadpur"}}, {"type": "Feature", "geometry": {"type": "Polygon", "coordinates": [[[76.7600317, 18.6687328], [76.7628317, 18.6687328], [76.7628317, 18.6715328], [76.7600317, 18.6715328], [76.7600317, 18.6687328]]]}, "properties": {"level": "village", "name": "Satala", "parent_level": "taluka", "parent_name": "Ahmadpur"}}, {"type": "Feature", "geometry": {"type": "Polygon", "coordinates": [[[76.8627174, 18.1602435], [76.8655174, 18.1602435], [76.8655174, 18.1630435], [76.8627174, 18.1630435], [76.8627174, 18.1602435]]]}, "properties": {"level": "village", "name": "Ambulga", "parent_level": "taluka", "parent_name": "Nilanga"}}, {"type": "Feature", "geometry": {"type": "Polygon", "coordinates": [[[76.7105825, 18.0320079], [76.71338250000001, 18.0320079], [76.71338250000001, 18.0348079], [76.7105825, 18.0348079], [76.7105825, 18.0320079]]]}, "properties": {"level": "village", "name": "Mandansuri", "parent_level": "taluka", "parent_name": "Nilanga"}}, {"type": "Feature", "geometry": {"type": "Polygon", "coordinates": [[[76.9111795, 18.5704974], [76.91397950000001, 18.5704974], [76.91397950000001, 18.5732974], [76.9111795, 18.5732974], [76.9111795, 18.5704974]]]}, "properties": {"level": "village", "name": "Chapoli", "parent_level": "taluka", "parent_name": "Chakur"}}, {"type": "Feature", "geometry": {"type": "Polygon", "coordinates": [[[76.9385327, 18.3344845], [76.9413327, 18.3344845], [76.9413327, 18.3372845], [76.9385327, 18.3372845], [76.9385327, 18.3344845]]]}, "properties": {"level": "village", "name": "Shambhu Umerga", "parent_level": "taluka", "parent_name": "Udgir"}}, {"type": "Feature", "geometry": {"type": "Polygon", "coordinates": [[[76.4016564, 18.0836979], [76.4044564, 18.0836979], [76.4044564, 18.0864979], [76.4016564, 18.0864979], [76.4016564, 18.0836979]]]}, "properties": {"level": "village", "name": "Matola", "parent_level": "taluka", "parent_name": "Ausa"}}, {"type": "Feature", "geometry": {"type": "Polygon", "coordinates": [[[76.6480548, 18.3950338], [76.6508548, 18.3950338], [76.6508548, 18.3978338], [76.6480548, 18.3978338], [76.6480548, 18.3950338]]]}, "properties": {"level": "village", "name": "Sonawati", "parent_level": "taluka", "parent_name": "Latur"}}, {"type": "Feature", "geometry": {"type": "Polygon", "coordinates": [[[77.1704687, 18.475253], [77.17326870000001, 18.475253], [77.17326870000001, 18.478053], [77.1704687, 18.478053], [77.1704687, 18.475253]]]}, "properties": {"level": "village", "name": "Nalgir", "parent_level": "taluka", "parent_name": "Udgir"}}, {"type": "Feature", "geometry": {"type": "Polygon", "coordinates": [[[76.6414459, 18.44828], [76.6442459, 18.44828], [76.6442459, 18.45108], [76.6414459, 18.45108], [76.6414459, 18.44828]]]}, "properties": {"level": "village", "name": "Kasarkheda", "parent_level": "taluka", "parent_name": "Latur"}}, {"type": "Feature", "geometry": {"type": "Polygon", "coordinates": [[[76.5683154, 18.5670319], [76.57111540000001, 18.5670319], [76.57111540000001, 18.5698319], [76.5683154, 18.5698319], [76.5683154, 18.5670319]]]}, "properties": {"level": "village", "name": "Takalgaon", "parent_level": "taluka", "parent_name": "Renapur"}}, {"type": "Feature", "geometry": {"type": "Polygon", "coordinates": [[[76.9610364, 18.234789], [76.9638364, 18.234789], [76.9638364, 18.237589], [76.9610364, 18.237589], [76.9610364, 18.234789]]]}, "properties": {"level": "village", "name": "Walandi", "parent_level": "taluka", "parent_name": "Deoni"}}, {"type": "Feature", "geometry": {"type": "Polygon", "coordinates": [[[76.81735049999999, 18.1690002], [76.8201505, 18.1690002], [76.8201505, 18.1718002], [76.81735049999999, 18.1718002], [76.81735049999999, 18.1690002]]]}, "properties": {"level": "village", "name": "Zari", "parent_level": "taluka", "parent_name": "Nilanga"}}, {"type": "Feature", "geometry": {"type": "Polygon", "coordinates": [[[77.0664714, 18.5914911], [77.0692714, 18.5914911], [77.0692714, 18.5942911], [77.0664714, 18.5942911], [77.0664714, 18.5914911]]]}, "properties": {"level": "village", "name": "Kumatha", "parent_level": "taluka", "parent_name": "Ahmadpur"}}, {"type": "Feature", "geometry": {"type": "Polygon", "coordinates": [[[77.1356589, 18.2549445], [77.1384589, 18.2549445], [77.1384589, 18.2577445], [77.1356589, 18.2577445], [77.1356589, 18.2549445]]]}, "properties": {"level": "village", "name": "Ajani", "parent_level": "taluka", "parent_name": "Deoni"}}, {"type": "Feature", "geometry": {"type": "Polygon", "coordinates": [[[76.839355, 18.2953955], [76.842155, 18.2953955], [76.842155, 18.298195500000002], [76.839355, 18.298195500000002], [76.839355, 18.2953955]]]}, "properties": {"level": "village", "name": "Ajani Budruk", "parent_level": "taluka", "parent_name": "Shirur Anantpal"}}, {"type": "Feature", "geometry": {"type": "Polygon", "coordinates": [[[76.93985239999999, 18.6184966], [76.9426524, 18.6184966], [76.9426524, 18.6212966], [76.93985239999999, 18.6212966], [76.93985239999999, 18.6184966]]]}, "properties": {"level": "village", "name": "Ajani Khurd", "parent_level": "taluka", "parent_name": "Ahmadpur"}}, {"type": "Feature", "geometry": {"type": "Polygon", "coordinates": [[[76.9429754, 18.6077404], [76.9457754, 18.6077404], [76.9457754, 18.6105404], [76.9429754, 18.6105404], [76.9429754, 18.6077404]]]}, "properties": {"level": "village", "name": "Ajaniwadi", "parent_level": "taluka", "parent_name": "Ahmadpur"}}, {"type": "Feature", "geometry": {"type": "Polygon", "coordinates": [[[76.64705699999999, 18.1973011], [76.649857, 18.1973011], [76.649857, 18.2001011], [76.64705699999999, 18.2001011], [76.64705699999999, 18.1973011]]]}, "properties": {"level": "village", "name": "Shedol", "parent_level": "taluka", "parent_name": "Nilanga"}}, {"type": "Feature", "geometry": {"type": "Polygon", "coordinates": [[[76.61931229999999, 18.2347788], [76.6221123, 18.2347788], [76.6221123, 18.2375788], [76.61931229999999, 18.2375788], [76.61931229999999, 18.2347788]]]}, "properties": {"level": "village", "name": "Mahadev Wadi", "parent_level": "taluka", "parent_name": "Ausa"}}, {"type": "Feature", "geometry": {"type": "Polygon", "coordinates": [[[76.6489131, 18.2259235], [76.65171310000001, 18.2259235], [76.65171310000001, 18.2287235], [76.6489131, 18.2287235], [76.6489131, 18.2259235]]]}, "properties": {"level": "village", "name": "Yeli", "parent_level": "taluka", "parent_name": "Ausa"}}, {"type": "Feature", "geometry": {"type": "Polygon", "coordinates": [[[76.6761966, 18.1704885], [76.6789966, 18.1704885], [76.6789966, 18.1732885], [76.6761966, 18.1732885], [76.6761966, 18.1704885]]]}, "properties": {"level": "village", "name": "Ramegoan", "parent_level": "taluka", "parent_name": "Ausa"}}, {"type": "Feature", "geometry": {"type": "Polygon", "coordinates": [[[76.6649206, 18.2172511], [76.66772060000001, 18.2172511], [76.66772060000001, 18.2200511], [76.6649206, 18.2200511], [76.6649206, 18.2172511]]]}, "properties": {"level": "village", "name": "Wadi Shedol", "parent_level": "taluka", "parent_name": "Nilanga"}}, {"type": "Feature", "geometry": {"type": "Polygon", "coordinates": [[[76.6676135, 18.1583066], [76.67041350000001, 18.1583066], [76.67041350000001, 18.1611066], [76.6676135, 18.1611066], [76.6676135, 18.1583066]]]}, "properties": {"level": "village", "name": "Kharosa", "parent_level": "taluka", "parent_name": "Ausa"}}, {"type": "Feature", "geometry": {"type": "Polygon", "coordinates": [[[76.6029025, 18.3221715], [76.6057025, 18.3221715], [76.6057025, 18.3249715], [76.6029025, 18.3249715], [76.6029025, 18.3221715]]]}, "properties": {"level": "village", "name": "Hippersoga", "parent_level": "taluka", "parent_name": "Ausa"}}, {"type": "Feature", "geometry": {"type": "Polygon", "coordinates": [[[77.2232599, 18.5071563], [77.22605990000001, 18.5071563], [77.22605990000001, 18.5099563], [77.2232599, 18.5099563], [77.2232599, 18.5071563]]]}, "properties": {"level": "village", "name": "Rampur Tanda", "parent_level": "taluka", "parent_name": "Jalkot"}}, {"type": "Feature", "geometry": {"type": "Polygon", "coordinates": [[[77.2006328, 18.499373], [77.2034328, 18.499373], [77.2034328, 18.502173], [77.2006328, 18.502173], [77.2006328, 18.499373]]]}, "properties": {"level": "village", "name": "Gutti", "parent_level": "taluka", "parent_name": "Jalkot"}}, {"type": "Feature", "geometry": {"type": "Polygon", "coordinates": [[[77.18061279999999, 18.5124568], [77.1834128, 18.5124568], [77.1834128, 18.5152568], [77.18061279999999, 18.5152568], [77.18061279999999, 18.5124568]]]}, "properties": {"level": "village", "name": "Dhondwadi", "parent_level": "taluka", "parent_name": "Jalkot"}}, {"type": "Feature", "geometry": {"type": "Polygon", "coordinates": [[[77.15901559999999, 18.5067086], [77.1618156, 18.5067086], [77.1618156, 18.5095086], [77.15901559999999, 18.5095086], [77.15901559999999, 18.5067086]]]}, "properties": {"level": "village", "name": "Ghonsi", "parent_level": "taluka", "parent_name": "Jalkot"}}, {"type": "Feature", "geometry": {"type": "Polygon", "coordinates": [[[77.2577531, 18.519629], [77.26055310000001, 18.519629], [77.26055310000001, 18.522429], [77.2577531, 18.522429], [77.2577531, 18.519629]]]}, "properties": {"level": "village", "name": "Mewapur", "parent_level": "taluka", "parent_name": "Jalkot"}}, {"type": "Feature", "geometry": {"type": "Polygon", "coordinates": [[[77.26878239999999, 18.526912799999998], [77.2715824, 18.526912799999998], [77.2715824, 18.5297128], [77.26878239999999, 18.5297128], [77.26878239999999, 18.526912799999998]]]}, "properties": {"level": "village", "name": "Gavan", "parent_level": "taluka", "parent_name": "Jalkot"}}, {"type": "Feature", "geometry": {"type": "Polygon", "coordinates": [[[77.2464181, 18.535498399999998], [77.24921810000001, 18.535498399999998], [77.24921810000001, 18.5382984], [77.2464181, 18.5382984], [77.2464181, 18.535498399999998]]]}, "properties": {"level": "village", "name": "Chincholi", "parent_level": "taluka", "parent_name": "Jalkot"}}, {"type": "Feature", "geometry": {"type": "Polygon", "coordinates": [[[77.1542199, 18.5465501], [77.15701990000001, 18.5465501], [77.15701990000001, 18.5493501], [77.1542199, 18.5493501], [77.1542199, 18.5465501]]]}, "properties": {"level": "village", "name": "Ekurga Kh", "parent_level": "taluka", "parent_name": "Jalkot"}}, {"type": "Feature", "geometry": {"type": "Polygon", "coordinates": [[[77.13980029999999, 18.5442107], [77.1426003, 18.5442107], [77.1426003, 18.5470107], [77.13980029999999, 18.5470107], [77.13980029999999, 18.5442107]]]}, "properties": {"level": "village", "name": "Boragaon Kh", "parent_level": "taluka", "parent_name": "Jalkot"}}, {"type": "Feature", "geometry": {"type": "Polygon", "coordinates": [[[77.0941223, 18.5480403], [77.0969223, 18.5480403], [77.0969223, 18.5508403], [77.0941223, 18.5508403], [77.0941223, 18.5480403]]]}, "properties": {"level": "village", "name": "Belsangavi", "parent_level": "taluka", "parent_name": "Jalkot"}}, {"type": "Feature", "geometry": {"type": "Polygon", "coordinates": [[[77.1022547, 18.5589641], [77.10505470000001, 18.5589641], [77.10505470000001, 18.5617641], [77.1022547, 18.5617641], [77.1022547, 18.5589641]]]}, "properties": {"level": "village", "name": "Lali Kh", "parent_level": "taluka", "parent_name": "Jalkot"}}, {"type": "Feature", "geometry": {"type": "Polygon", "coordinates": [[[77.0915849, 18.5673395], [77.09438490000001, 18.5673395], [77.09438490000001, 18.5701395], [77.0915849, 18.5701395], [77.0915849, 18.5673395]]]}, "properties": {"level": "village", "name": "Yeori", "parent_level": "taluka", "parent_name": "Jalkot"}}, {"type": "Feature", "geometry": {"type": "Polygon", "coordinates": [[[77.1081073, 18.5736755], [77.11090730000001, 18.5736755], [77.11090730000001, 18.5764755], [77.1081073, 18.5764755], [77.1081073, 18.5736755]]]}, "properties": {"level": "village", "name": "Lali Bk", "parent_level": "taluka", "parent_name": "Jalkot"}}, {"type": "Feature", "geometry": {"type": "Polygon", "coordinates": [[[77.1218375, 18.5880654], [77.1246375, 18.5880654], [77.1246375, 18.590865400000002], [77.1218375, 18.590865400000002], [77.1218375, 18.5880654]]]}, "properties": {"level": "village", "name": "Dhangarwadi", "parent_level": "taluka", "parent_name": "Jalkot"}}, {"type": "Feature", "geometry": {"type": "Polygon", "coordinates": [[[77.1248336, 18.5716161], [77.12763360000001, 18.5716161], [77.12763360000001, 18.5744161], [77.1248336, 18.5744161], [77.1248336, 18.5716161]]]}, "properties": {"level": "village", "name": "Sonwala", "parent_level": "taluka", "parent_name": "Jalkot"}}, {"type": "Feature", "geometry": {"type": "Polygon", "coordinates": [[[77.1482546, 18.5636477], [77.15105460000001, 18.5636477], [77.15105460000001, 18.5664477], [77.1482546, 18.5664477], [77.1482546, 18.5636477]]]}, "properties": {"level": "village", "name": "Konali Dongar", "parent_level": "taluka", "parent_name": "Jalkot"}}, {"type": "Feature", "geometry": {"type": "Polygon", "coordinates": [[[77.17330109999999, 18.5511832], [77.1761011, 18.5511832], [77.1761011, 18.5539832], [77.17330109999999, 18.5539832], [77.17330109999999, 18.5511832]]]}, "properties": {"level": "village", "name": "Tiruka", "parent_level": "taluka", "parent_name": "Jalkot"}}, {"type": "Feature", "geometry": {"type": "Polygon", "coordinates": [[[77.2224123, 18.5392824], [77.22521230000001, 18.5392824], [77.22521230000001, 18.5420824], [77.2224123, 18.5420824], [77.2224123, 18.5392824]]]}, "properties": {"level": "village", "name": "Sullali", "parent_level": "taluka", "parent_name": "Jalkot"}}, {"type": "Feature", "geometry": {"type": "Polygon", "coordinates": [[[77.210042, 18.5488642], [77.21284200000001, 18.5488642], [77.21284200000001, 18.5516642], [77.210042, 18.5516642], [77.210042, 18.5488642]]]}, "properties": {"level": "village", "name": "Dongragaon", "parent_level": "taluka", "parent_name": "Jalkot"}}, {"type": "Feature", "geometry": {"type": "Polygon", "coordinates": [[[77.23468609999999, 18.5557908], [77.2374861, 18.5557908], [77.2374861, 18.5585908], [77.23468609999999, 18.5585908], [77.23468609999999, 18.5557908]]]}, "properties": {"level": "village", "name": "Marsangvi", "parent_level": "taluka", "parent_name": "Jalkot"}}, {"type": "Feature", "geometry": {"type": "Polygon", "coordinates": [[[77.249905, 18.5915279], [77.252705, 18.5915279], [77.252705, 18.5943279], [77.249905, 18.5943279], [77.249905, 18.5915279]]]}, "properties": {"level": "village", "name": "Rawankola", "parent_level": "taluka", "parent_name": "Jalkot"}}, {"type": "Feature", "geometry": {"type": "Polygon", "coordinates": [[[77.20908179999999, 18.5919855], [77.2118818, 18.5919855], [77.2118818, 18.5947855], [77.20908179999999, 18.5947855], [77.20908179999999, 18.5919855]]]}, "properties": {"level": "village", "name": "Shivaji Nagar Tanda", "parent_level": "taluka", "parent_name": "Jalkot"}}, {"type": "Feature", "geometry": {"type": "Polygon", "coordinates": [[[77.19187269999999, 18.5821469], [77.1946727, 18.5821469], [77.1946727, 18.584946900000002], [77.19187269999999, 18.584946900000002], [77.19187269999999, 18.5821469]]]}, "properties": {"level": "village", "name": "Mali Hipparga", "parent_level": "taluka", "parent_name": "Jalkot"}}, {"type": "Feature", "geometry": {"type": "Polygon", "coordinates": [[[77.1819754, 18.5755951], [77.1847754, 18.5755951], [77.1847754, 18.5783951], [77.1819754, 18.5783951], [77.1819754, 18.5755951]]]}, "properties": {"level": "village", "name": "Pathoda Kh", "parent_level": "taluka", "parent_name": "Jalkot"}}, {"type": "Feature", "geometry": {"type": "Polygon", "coordinates": [[[77.1575029, 18.5876841], [77.1603029, 18.5876841], [77.1603029, 18.5904841], [77.1575029, 18.5904841], [77.1575029, 18.5876841]]]}, "properties": {"level": "village", "name": "Kolnoor", "parent_level": "taluka", "parent_name": "Jalkot"}}, {"type": "Feature", "geometry": {"type": "Polygon", "coordinates": [[[77.2187431, 18.6106647], [77.2215431, 18.6106647], [77.2215431, 18.6134647], [77.2187431, 18.6134647], [77.2187431, 18.6106647]]]}, "properties": {"level": "village", "name": "Halad Wadhona", "parent_level": "taluka", "parent_name": "Jalkot"}}, {"type": "Feature", "geometry": {"type": "Polygon", "coordinates": [[[77.1649916, 18.6082447], [77.1677916, 18.6082447], [77.1677916, 18.6110447], [77.1649916, 18.6110447], [77.1649916, 18.6082447]]]}, "properties": {"level": "village", "name": "Patoda Bk", "parent_level": "taluka", "parent_name": "Jalkot"}}, {"type": "Feature", "geometry": {"type": "Polygon", "coordinates": [[[77.1418817, 18.5958903], [77.1446817, 18.5958903], [77.1446817, 18.5986903], [77.1418817, 18.5986903], [77.1418817, 18.5958903]]]}, "properties": {"level": "village", "name": "Karangi", "parent_level": "taluka", "parent_name": "Jalkot"}}, {"type": "Feature", "geometry": {"type": "Polygon", "coordinates": [[[77.1328265, 18.6084989], [77.1356265, 18.6084989], [77.1356265, 18.6112989], [77.1328265, 18.6112989], [77.1328265, 18.6084989]]]}, "properties": {"level": "village", "name": "Viral", "parent_level": "taluka", "parent_name": "Jalkot"}}, {"type": "Feature", "geometry": {"type": "Polygon", "coordinates": [[[77.13697859999999, 18.622286], [77.1397786, 18.622286], [77.1397786, 18.625086], [77.13697859999999, 18.625086], [77.13697859999999, 18.622286]]]}, "properties": {"level": "village", "name": "Kunki", "parent_level": "taluka", "parent_name": "Jalkot"}}, {"type": "Feature", "geometry": {"type": "Polygon", "coordinates": [[[76.74874489999999, 18.7610702], [76.7515449, 18.7610702], [76.7515449, 18.7638702], [76.74874489999999, 18.7638702], [76.74874489999999, 18.7610702]]]}, "properties": {"level": "village", "name": "Molwan", "parent_level": "taluka", "parent_name": "Ahmadpur"}}, {"type": "Feature", "geometry": {"type": "Polygon", "coordinates": [[[76.7713667, 18.7615324], [76.77416670000001, 18.7615324], [76.77416670000001, 18.7643324], [76.7713667, 18.7643324], [76.7713667, 18.7615324]]]}, "properties": {"level": "village", "name": "Shirsatwadi", "parent_level": "taluka", "parent_name": "Ahmadpur"}}, {"type": "Feature", "geometry": {"type": "Polygon", "coordinates": [[[76.79058739999999, 18.7854392], [76.7933874, 18.7854392], [76.7933874, 18.7882392], [76.79058739999999, 18.7882392], [76.79058739999999, 18.7854392]]]}, "properties": {"level": "village", "name": "Guttewadi", "parent_level": "taluka", "parent_name": "Ahmadpur"}}, {"type": "Feature", "geometry": {"type": "Polygon", "coordinates": [[[76.81588599999999, 18.7877652], [76.818686, 18.7877652], [76.818686, 18.7905652], [76.81588599999999, 18.7905652], [76.81588599999999, 18.7877652]]]}, "properties": {"level": "village", "name": "Yelderwadi", "parent_level": "taluka", "parent_name": "Ahmadpur"}}, {"type": "Feature", "geometry": {"type": "Polygon", "coordinates": [[[76.8657965, 18.7983994], [76.86859650000001, 18.7983994], [76.86859650000001, 18.8011994], [76.8657965, 18.8011994], [76.8657965, 18.7983994]]]}, "properties": {"level": "village", "name": "Dhaswadi", "parent_level": "taluka", "parent_name": "Ahmadpur"}}, {"type": "Feature", "geometry": {"type": "Polygon", "coordinates": [[[76.8864174, 18.8117139], [76.8892174, 18.8117139], [76.8892174, 18.8145139], [76.8864174, 18.8145139], [76.8864174, 18.8117139]]]}, "properties": {"level": "village", "name": "Pratap Nagar", "parent_level": "taluka", "parent_name": "Ahmadpur"}}, {"type": "Feature", "geometry": {"type": "Polygon", "coordinates": [[[76.8889279, 18.8077227], [76.8917279, 18.8077227], [76.8917279, 18.8105227], [76.8889279, 18.8105227], [76.8889279, 18.8077227]]]}, "properties": {"level": "village", "name": "Khandali", "parent_level": "taluka", "parent_name": "Ahmadpur"}}, {"type": "Feature", "geometry": {"type": "Polygon", "coordinates": [[[76.9818262, 18.8140015], [76.98462620000001, 18.8140015], [76.98462620000001, 18.8168015], [76.9818262, 18.8168015], [76.9818262, 18.8140015]]]}, "properties": {"level": "village", "name": "Ralga", "parent_level": "taluka", "parent_name": "Ahmadpur"}}, {"type": "Feature", "geometry": {"type": "Polygon", "coordinates": [[[76.91755239999999, 18.8152989], [76.9203524, 18.8152989], [76.9203524, 18.8180989], [76.91755239999999, 18.8180989], [76.91755239999999, 18.8152989]]]}, "properties": {"level": "village", "name": "Nagzari", "parent_level": "taluka", "parent_name": "Ahmadpur"}}, {"type": "Feature", "geometry": {"type": "Polygon", "coordinates": [[[76.8995924, 18.823753], [76.90239240000001, 18.823753], [76.90239240000001, 18.826553], [76.8995924, 18.826553], [76.8995924, 18.823753]]]}, "properties": {"level": "village", "name": "Vijaynagar Tanda", "parent_level": "taluka", "parent_name": "Ahmadpur"}}, {"type": "Feature", "geometry": {"type": "Polygon", "coordinates": [[[76.982698, 18.5978935], [76.985498, 18.5978935], [76.985498, 18.600693500000002], [76.982698, 18.600693500000002], [76.982698, 18.5978935]]]}, "properties": {"level": "village", "name": "Morewadi", "parent_level": "taluka", "parent_name": "Ahmadpur"}}, {"type": "Feature", "geometry": {"type": "Polygon", "coordinates": [[[76.9709391, 18.5981172], [76.9737391, 18.5981172], [76.9737391, 18.6009172], [76.9709391, 18.6009172], [76.9709391, 18.5981172]]]}, "properties": {"level": "village", "name": "Chobli", "parent_level": "taluka", "parent_name": "Ahmadpur"}}, {"type": "Feature", "geometry": {"type": "Polygon", "coordinates": [[[76.99553499999999, 18.5784248], [76.998335, 18.5784248], [76.998335, 18.5812248], [76.99553499999999, 18.5812248], [76.99553499999999, 18.5784248]]]}, "properties": {"level": "village", "name": "Gadewadi", "parent_level": "taluka", "parent_name": "Ahmadpur"}}, {"type": "Feature", "geometry": {"type": "Polygon", "coordinates": [[[76.9990862, 18.5856299], [77.0018862, 18.5856299], [77.0018862, 18.5884299], [76.9990862, 18.5884299], [76.9990862, 18.5856299]]]}, "properties": {"level": "village", "name": "Dwarka Nagar", "parent_level": "taluka", "parent_name": "Ahmadpur"}}, {"type": "Feature", "geometry": {"type": "Polygon", "coordinates": [[[77.014112, 18.5876841], [77.016912, 18.5876841], [77.016912, 18.5904841], [77.014112, 18.5904841], [77.014112, 18.5876841]]]}, "properties": {"level": "village", "name": "Waigaon", "parent_level": "taluka", "parent_name": "Ahmadpur"}}, {"type": "Feature", "geometry": {"type": "Polygon", "coordinates": [[[77.01462699999999, 18.6067907], [77.017427, 18.6067907], [77.017427, 18.609590700000002], [77.01462699999999, 18.609590700000002], [77.01462699999999, 18.6067907]]]}, "properties": {"level": "village", "name": "Bodka", "parent_level": "taluka", "parent_name": "Ahmadpur"}}, {"type": "Feature", "geometry": {"type": "Polygon", "coordinates": [[[77.0302267, 18.6055807], [77.03302670000001, 18.6055807], [77.03302670000001, 18.6083807], [77.0302267, 18.6083807], [77.0302267, 18.6055807]]]}, "properties": {"level": "village", "name": "Sayyadpur", "parent_level": "taluka", "parent_name": "Ahmadpur"}}, {"type": "Feature", "geometry": {"type": "Polygon", "coordinates": [[[77.0447106, 18.6125559], [77.04751060000001, 18.6125559], [77.04751060000001, 18.6153559], [77.0447106, 18.6153559], [77.0447106, 18.6125559]]]}, "properties": {"level": "village", "name": "Babaldara", "parent_level": "taluka", "parent_name": "Ahmadpur"}}, {"type": "Feature", "geometry": {"type": "Polygon", "coordinates": [[[77.0657713, 18.5732331], [77.0685713, 18.5732331], [77.0685713, 18.5760331], [77.0657713, 18.5760331], [77.0657713, 18.5732331]]]}, "properties": {"level": "village", "name": "Shivankhed Bk", "parent_level": "taluka", "parent_name": "Ahmadpur"}}, {"type": "Feature", "geometry": {"type": "Polygon", "coordinates": [[[77.0913274, 18.5902873], [77.0941274, 18.5902873], [77.0941274, 18.5930873], [77.0913274, 18.5930873], [77.0913274, 18.5902873]]]}, "properties": {"level": "village", "name": "Kaudgaon", "parent_level": "taluka", "parent_name": "Ahmadpur"}}, {"type": "Feature", "geometry": {"type": "Polygon", "coordinates": [[[77.11204479999999, 18.600517], [77.1148448, 18.600517], [77.1148448, 18.603317], [77.11204479999999, 18.603317], [77.11204479999999, 18.600517]]]}, "properties": {"level": "village", "name": "Dhorsangvi", "parent_level": "taluka", "parent_name": "Ahmadpur"}}, {"type": "Feature", "geometry": {"type": "Polygon", "coordinates": [[[77.08775469999999, 18.5976597], [77.0905547, 18.5976597], [77.0905547, 18.600459700000002], [77.08775469999999, 18.600459700000002], [77.08775469999999, 18.5976597]]]}, "properties": {"level": "village", "name": "Kamanwadi", "parent_level": "taluka", "parent_name": "Ahmadpur"}}, {"type": "Feature", "geometry": {"type": "Polygon", "coordinates": [[[77.0832915, 18.6103088], [77.08609150000001, 18.6103088], [77.08609150000001, 18.6131088], [77.0832915, 18.6131088], [77.0832915, 18.6103088]]]}, "properties": {"level": "village", "name": "Yeldara", "parent_level": "taluka", "parent_name": "Ahmadpur"}}, {"type": "Feature", "geometry": {"type": "Polygon", "coordinates": [[[77.09365559999999, 18.6197137], [77.0964556, 18.6197137], [77.0964556, 18.6225137], [77.09365559999999, 18.6225137], [77.09365559999999, 18.6197137]]]}, "properties": {"level": "village", "name": "Hawarga", "parent_level": "taluka", "parent_name": "Ahmadpur"}}, {"type": "Feature", "geometry": {"type": "Polygon", "coordinates": [[[77.1184392, 18.6189359], [77.1212392, 18.6189359], [77.1212392, 18.6217359], [77.1184392, 18.6217359], [77.1184392, 18.6189359]]]}, "properties": {"level": "village", "name": "Jirga", "parent_level": "taluka", "parent_name": "Ahmadpur"}}, {"type": "Feature", "geometry": {"type": "Polygon", "coordinates": [[[77.11558529999999, 18.6316496], [77.1183853, 18.6316496], [77.1183853, 18.6344496], [77.11558529999999, 18.6344496], [77.11558529999999, 18.6316496]]]}, "properties": {"level": "village", "name": "Dhamangaon", "parent_level": "taluka", "parent_name": "Ahmadpur"}}, {"type": "Feature", "geometry": {"type": "Polygon", "coordinates": [[[77.08884909999999, 18.6312429], [77.0916491, 18.6312429], [77.0916491, 18.6340429], [77.08884909999999, 18.6340429], [77.08884909999999, 18.6312429]]]}, "properties": {"level": "village", "name": "Domgaon", "parent_level": "taluka", "parent_name": "Ahmadpur"}}, {"type": "Feature", "geometry": {"type": "Polygon", "coordinates": [[[77.0670051, 18.6275219], [77.06980510000001, 18.6275219], [77.06980510000001, 18.630321900000002], [77.0670051, 18.630321900000002], [77.0670051, 18.6275219]]]}, "properties": {"level": "village", "name": "Jagalpur Bk", "parent_level": "taluka", "parent_name": "Ahmadpur"}}, {"type": "Feature", "geometry": {"type": "Polygon", "coordinates": [[[77.0302696, 18.6265256], [77.0330696, 18.6265256], [77.0330696, 18.6293256], [77.0302696, 18.6293256], [77.0302696, 18.6265256]]]}, "properties": {"level": "village", "name": "Anandwadi", "parent_level": "taluka", "parent_name": "Ahmadpur"}}, {"type": "Feature", "geometry": {"type": "Polygon", "coordinates": [[[77.00789999999999, 18.6404129], [77.0107, 18.6404129], [77.0107, 18.6432129], [77.00789999999999, 18.6432129], [77.00789999999999, 18.6404129]]]}, "properties": {"level": "village", "name": "Walsangi", "parent_level": "taluka", "parent_name": "Ahmadpur"}}, {"type": "Feature", "geometry": {"type": "Polygon", "coordinates": [[[76.9423468, 18.5709856], [76.9451468, 18.5709856], [76.9451468, 18.5737856], [76.9423468, 18.5737856], [76.9423468, 18.5709856]]]}, "properties": {"level": "village", "name": "Omerga Y", "parent_level": "taluka", "parent_name": "Ahmadpur"}}, {"type": "Feature", "geometry": {"type": "Polygon", "coordinates": [[[76.9286783, 18.6018897], [76.93147830000001, 18.6018897], [76.93147830000001, 18.6046897], [76.9286783, 18.6046897], [76.9286783, 18.6018897]]]}, "properties": {"level": "village", "name": "Telgaon", "parent_level": "taluka", "parent_name": "Ahmadpur"}}, {"type": "Feature", "geometry": {"type": "Polygon", "coordinates": [[[76.9256849, 18.6190427], [76.9284849, 18.6190427], [76.9284849, 18.621842700000002], [76.9256849, 18.621842700000002], [76.9256849, 18.6190427]]]}, "properties": {"level": "village", "name": "Salgara", "parent_level": "taluka", "parent_name": "Ahmadpur"}}, {"type": "Feature", "geometry": {"type": "Polygon", "coordinates": [[[76.91576069999999, 18.632544199999998], [76.9185607, 18.632544199999998], [76.9185607, 18.6353442], [76.91576069999999, 18.6353442], [76.91576069999999, 18.632544199999998]]]}, "properties": {"level": "village", "name": "Lingdal", "parent_level": "taluka", "parent_name": "Ahmadpur"}}, {"type": "Feature", "geometry": {"type": "Polygon", "coordinates": [[[76.90506409999999, 18.616572], [76.9078641, 18.616572], [76.9078641, 18.619372000000002], [76.90506409999999, 18.619372000000002], [76.90506409999999, 18.616572]]]}, "properties": {"level": "village", "name": "Methi", "parent_level": "taluka", "parent_name": "Ahmadpur"}}, {"type": "Feature", "geometry": {"type": "Polygon", "coordinates": [[[76.89304779999999, 18.6035878], [76.8958478, 18.6035878], [76.8958478, 18.6063878], [76.89304779999999, 18.6063878], [76.89304779999999, 18.6035878]]]}, "properties": {"level": "village", "name": "Omerga K", "parent_level": "taluka", "parent_name": "Ahmadpur"}}, {"type": "Feature", "geometry": {"type": "Polygon", "coordinates": [[[76.88529079999999, 18.598402], [76.8880908, 18.598402], [76.8880908, 18.601202], [76.88529079999999, 18.601202], [76.88529079999999, 18.598402]]]}, "properties": {"level": "village", "name": "Mulki", "parent_level": "taluka", "parent_name": "Ahmadpur"}}, {"type": "Feature", "geometry": {"type": "Polygon", "coordinates": [[[76.8601532, 18.6245837], [76.8629532, 18.6245837], [76.8629532, 18.6273837], [76.8601532, 18.6273837], [76.8601532, 18.6245837]]]}, "properties": {"level": "village", "name": "Bhutekarwadi", "parent_level": "taluka", "parent_name": "Ahmadpur"}}, {"type": "Feature", "geometry": {"type": "Polygon", "coordinates": [[[76.82928629999999, 18.6334592], [76.8320863, 18.6334592], [76.8320863, 18.6362592], [76.82928629999999, 18.6362592], [76.82928629999999, 18.6334592]]]}, "properties": {"level": "village", "name": "Nagthana", "parent_level": "taluka", "parent_name": "Ahmadpur"}}, {"type": "Feature", "geometry": {"type": "Polygon", "coordinates": [[[76.82783789999999, 18.6556408], [76.8306379, 18.6556408], [76.8306379, 18.6584408], [76.82783789999999, 18.6584408], [76.82783789999999, 18.6556408]]]}, "properties": {"level": "village", "name": "Takalagaon", "parent_level": "taluka", "parent_name": "Ahmadpur"}}, {"type": "Feature", "geometry": {"type": "Polygon", "coordinates": [[[76.8347687, 18.672148], [76.8375687, 18.672148], [76.8375687, 18.674948], [76.8347687, 18.674948], [76.8347687, 18.672148]]]}, "properties": {"level": "village", "name": "Parchanda", "parent_level": "taluka", "parent_name": "Ahmadpur"}}, {"type": "Feature", "geometry": {"type": "Polygon", "coordinates": [[[76.82971549999999, 18.6883182], [76.8325155, 18.6883182], [76.8325155, 18.691118200000002], [76.82971549999999, 18.691118200000002], [76.82971549999999, 18.6883182]]]}, "properties": {"level": "village", "name": "Patoda", "parent_level": "taluka", "parent_name": "Ahmadpur"}}, {"type": "Feature", "geometry": {"type": "Polygon", "coordinates": [[[76.8141694, 18.675115899999998], [76.8169694, 18.675115899999998], [76.8169694, 18.6779159], [76.8141694, 18.6779159], [76.8141694, 18.675115899999998]]]}, "properties": {"level": "village", "name": "Hipparga Kopdeo", "parent_level": "taluka", "parent_name": "Ahmadpur"}}, {"type": "Feature", "geometry": {"type": "Polygon", "coordinates": [[[76.8831558, 18.642751], [76.8859558, 18.642751], [76.8859558, 18.645551], [76.8831558, 18.645551], [76.8831558, 18.642751]]]}, "properties": {"level": "village", "name": "Gotala", "parent_level": "taluka", "parent_name": "Ahmadpur"}}, {"type": "Feature", "geometry": {"type": "Polygon", "coordinates": [[[76.9073171, 18.652266], [76.91011710000001, 18.652266], [76.91011710000001, 18.655066], [76.9073171, 18.655066], [76.9073171, 18.652266]]]}, "properties": {"level": "village", "name": "Nandura Bk", "parent_level": "taluka", "parent_name": "Ahmadpur"}}, {"type": "Feature", "geometry": {"type": "Polygon", "coordinates": [[[76.9006438, 18.6658055], [76.9034438, 18.6658055], [76.9034438, 18.6686055], [76.9006438, 18.6686055], [76.9006438, 18.6658055]]]}, "properties": {"level": "village", "name": "Nandura", "parent_level": "taluka", "parent_name": "Ahmadpur"}}, {"type": "Feature", "geometry": {"type": "Polygon", "coordinates": [[[76.9060511, 18.6822508], [76.9088511, 18.6822508], [76.9088511, 18.6850508], [76.9060511, 18.6850508], [76.9060511, 18.6822508]]]}, "properties": {"level": "village", "name": "Halni", "parent_level": "taluka", "parent_name": "Ahmadpur"}}, {"type": "Feature", "geometry": {"type": "Polygon", "coordinates": [[[76.879744, 18.66114], [76.88254400000001, 18.66114], [76.88254400000001, 18.66394], [76.879744, 18.66394], [76.879744, 18.66114]]]}, "properties": {"level": "village", "name": "Barahmpuri", "parent_level": "taluka", "parent_name": "Ahmadpur"}}, {"type": "Feature", "geometry": {"type": "Polygon", "coordinates": [[[76.86690159999999, 18.6738352], [76.8697016, 18.6738352], [76.8697016, 18.6766352], [76.86690159999999, 18.6766352], [76.86690159999999, 18.6738352]]]}, "properties": {"level": "village", "name": "Ugilewadi", "parent_level": "taluka", "parent_name": "Ahmadpur"}}, {"type": "Feature", "geometry": {"type": "Polygon", "coordinates": [[[76.8748624, 18.7137443], [76.8776624, 18.7137443], [76.8776624, 18.7165443], [76.8748624, 18.7165443], [76.8748624, 18.7137443]]]}, "properties": {"level": "village", "name": "Tambatsangvi", "parent_level": "taluka", "parent_name": "Ahmadpur"}}, {"type": "Feature", "geometry": {"type": "Polygon", "coordinates": [[[76.8915028, 18.703674], [76.8943028, 18.703674], [76.8943028, 18.706474], [76.8915028, 18.706474], [76.8915028, 18.703674]]]}, "properties": {"level": "village", "name": "Lanji", "parent_level": "taluka", "parent_name": "Ahmadpur"}}, {"type": "Feature", "geometry": {"type": "Polygon", "coordinates": [[[76.9324548, 18.6461362], [76.93525480000001, 18.6461362], [76.93525480000001, 18.6489362], [76.9324548, 18.6489362], [76.9324548, 18.6461362]]]}, "properties": {"level": "village", "name": "Belure", "parent_level": "taluka", "parent_name": "Ahmadpur"}}, {"type": "Feature", "geometry": {"type": "Polygon", "coordinates": [[[76.95074749999999, 18.6437371], [76.9535475, 18.6437371], [76.9535475, 18.6465371], [76.95074749999999, 18.6465371], [76.95074749999999, 18.6437371]]]}, "properties": {"level": "village", "name": "Mahadevwadi", "parent_level": "taluka", "parent_name": "Ahmadpur"}}, {"type": "Feature", "geometry": {"type": "Polygon", "coordinates": [[[76.9352765, 18.6642605], [76.93807650000001, 18.6642605], [76.93807650000001, 18.6670605], [76.9352765, 18.6670605], [76.9352765, 18.6642605]]]}, "properties": {"level": "village", "name": "Talegaon", "parent_level": "taluka", "parent_name": "Ahmadpur"}}, {"type": "Feature", "geometry": {"type": "Polygon", "coordinates": [[[76.9643516, 18.6612924], [76.96715160000001, 18.6612924], [76.96715160000001, 18.6640924], [76.9643516, 18.6640924], [76.9643516, 18.6612924]]]}, "properties": {"level": "village", "name": "Thorlewadi", "parent_level": "taluka", "parent_name": "Ahmadpur"}}, {"type": "Feature", "geometry": {"type": "Polygon", "coordinates": [[[76.9634075, 18.6833789], [76.96620750000001, 18.6833789], [76.96620750000001, 18.6861789], [76.9634075, 18.6861789], [76.9634075, 18.6833789]]]}, "properties": {"level": "village", "name": "Malegaon", "parent_level": "taluka", "parent_name": "Ahmadpur"}}, {"type": "Feature", "geometry": {"type": "Polygon", "coordinates": [[[76.9762714, 18.6723411], [76.97907140000001, 18.6723411], [76.97907140000001, 18.6751411], [76.9762714, 18.6751411], [76.9762714, 18.6723411]]]}, "properties": {"level": "village", "name": "Kokanga", "parent_level": "taluka", "parent_name": "Ahmadpur"}}, {"type": "Feature", "geometry": {"type": "Polygon", "coordinates": [[[76.99262209999999, 18.6570639], [76.9954221, 18.6570639], [76.9954221, 18.6598639], [76.99262209999999, 18.6598639], [76.99262209999999, 18.6570639]]]}, "properties": {"level": "village", "name": "Mandni", "parent_level": "taluka", "parent_name": "Ahmadpur"}}, {"type": "Feature", "geometry": {"type": "Polygon", "coordinates": [[[77.00445599999999, 18.6780227], [77.007256, 18.6780227], [77.007256, 18.6808227], [77.00445599999999, 18.6808227], [77.00445599999999, 18.6780227]]]}, "properties": {"level": "village", "name": "Unni", "parent_level": "taluka", "parent_name": "Ahmadpur"}}, {"type": "Feature", "geometry": {"type": "Polygon", "coordinates": [[[77.0237894, 18.6638946], [77.0265894, 18.6638946], [77.0265894, 18.6666946], [77.0237894, 18.6666946], [77.0237894, 18.6638946]]]}, "properties": {"level": "village", "name": "Hippalgaon", "parent_level": "taluka", "parent_name": "Ahmadpur"}}, {"type": "Feature", "geometry": {"type": "Polygon", "coordinates": [[[77.0385522, 18.6531402], [77.0413522, 18.6531402], [77.0413522, 18.6559402], [77.0385522, 18.6559402], [77.0385522, 18.6531402]]]}, "properties": {"level": "village", "name": "Hadolti", "parent_level": "taluka", "parent_name": "Ahmadpur"}}, {"type": "Feature", "geometry": {"type": "Polygon", "coordinates": [[[77.0703954, 18.6561084], [77.0731954, 18.6561084], [77.0731954, 18.6589084], [77.0703954, 18.6589084], [77.0703954, 18.6561084]]]}, "properties": {"level": "village", "name": "Umarga Retu", "parent_level": "taluka", "parent_name": "Ahmadpur"}}, {"type": "Feature", "geometry": {"type": "Polygon", "coordinates": [[[77.1011872, 18.6616584], [77.1039872, 18.6616584], [77.1039872, 18.6644584], [77.1011872, 18.6644584], [77.1011872, 18.6616584]]]}, "properties": {"level": "village", "name": "Chera", "parent_level": "taluka", "parent_name": "Ahmadpur"}}, {"type": "Feature", "geometry": {"type": "Polygon", "coordinates": [[[77.1782417, 18.687495], [77.18104170000001, 18.687495], [77.18104170000001, 18.690295], [77.1782417, 18.690295], [77.1782417, 18.687495]]]}, "properties": {"level": "village", "name": "Kekatsindgi", "parent_level": "taluka", "parent_name": "Ahmadpur"}}, {"type": "Feature", "geometry": {"type": "Polygon", "coordinates": [[[77.13624899999999, 18.68469], [77.139049, 18.68469], [77.139049, 18.68749], [77.13624899999999, 18.68749], [77.13624899999999, 18.68469]]]}, "properties": {"level": "village", "name": "Hokarna", "parent_level": "taluka", "parent_name": "Ahmadpur"}}, {"type": "Feature", "geometry": {"type": "Polygon", "coordinates": [[[77.14442439999999, 18.6992229], [77.1472244, 18.6992229], [77.1472244, 18.7020229], [77.14442439999999, 18.7020229], [77.14442439999999, 18.6992229]]]}, "properties": {"level": "village", "name": "Umardara", "parent_level": "taluka", "parent_name": "Ahmadpur"}}, {"type": "Feature", "geometry": {"type": "Polygon", "coordinates": [[[77.11202329999999, 18.6871291], [77.1148233, 18.6871291], [77.1148233, 18.6899291], [77.11202329999999, 18.6899291], [77.11202329999999, 18.6871291]]]}, "properties": {"level": "village", "name": "Wadgaon", "parent_level": "taluka", "parent_name": "Ahmadpur"}}, {"type": "Feature", "geometry": {"type": "Polygon", "coordinates": [[[77.0845253, 18.6810616], [77.0873253, 18.6810616], [77.0873253, 18.6838616], [77.0845253, 18.6838616], [77.0845253, 18.6810616]]]}, "properties": {"level": "village", "name": "Sheldara", "parent_level": "taluka", "parent_name": "Ahmadpur"}}, {"type": "Feature", "geometry": {"type": "Polygon", "coordinates": [[[77.049324, 18.676152599999998], [77.052124, 18.676152599999998], [77.052124, 18.6789526], [77.049324, 18.6789526], [77.049324, 18.676152599999998]]]}, "properties": {"level": "village", "name": "Hangerga", "parent_level": "taluka", "parent_name": "Ahmadpur"}}, {"type": "Feature", "geometry": {"type": "Polygon", "coordinates": [[[77.037415, 18.6844156], [77.040215, 18.6844156], [77.040215, 18.687215600000002], [77.037415, 18.687215600000002], [77.037415, 18.6844156]]]}, "properties": {"level": "village", "name": "Sawargaon", "parent_level": "taluka", "parent_name": "Ahmadpur"}}, {"type": "Feature", "geometry": {"type": "Polygon", "coordinates": [[[77.006355, 18.686001], [77.009155, 18.686001], [77.009155, 18.688801], [77.006355, 18.688801], [77.006355, 18.686001]]]}, "properties": {"level": "village", "name": "Jamb", "parent_level": "taluka", "parent_name": "Ahmadpur"}}, {"type": "Feature", "geometry": {"type": "Polygon", "coordinates": [[[76.9934911, 18.6864787], [76.99629110000001, 18.6864787], [76.99629110000001, 18.6892787], [76.9934911, 18.6892787], [76.9934911, 18.6864787]]]}, "properties": {"level": "village", "name": "Hasarni", "parent_level": "taluka", "parent_name": "Ahmadpur"}}, {"type": "Feature", "geometry": {"type": "Polygon", "coordinates": [[[76.99967099999999, 18.7024951], [77.002471, 18.7024951], [77.002471, 18.7052951], [76.99967099999999, 18.7052951], [76.99967099999999, 18.7024951]]]}, "properties": {"level": "village", "name": "Dhanora", "parent_level": "taluka", "parent_name": "Ahmadpur"}}, {"type": "Feature", "geometry": {"type": "Polygon", "coordinates": [[[77.0068915, 18.6965095], [77.0096915, 18.6965095], [77.0096915, 18.699309500000002], [77.0068915, 18.699309500000002], [77.0068915, 18.6965095]]]}, "properties": {"level": "village", "name": "Tirth", "parent_level": "taluka", "parent_name": "Ahmadpur"}}, {"type": "Feature", "geometry": {"type": "Polygon", "coordinates": [[[77.0371146, 18.7054523], [77.0399146, 18.7054523], [77.0399146, 18.7082523], [77.0371146, 18.7082523], [77.0371146, 18.7054523]]]}, "properties": {"level": "village", "name": "Kinikaddu", "parent_level": "taluka", "parent_name": "Ahmadpur"}}, {"type": "Feature", "geometry": {"type": "Polygon", "coordinates": [[[76.97759099999999, 18.7123725], [76.980391, 18.7123725], [76.980391, 18.7151725], [76.97759099999999, 18.7151725], [76.97759099999999, 18.7123725]]]}, "properties": {"level": "village", "name": "Thodga", "parent_level": "taluka", "parent_name": "Ahmadpur"}}, {"type": "Feature", "geometry": {"type": "Polygon", "coordinates": [[[77.0151312, 18.7232045], [77.0179312, 18.7232045], [77.0179312, 18.726004500000002], [77.0151312, 18.726004500000002], [77.0151312, 18.7232045]]]}, "properties": {"level": "village", "name": "Mogha", "parent_level": "taluka", "parent_name": "Ahmadpur"}}, {"type": "Feature", "geometry": {"type": "Polygon", "coordinates": [[[77.038327, 18.7352042], [77.041127, 18.7352042], [77.041127, 18.7380042], [77.038327, 18.7380042], [77.038327, 18.7352042]]]}, "properties": {"level": "village", "name": "Shindgi Bk", "parent_level": "taluka", "parent_name": "Ahmadpur"}}, {"type": "Feature", "geometry": {"type": "Polygon", "coordinates": [[[77.01688, 18.7336497], [77.01968000000001, 18.7336497], [77.01968000000001, 18.7364497], [77.01688, 18.7364497], [77.01688, 18.7336497]]]}, "properties": {"level": "village", "name": "Bramhawadi", "parent_level": "taluka", "parent_name": "Ahmadpur"}}, {"type": "Feature", "geometry": {"type": "Polygon", "coordinates": [[[76.984833, 18.7288234], [76.987633, 18.7288234], [76.987633, 18.7316234], [76.984833, 18.7316234], [76.984833, 18.7288234]]]}, "properties": {"level": "village", "name": "Thodgawadi", "parent_level": "taluka", "parent_name": "Ahmadpur"}}, {"type": "Feature", "geometry": {"type": "Polygon", "coordinates": [[[76.9337101, 18.7492552], [76.9365101, 18.7492552], [76.9365101, 18.7520552], [76.9337101, 18.7520552], [76.9337101, 18.7492552]]]}, "properties": {"level": "village", "name": "Shenni", "parent_level": "taluka", "parent_name": "Ahmadpur"}}, {"type": "Feature", "geometry": {"type": "Polygon", "coordinates": [[[76.91991279999999, 18.7359662], [76.9227128, 18.7359662], [76.9227128, 18.7387662], [76.91991279999999, 18.7387662], [76.91991279999999, 18.7359662]]]}, "properties": {"level": "village", "name": "Kalegaon", "parent_level": "taluka", "parent_name": "Ahmadpur"}}, {"type": "Feature", "geometry": {"type": "Polygon", "coordinates": [[[76.89364859999999, 18.7348486], [76.8964486, 18.7348486], [76.8964486, 18.7376486], [76.89364859999999, 18.7376486], [76.89364859999999, 18.7348486]]]}, "properties": {"level": "village", "name": "Chilka", "parent_level": "taluka", "parent_name": "Ahmadpur"}}, {"type": "Feature", "geometry": {"type": "Polygon", "coordinates": [[[76.8823297, 18.7217921], [76.88512970000001, 18.7217921], [76.88512970000001, 18.7245921], [76.8823297, 18.7245921], [76.8823297, 18.7217921]]]}, "properties": {"level": "village", "name": "Sora", "parent_level": "taluka", "parent_name": "Ahmadpur"}}, {"type": "Feature", "geometry": {"type": "Polygon", "coordinates": [[[76.8680711, 18.7243832], [76.8708711, 18.7243832], [76.8708711, 18.7271832], [76.8680711, 18.7271832], [76.8680711, 18.7243832]]]}, "properties": {"level": "village", "name": "Mawalgaon", "parent_level": "taluka", "parent_name": "Ahmadpur"}}, {"type": "Feature", "geometry": {"type": "Polygon", "coordinates": [[[76.84820119999999, 18.7087753], [76.8510012, 18.7087753], [76.8510012, 18.7115753], [76.84820119999999, 18.7115753], [76.84820119999999, 18.7087753]]]}, "properties": {"level": "village", "name": "Vilegaon", "parent_level": "taluka", "parent_name": "Ahmadpur"}}, {"type": "Feature", "geometry": {"type": "Polygon", "coordinates": [[[76.8453474, 18.7246473], [76.8481474, 18.7246473], [76.8481474, 18.7274473], [76.8453474, 18.7274473], [76.8453474, 18.7246473]]]}, "properties": {"level": "village", "name": "Wairagad", "parent_level": "taluka", "parent_name": "Ahmadpur"}}, {"type": "Feature", "geometry": {"type": "Polygon", "coordinates": [[[76.82003809999999, 18.7082977], [76.8228381, 18.7082977], [76.8228381, 18.7110977], [76.82003809999999, 18.7110977], [76.82003809999999, 18.7082977]]]}, "properties": {"level": "village", "name": "Mankhed", "parent_level": "taluka", "parent_name": "Ahmadpur"}}, {"type": "Feature", "geometry": {"type": "Polygon", "coordinates": [[[76.8180532, 18.7132972], [76.8208532, 18.7132972], [76.8208532, 18.7160972], [76.8180532, 18.7160972], [76.8180532, 18.7132972]]]}, "properties": {"level": "village", "name": "Sonkhed", "parent_level": "taluka", "parent_name": "Ahmadpur"}}, {"type": "Feature", "geometry": {"type": "Polygon", "coordinates": [[[76.7856414, 18.724373], [76.78844140000001, 18.724373], [76.78844140000001, 18.727173], [76.7856414, 18.727173], [76.7856414, 18.724373]]]}, "properties": {"level": "village", "name": "Hangewadi", "parent_level": "taluka", "parent_name": "Ahmadpur"}}, {"type": "Feature", "geometry": {"type": "Polygon", "coordinates": [[[76.7978186, 18.7073729], [76.8006186, 18.7073729], [76.8006186, 18.7101729], [76.7978186, 18.7101729], [76.7978186, 18.7073729]]]}, "properties": {"level": "village", "name": "Kopra", "parent_level": "taluka", "parent_name": "Ahmadpur"}}, {"type": "Feature", "geometry": {"type": "Polygon", "coordinates": [[[76.7726273, 18.6856656], [76.7754273, 18.6856656], [76.7754273, 18.6884656], [76.7726273, 18.6884656], [76.7726273, 18.6856656]]]}, "properties": {"level": "village", "name": "Dhanora Bk", "parent_level": "taluka", "parent_name": "Ahmadpur"}}, {"type": "Feature", "geometry": {"type": "Polygon", "coordinates": [[[76.7401833, 18.6858892], [76.7429833, 18.6858892], [76.7429833, 18.6886892], [76.7401833, 18.6886892], [76.7401833, 18.6858892]]]}, "properties": {"level": "village", "name": "Gunjoti", "parent_level": "taluka", "parent_name": "Ahmadpur"}}, {"type": "Feature", "geometry": {"type": "Polygon", "coordinates": [[[76.7461378, 18.7107873], [76.74893780000001, 18.7107873], [76.74893780000001, 18.7135873], [76.7461378, 18.7135873], [76.7461378, 18.7107873]]]}, "properties": {"level": "village", "name": "Mohgaon", "parent_level": "taluka", "parent_name": "Ahmadpur"}}, {"type": "Feature", "geometry": {"type": "Polygon", "coordinates": [[[76.7501826, 18.7059401], [76.75298260000001, 18.7059401], [76.75298260000001, 18.7087401], [76.7501826, 18.7087401], [76.7501826, 18.7059401]]]}, "properties": {"level": "village", "name": "Khanapur", "parent_level": "taluka", "parent_name": "Ahmadpur"}}, {"type": "Feature", "geometry": {"type": "Polygon", "coordinates": [[[76.7457194, 18.729097799999998], [76.7485194, 18.729097799999998], [76.7485194, 18.7318978], [76.7457194, 18.7318978], [76.7457194, 18.729097799999998]]]}, "properties": {"level": "village", "name": "Dagadwadi", "parent_level": "taluka", "parent_name": "Ahmadpur"}}, {"type": "Feature", "geometry": {"type": "Polygon", "coordinates": [[[76.7338426, 18.7434948], [76.73664260000001, 18.7434948], [76.73664260000001, 18.7462948], [76.7338426, 18.7462948], [76.7338426, 18.7434948]]]}, "properties": {"level": "village", "name": "Devkara", "parent_level": "taluka", "parent_name": "Ahmadpur"}}, {"type": "Feature", "geometry": {"type": "Polygon", "coordinates": [[[76.77851749999999, 18.7353058], [76.7813175, 18.7353058], [76.7813175, 18.7381058], [76.77851749999999, 18.7381058], [76.77851749999999, 18.7353058]]]}, "properties": {"level": "village", "name": "Sonwanewadi", "parent_level": "taluka", "parent_name": "Ahmadpur"}}, {"type": "Feature", "geometry": {"type": "Polygon", "coordinates": [[[76.79736799999999, 18.747325], [76.800168, 18.747325], [76.800168, 18.750125], [76.79736799999999, 18.750125], [76.79736799999999, 18.747325]]]}, "properties": {"level": "village", "name": "Chikali", "parent_level": "taluka", "parent_name": "Ahmadpur"}}, {"type": "Feature", "geometry": {"type": "Polygon", "coordinates": [[[76.8220765, 18.7310791], [76.8248765, 18.7310791], [76.8248765, 18.7338791], [76.8220765, 18.7338791], [76.8220765, 18.7310791]]]}, "properties": {"level": "village", "name": "Kendrewadi", "parent_level": "taluka", "parent_name": "Ahmadpur"}}, {"type": "Feature", "geometry": {"type": "Polygon", "coordinates": [[[76.84318019999999, 18.7325625], [76.8459802, 18.7325625], [76.8459802, 18.7353625], [76.84318019999999, 18.7353625], [76.84318019999999, 18.7325625]]]}, "properties": {"level": "village", "name": "Lendegaon", "parent_level": "taluka", "parent_name": "Ahmadpur"}}, {"type": "Feature", "geometry": {"type": "Polygon", "coordinates": [[[76.8590588, 18.7338122], [76.86185880000001, 18.7338122], [76.86185880000001, 18.7366122], [76.8590588, 18.7366122], [76.8590588, 18.7338122]]]}, "properties": {"level": "village", "name": "Borgaon", "parent_level": "taluka", "parent_name": "Ahmadpur"}}, {"type": "Feature", "geometry": {"type": "Polygon", "coordinates": [[[76.867717, 18.7448358], [76.870517, 18.7448358], [76.870517, 18.7476358], [76.867717, 18.7476358], [76.867717, 18.7448358]]]}, "properties": {"level": "village", "name": "Para", "parent_level": "taluka", "parent_name": "Ahmadpur"}}, {"type": "Feature", "geometry": {"type": "Polygon", "coordinates": [[[76.8476219, 18.7565089], [76.8504219, 18.7565089], [76.8504219, 18.7593089], [76.8476219, 18.7593089], [76.8476219, 18.7565089]]]}, "properties": {"level": "village", "name": "Dhalegaon", "parent_level": "taluka", "parent_name": "Ahmadpur"}}, {"type": "Feature", "geometry": {"type": "Polygon", "coordinates": [[[76.88942139999999, 18.7548835], [76.8922214, 18.7548835], [76.8922214, 18.7576835], [76.88942139999999, 18.7576835], [76.88942139999999, 18.7548835]]]}, "properties": {"level": "village", "name": "Yastar", "parent_level": "taluka", "parent_name": "Ahmadpur"}}, {"type": "Feature", "geometry": {"type": "Polygon", "coordinates": [[[76.8980474, 18.7545787], [76.9008474, 18.7545787], [76.9008474, 18.7573787], [76.8980474, 18.7573787], [76.8980474, 18.7545787]]]}, "properties": {"level": "village", "name": "Takalgaon Sen", "parent_level": "taluka", "parent_name": "Ahmadpur"}}, {"type": "Feature", "geometry": {"type": "Polygon", "coordinates": [[[76.9058151, 18.7501188], [76.9086151, 18.7501188], [76.9086151, 18.7529188], [76.9058151, 18.7529188], [76.9058151, 18.7501188]]]}, "properties": {"level": "village", "name": "Shenkud", "parent_level": "taluka", "parent_name": "Ahmadpur"}}, {"type": "Feature", "geometry": {"type": "Polygon", "coordinates": [[[76.9257707, 18.7554727], [76.92857070000001, 18.7554727], [76.92857070000001, 18.7582727], [76.9257707, 18.7582727], [76.9257707, 18.7554727]]]}, "properties": {"level": "village", "name": "Sendri", "parent_level": "taluka", "parent_name": "Ahmadpur"}}, {"type": "Feature", "geometry": {"type": "Polygon", "coordinates": [[[76.9311781, 18.7539082], [76.9339781, 18.7539082], [76.9339781, 18.756708200000002], [76.9311781, 18.756708200000002], [76.9311781, 18.7539082]]]}, "properties": {"level": "village", "name": "Sunegaon Shendri", "parent_level": "taluka", "parent_name": "Ahmadpur"}}, {"type": "Feature", "geometry": {"type": "Polygon", "coordinates": [[[76.94538299999999, 18.769065], [76.948183, 18.769065], [76.948183, 18.771865000000002], [76.94538299999999, 18.771865000000002], [76.94538299999999, 18.769065]]]}, "properties": {"level": "village", "name": "Rudha", "parent_level": "taluka", "parent_name": "Ahmadpur"}}, {"type": "Feature", "geometry": {"type": "Polygon", "coordinates": [[[76.9745119, 18.7690649], [76.9773119, 18.7690649], [76.9773119, 18.7718649], [76.9745119, 18.7718649], [76.9745119, 18.7690649]]]}, "properties": {"level": "village", "name": "Sunegaon Sangavi", "parent_level": "taluka", "parent_name": "Ahmadpur"}}, {"type": "Feature", "geometry": {"type": "Polygon", "coordinates": [[[76.96917959999999, 18.7468474], [76.9719796, 18.7468474], [76.9719796, 18.7496474], [76.96917959999999, 18.7496474], [76.96917959999999, 18.7468474]]]}, "properties": {"level": "village", "name": "Gugdal", "parent_level": "taluka", "parent_name": "Ahmadpur"}}, {"type": "Feature", "geometry": {"type": "Polygon", "coordinates": [[[76.97640009999999, 18.7464106], [76.9792001, 18.7464106], [76.9792001, 18.7492106], [76.97640009999999, 18.7492106], [76.97640009999999, 18.7464106]]]}, "properties": {"level": "village", "name": "Hugdal", "parent_level": "taluka", "parent_name": "Ahmadpur"}}, {"type": "Feature", "geometry": {"type": "Polygon", "coordinates": [[[76.9966347, 18.7502204], [76.99943470000001, 18.7502204], [76.99943470000001, 18.7530204], [76.9966347, 18.7530204], [76.9966347, 18.7502204]]]}, "properties": {"level": "village", "name": "Warwanti", "parent_level": "taluka", "parent_name": "Ahmadpur"}}, {"type": "Feature", "geometry": {"type": "Polygon", "coordinates": [[[77.02387519999999, 18.755554], [77.0266752, 18.755554], [77.0266752, 18.758354], [77.02387519999999, 18.758354], [77.02387519999999, 18.755554]]]}, "properties": {"level": "village", "name": "Shindgi Kh", "parent_level": "taluka", "parent_name": "Ahmadpur"}}, {"type": "Feature", "geometry": {"type": "Polygon", "coordinates": [[[77.04641649999999, 18.7529888], [77.0492165, 18.7529888], [77.0492165, 18.7557888], [77.04641649999999, 18.7557888], [77.04641649999999, 18.7529888]]]}, "properties": {"level": "village", "name": "Mangadari", "parent_level": "taluka", "parent_name": "Ahmadpur"}}, {"type": "Feature", "geometry": {"type": "Polygon", "coordinates": [[[76.9927723, 18.7577635], [76.9955723, 18.7577635], [76.9955723, 18.7605635], [76.9927723, 18.7605635], [76.9927723, 18.7577635]]]}, "properties": {"level": "village", "name": "Warwanti Tanda", "parent_level": "taluka", "parent_name": "Ahmadpur"}}, {"type": "Feature", "geometry": {"type": "Polygon", "coordinates": [[[76.9941832, 18.7603337], [76.9969832, 18.7603337], [76.9969832, 18.7631337], [76.9941832, 18.7631337], [76.9941832, 18.7603337]]]}, "properties": {"level": "village", "name": "Rui Tanda", "parent_level": "taluka", "parent_name": "Ahmadpur"}}, {"type": "Feature", "geometry": {"type": "Polygon", "coordinates": [[[76.9949073, 18.7655299], [76.9977073, 18.7655299], [76.9977073, 18.7683299], [76.9949073, 18.7683299], [76.9949073, 18.7655299]]]}, "properties": {"level": "village", "name": "Ruie South", "parent_level": "taluka", "parent_name": "Ahmadpur"}}, {"type": "Feature", "geometry": {"type": "Polygon", "coordinates": [[[76.9943924, 18.794356999999998], [76.9971924, 18.794356999999998], [76.9971924, 18.797157], [76.9943924, 18.797157], [76.9943924, 18.794356999999998]]]}, "properties": {"level": "village", "name": "Ruie North", "parent_level": "taluka", "parent_name": "Ahmadpur"}}, {"type": "Feature", "geometry": {"type": "Polygon", "coordinates": [[[76.9751019, 18.7859065], [76.9779019, 18.7859065], [76.9779019, 18.7887065], [76.9751019, 18.7887065], [76.9751019, 18.7859065]]]}, "properties": {"level": "village", "name": "Sangvi Sune", "parent_level": "taluka", "parent_name": "Ahmadpur"}}, {"type": "Feature", "geometry": {"type": "Polygon", "coordinates": [[[76.9687505, 18.7948446], [76.9715505, 18.7948446], [76.9715505, 18.7976446], [76.9687505, 18.7976446], [76.9687505, 18.7948446]]]}, "properties": {"level": "village", "name": "Sangvi Tanda", "parent_level": "taluka", "parent_name": "Ahmadpur"}}, {"type": "Feature", "geometry": {"type": "Polygon", "coordinates": [[[76.94100569999999, 18.784118799999998], [76.9438057, 18.784118799999998], [76.9438057, 18.7869188], [76.94100569999999, 18.7869188], [76.94100569999999, 18.784118799999998]]]}, "properties": {"level": "village", "name": "Gangahipperga", "parent_level": "taluka", "parent_name": "Ahmadpur"}}, {"type": "Feature", "geometry": {"type": "Polygon", "coordinates": [[[76.93519069999999, 18.8054275], [76.9379907, 18.8054275], [76.9379907, 18.8082275], [76.93519069999999, 18.8082275], [76.93519069999999, 18.8054275]]]}, "properties": {"level": "village", "name": "Ujana", "parent_level": "taluka", "parent_name": "Ahmadpur"}}, {"type": "Feature", "geometry": {"type": "Polygon", "coordinates": [[[76.925186, 18.7774148], [76.927986, 18.7774148], [76.927986, 18.7802148], [76.925186, 18.7802148], [76.925186, 18.7774148]]]}, "properties": {"level": "village", "name": "Anandwadi Sumthana", "parent_level": "taluka", "parent_name": "Ahmadpur"}}, {"type": "Feature", "geometry": {"type": "Polygon", "coordinates": [[[76.9151921, 18.7730368], [76.9179921, 18.7730368], [76.9179921, 18.7758368], [76.9151921, 18.7758368], [76.9151921, 18.7730368]]]}, "properties": {"level": "village", "name": "Sumthana", "parent_level": "taluka", "parent_name": "Ahmadpur"}}, {"type": "Feature", "geometry": {"type": "Polygon", "coordinates": [[[76.890151, 18.7773132], [76.89295100000001, 18.7773132], [76.89295100000001, 18.7801132], [76.890151, 18.7801132], [76.890151, 18.7773132]]]}, "properties": {"level": "village", "name": "Vanjarwadi", "parent_level": "taluka", "parent_name": "Ahmadpur"}}, {"type": "Feature", "geometry": {"type": "Polygon", "coordinates": [[[76.8404121, 18.793432799999998], [76.8432121, 18.793432799999998], [76.8432121, 18.7962328], [76.8404121, 18.7962328], [76.8404121, 18.793432799999998]]]}, "properties": {"level": "village", "name": "Narwatwadi", "parent_level": "taluka", "parent_name": "Ahmadpur"}}, {"type": "Feature", "geometry": {"type": "Polygon", "coordinates": [[[77.0804055, 18.4748002], [77.0832055, 18.4748002], [77.0832055, 18.4776002], [77.0804055, 18.4776002], [77.0804055, 18.4748002]]]}, "properties": {"level": "village", "name": "Kallur", "parent_level": "taluka", "parent_name": "Udgir"}}, {"type": "Feature", "geometry": {"type": "Polygon", "coordinates": [[[77.0659215, 18.4688014], [77.06872150000001, 18.4688014], [77.06872150000001, 18.4716014], [77.0659215, 18.4716014], [77.0659215, 18.4688014]]]}, "properties": {"level": "village", "name": "Ismalpur", "parent_level": "taluka", "parent_name": "Udgir"}}, {"type": "Feature", "geometry": {"type": "Polygon", "coordinates": [[[77.01329659999999, 18.4717169], [77.0160966, 18.4717169], [77.0160966, 18.4745169], [77.01329659999999, 18.4745169], [77.01329659999999, 18.4717169]]]}, "properties": {"level": "village", "name": "Honihipparaga", "parent_level": "taluka", "parent_name": "Udgir"}}, {"type": "Feature", "geometry": {"type": "Polygon", "coordinates": [[[77.03722189999999, 18.4792368], [77.0400219, 18.4792368], [77.0400219, 18.4820368], [77.03722189999999, 18.4820368], [77.03722189999999, 18.4792368]]]}, "properties": {"level": "village", "name": "Anupwadi", "parent_level": "taluka", "parent_name": "Udgir"}}, {"type": "Feature", "geometry": {"type": "Polygon", "coordinates": [[[77.0635719, 18.4855913], [77.06637190000001, 18.4855913], [77.06637190000001, 18.4883913], [77.0635719, 18.4883913], [77.0635719, 18.4855913]]]}, "properties": {"level": "village", "name": "Ekurga", "parent_level": "taluka", "parent_name": "Udgir"}}, {"type": "Feature", "geometry": {"type": "Polygon", "coordinates": [[[77.0470441, 18.4955881], [77.0498441, 18.4955881], [77.0498441, 18.4983881], [77.0470441, 18.4983881], [77.0470441, 18.4955881]]]}, "properties": {"level": "village", "name": "Umerga Manna", "parent_level": "taluka", "parent_name": "Udgir"}}, {"type": "Feature", "geometry": {"type": "Polygon", "coordinates": [[[76.999156, 18.5197002], [77.001956, 18.5197002], [77.001956, 18.5225002], [76.999156, 18.5225002], [76.999156, 18.5197002]]]}, "properties": {"level": "village", "name": "Wadgaon Yekki", "parent_level": "taluka", "parent_name": "Udgir"}}, {"type": "Feature", "geometry": {"type": "Polygon", "coordinates": [[[77.0388151, 18.526099], [77.0416151, 18.526099], [77.0416151, 18.528899], [77.0388151, 18.528899], [77.0388151, 18.526099]]]}, "properties": {"level": "village", "name": "Sukani", "parent_level": "taluka", "parent_name": "Udgir"}}, {"type": "Feature", "geometry": {"type": "Polygon", "coordinates": [[[77.0369537, 18.5095776], [77.0397537, 18.5095776], [77.0397537, 18.5123776], [77.0369537, 18.5123776], [77.0369537, 18.5095776]]]}, "properties": {"level": "village", "name": "Kini Yelladevi", "parent_level": "taluka", "parent_name": "Udgir"}}, {"type": "Feature", "geometry": {"type": "Polygon", "coordinates": [[[77.0910646, 18.4958629], [77.0938646, 18.4958629], [77.0938646, 18.4986629], [77.0910646, 18.4986629], [77.0910646, 18.4958629]]]}, "properties": {"level": "village", "name": "Kherda Kh", "parent_level": "taluka", "parent_name": "Udgir"}}, {"type": "Feature", "geometry": {"type": "Polygon", "coordinates": [[[77.1032579, 18.5082652], [77.10605790000001, 18.5082652], [77.10605790000001, 18.5110652], [77.1032579, 18.5110652], [77.1032579, 18.5082652]]]}, "properties": {"level": "village", "name": "Daul", "parent_level": "taluka", "parent_name": "Udgir"}}, {"type": "Feature", "geometry": {"type": "Polygon", "coordinates": [[[77.1134932, 18.5049638], [77.1162932, 18.5049638], [77.1162932, 18.5077638], [77.1134932, 18.5077638], [77.1134932, 18.5049638]]]}, "properties": {"level": "village", "name": "Hipparaga", "parent_level": "taluka", "parent_name": "Udgir"}}, {"type": "Feature", "geometry": {"type": "Polygon", "coordinates": [[[77.1261854, 18.5054877], [77.1289854, 18.5054877], [77.1289854, 18.5082877], [77.1261854, 18.5082877], [77.1261854, 18.5054877]]]}, "properties": {"level": "village", "name": "Gudsur", "parent_level": "taluka", "parent_name": "Udgir"}}, {"type": "Feature", "geometry": {"type": "Polygon", "coordinates": [[[77.1112187, 18.5347355], [77.1140187, 18.5347355], [77.1140187, 18.5375355], [77.1112187, 18.5375355], [77.1112187, 18.5347355]]]}, "properties": {"level": "village", "name": "Dangewadi", "parent_level": "taluka", "parent_name": "Udgir"}}, {"type": "Feature", "geometry": {"type": "Polygon", "coordinates": [[[77.0483584, 18.5423543], [77.0511584, 18.5423543], [77.0511584, 18.5451543], [77.0483584, 18.5451543], [77.0483584, 18.5423543]]]}, "properties": {"level": "village", "name": "Adolwadi", "parent_level": "taluka", "parent_name": "Udgir"}}, {"type": "Feature", "geometry": {"type": "Polygon", "coordinates": [[[76.97002719999999, 18.5487625], [76.9728272, 18.5487625], [76.9728272, 18.5515625], [76.97002719999999, 18.5515625], [76.97002719999999, 18.5487625]]]}, "properties": {"level": "village", "name": "Bramhawadi Yengewadi", "parent_level": "taluka", "parent_name": "Chakur"}}, {"type": "Feature", "geometry": {"type": "Polygon", "coordinates": [[[76.97552569999999, 18.5526886], [76.9783257, 18.5526886], [76.9783257, 18.5554886], [76.97552569999999, 18.5554886], [76.97552569999999, 18.5526886]]]}, "properties": {"level": "village", "name": "Rudrawadi", "parent_level": "taluka", "parent_name": "Udgir"}}, {"type": "Feature", "geometry": {"type": "Polygon", "coordinates": [[[77.0447214, 18.5732636], [77.04752140000001, 18.5732636], [77.04752140000001, 18.5760636], [77.0447214, 18.5760636], [77.0447214, 18.5732636]]]}, "properties": {"level": "village", "name": "Chimachiwadi", "parent_level": "taluka", "parent_name": "Udgir"}}, {"type": "Feature", "geometry": {"type": "Polygon", "coordinates": [[[77.03246899999999, 18.577718], [77.035269, 18.577718], [77.035269, 18.580518], [77.03246899999999, 18.580518], [77.03246899999999, 18.577718]]]}, "properties": {"level": "village", "name": "Moratalwadi", "parent_level": "taluka", "parent_name": "Udgir"}}, {"type": "Feature", "geometry": {"type": "Polygon", "coordinates": [[[77.10819579999999, 18.3383493], [77.1109958, 18.3383493], [77.1109958, 18.3411493], [77.10819579999999, 18.3411493], [77.10819579999999, 18.3383493]]]}, "properties": {"level": "village", "name": "Jakanal", "parent_level": "taluka", "parent_name": "Udgir"}}, {"type": "Feature", "geometry": {"type": "Polygon", "coordinates": [[[77.0185296, 18.3175424], [77.0213296, 18.3175424], [77.0213296, 18.3203424], [77.0185296, 18.3203424], [77.0185296, 18.3175424]]]}, "properties": {"level": "village", "name": "Dhotarwadi", "parent_level": "taluka", "parent_name": "Deoni"}}, {"type": "Feature", "geometry": {"type": "Polygon", "coordinates": [[[77.18470049999999, 18.4461936], [77.1875005, 18.4461936], [77.1875005, 18.4489936], [77.18470049999999, 18.4489936], [77.18470049999999, 18.4461936]]]}, "properties": {"level": "village", "name": "Manajari", "parent_level": "taluka", "parent_name": "Udgir"}}, {"type": "Feature", "geometry": {"type": "Polygon", "coordinates": [[[77.2047473, 18.4564166], [77.2075473, 18.4564166], [77.2075473, 18.4592166], [77.2047473, 18.4592166], [77.2047473, 18.4564166]]]}, "properties": {"level": "village", "name": "Kodali", "parent_level": "taluka", "parent_name": "Udgir"}}, {"type": "Feature", "geometry": {"type": "Polygon", "coordinates": [[[76.97528969999999, 18.3213771], [76.9780897, 18.3213771], [76.9780897, 18.3241771], [76.97528969999999, 18.3241771], [76.97528969999999, 18.3213771]]]}, "properties": {"level": "village", "name": "Hanmantwadi", "parent_level": "taluka", "parent_name": "Udgir"}}, {"type": "Feature", "geometry": {"type": "Polygon", "coordinates": [[[76.9441492, 18.3152813], [76.9469492, 18.3152813], [76.9469492, 18.3180813], [76.9441492, 18.3180813], [76.9441492, 18.3152813]]]}, "properties": {"level": "village", "name": "Karawandi", "parent_level": "taluka", "parent_name": "Udgir"}}, {"type": "Feature", "geometry": {"type": "Polygon", "coordinates": [[[76.94719359999999, 18.3430135], [76.9499936, 18.3430135], [76.9499936, 18.345813500000002], [76.94719359999999, 18.345813500000002], [76.94719359999999, 18.3430135]]]}, "properties": {"level": "village", "name": "Mahadevwadi", "parent_level": "taluka", "parent_name": "Udgir"}}, {"type": "Feature", "geometry": {"type": "Polygon", "coordinates": [[[76.97014519999999, 18.3458598], [76.9729452, 18.3458598], [76.9729452, 18.3486598], [76.97014519999999, 18.3486598], [76.97014519999999, 18.3458598]]]}, "properties": {"level": "village", "name": "Gangapur", "parent_level": "taluka", "parent_name": "Udgir"}}, {"type": "Feature", "geometry": {"type": "Polygon", "coordinates": [[[77.0396305, 18.3392404], [77.04243050000001, 18.3392404], [77.04243050000001, 18.342040400000002], [77.0396305, 18.342040400000002], [77.0396305, 18.3392404]]]}, "properties": {"level": "village", "name": "Kumdal", "parent_level": "taluka", "parent_name": "Udgir"}}, {"type": "Feature", "geometry": {"type": "Polygon", "coordinates": [[[77.0552785, 18.3343674], [77.05807850000001, 18.3343674], [77.05807850000001, 18.337167400000002], [77.0552785, 18.337167400000002], [77.0552785, 18.3343674]]]}, "properties": {"level": "village", "name": "Dawangaon", "parent_level": "taluka", "parent_name": "Udgir"}}, {"type": "Feature", "geometry": {"type": "Polygon", "coordinates": [[[77.0973838, 18.3253848], [77.10018380000001, 18.3253848], [77.10018380000001, 18.3281848], [77.0973838, 18.3281848], [77.0973838, 18.3253848]]]}, "properties": {"level": "village", "name": "Yenaki", "parent_level": "taluka", "parent_name": "Udgir"}}, {"type": "Feature", "geometry": {"type": "Polygon", "coordinates": [[[77.1425469, 18.3118794], [77.1453469, 18.3118794], [77.1453469, 18.3146794], [77.1425469, 18.3146794], [77.1425469, 18.3118794]]]}, "properties": {"level": "village", "name": "Mogha", "parent_level": "taluka", "parent_name": "Udgir"}}, {"type": "Feature", "geometry": {"type": "Polygon", "coordinates": [[[77.1747441, 18.3218812], [77.1775441, 18.3218812], [77.1775441, 18.3246812], [77.1747441, 18.3246812], [77.1747441, 18.3218812]]]}, "properties": {"level": "village", "name": "Belshakarga", "parent_level": "taluka", "parent_name": "Udgir"}}, {"type": "Feature", "geometry": {"type": "Polygon", "coordinates": [[[77.1945066, 18.3230423], [77.1973066, 18.3230423], [77.1973066, 18.3258423], [77.1945066, 18.3258423], [77.1945066, 18.3230423]]]}, "properties": {"level": "village", "name": "Dhondi Hipparga", "parent_level": "taluka", "parent_name": "Udgir"}}, {"type": "Feature", "geometry": {"type": "Polygon", "coordinates": [[[77.2073812, 18.3229608], [77.21018120000001, 18.3229608], [77.21018120000001, 18.3257608], [77.2073812, 18.3257608], [77.2073812, 18.3229608]]]}, "properties": {"level": "village", "name": "Tadalapur", "parent_level": "taluka", "parent_name": "Udgir"}}, {"type": "Feature", "geometry": {"type": "Polygon", "coordinates": [[[77.20966109999999, 18.3761936], [77.2124611, 18.3761936], [77.2124611, 18.3789936], [77.20966109999999, 18.3789936], [77.20966109999999, 18.3761936]]]}, "properties": {"level": "village", "name": "Janapur", "parent_level": "taluka", "parent_name": "Udgir"}}, {"type": "Feature", "geometry": {"type": "Polygon", "coordinates": [[[77.2004558, 18.3673557], [77.20325580000001, 18.3673557], [77.20325580000001, 18.3701557], [77.2004558, 18.3701557], [77.2004558, 18.3673557]]]}, "properties": {"level": "village", "name": "Gaimal Tanda", "parent_level": "taluka", "parent_name": "Udgir"}}, {"type": "Feature", "geometry": {"type": "Polygon", "coordinates": [[[77.17105339999999, 18.3701914], [77.1738534, 18.3701914], [77.1738534, 18.3729914], [77.17105339999999, 18.3729914], [77.17105339999999, 18.3701914]]]}, "properties": {"level": "village", "name": "Koulkhed", "parent_level": "taluka", "parent_name": "Udgir"}}, {"type": "Feature", "geometry": {"type": "Polygon", "coordinates": [[[77.14603369999999, 18.3501012], [77.1488337, 18.3501012], [77.1488337, 18.3529012], [77.14603369999999, 18.3529012], [77.14603369999999, 18.3501012]]]}, "properties": {"level": "village", "name": "Shellal", "parent_level": "taluka", "parent_name": "Udgir"}}, {"type": "Feature", "geometry": {"type": "Polygon", "coordinates": [[[77.1134986, 18.3636137], [77.11629860000001, 18.3636137], [77.11629860000001, 18.3664137], [77.1134986, 18.3664137], [77.1134986, 18.3636137]]]}, "properties": {"level": "village", "name": "Madalapur", "parent_level": "taluka", "parent_name": "Udgir"}}, {"type": "Feature", "geometry": {"type": "Polygon", "coordinates": [[[77.12219429999999, 18.3551367], [77.1249943, 18.3551367], [77.1249943, 18.3579367], [77.12219429999999, 18.3579367], [77.12219429999999, 18.3551367]]]}, "properties": {"level": "village", "name": "Malewadi", "parent_level": "taluka", "parent_name": "Udgir"}}, {"type": "Feature", "geometry": {"type": "Polygon", "coordinates": [[[77.0932371, 18.341934], [77.0960371, 18.341934], [77.0960371, 18.344734], [77.0932371, 18.344734], [77.0932371, 18.341934]]]}, "properties": {"level": "village", "name": "Netragaon", "parent_level": "taluka", "parent_name": "Udgir"}}, {"type": "Feature", "geometry": {"type": "Polygon", "coordinates": [[[77.0809419, 18.369723099999998], [77.0837419, 18.369723099999998], [77.0837419, 18.3725231], [77.0809419, 18.3725231], [77.0809419, 18.369723099999998]]]}, "properties": {"level": "village", "name": "Banashelaki", "parent_level": "taluka", "parent_name": "Udgir"}}, {"type": "Feature", "geometry": {"type": "Polygon", "coordinates": [[[77.0625098, 18.3616485], [77.06530980000001, 18.3616485], [77.06530980000001, 18.3644485], [77.0625098, 18.3644485], [77.0625098, 18.3616485]]]}, "properties": {"level": "village", "name": "Shekapur", "parent_level": "taluka", "parent_name": "Udgir"}}, {"type": "Feature", "geometry": {"type": "Polygon", "coordinates": [[[77.03435189999999, 18.3551061], [77.0371519, 18.3551061], [77.0371519, 18.3579061], [77.03435189999999, 18.3579061], [77.03435189999999, 18.3551061]]]}, "properties": {"level": "village", "name": "Karakheli", "parent_level": "taluka", "parent_name": "Udgir"}}, {"type": "Feature", "geometry": {"type": "Polygon", "coordinates": [[[77.0128943, 18.352499299999998], [77.0156943, 18.352499299999998], [77.0156943, 18.3552993], [77.0128943, 18.3552993], [77.0128943, 18.352499299999998]]]}, "properties": {"level": "village", "name": "Chigali", "parent_level": "taluka", "parent_name": "Udgir"}}, {"type": "Feature", "geometry": {"type": "Polygon", "coordinates": [[[77.00585079999999, 18.3573311], [77.0086508, 18.3573311], [77.0086508, 18.3601311], [77.00585079999999, 18.3601311], [77.00585079999999, 18.3573311]]]}, "properties": {"level": "village", "name": "Bhakaskheda East", "parent_level": "taluka", "parent_name": "Udgir"}}, {"type": "Feature", "geometry": {"type": "Polygon", "coordinates": [[[76.98718799999999, 18.3580082], [76.989988, 18.3580082], [76.989988, 18.3608082], [76.98718799999999, 18.3608082], [76.98718799999999, 18.3580082]]]}, "properties": {"level": "village", "name": "Bhakaskheda", "parent_level": "taluka", "parent_name": "Udgir"}}, {"type": "Feature", "geometry": {"type": "Polygon", "coordinates": [[[76.9351129, 18.3664851], [76.9379129, 18.3664851], [76.9379129, 18.3692851], [76.9351129, 18.3692851], [76.9351129, 18.3664851]]]}, "properties": {"level": "village", "name": "Satala Bk", "parent_level": "taluka", "parent_name": "Udgir"}}, {"type": "Feature", "geometry": {"type": "Polygon", "coordinates": [[[76.95535009999999, 18.375867799999998], [76.9581501, 18.375867799999998], [76.9581501, 18.3786678], [76.95535009999999, 18.3786678], [76.95535009999999, 18.375867799999998]]]}, "properties": {"level": "village", "name": "Waigaon", "parent_level": "taluka", "parent_name": "Udgir"}}, {"type": "Feature", "geometry": {"type": "Polygon", "coordinates": [[[76.9717974, 18.3944026], [76.97459740000001, 18.3944026], [76.97459740000001, 18.3972026], [76.9717974, 18.3972026], [76.9717974, 18.3944026]]]}, "properties": {"level": "village", "name": "Karadkhed", "parent_level": "taluka", "parent_name": "Udgir"}}, {"type": "Feature", "geometry": {"type": "Polygon", "coordinates": [[[76.9336886, 18.3984137], [76.9364886, 18.3984137], [76.9364886, 18.4012137], [76.9336886, 18.4012137], [76.9336886, 18.3984137]]]}, "properties": {"level": "village", "name": "Digras", "parent_level": "taluka", "parent_name": "Udgir"}}, {"type": "Feature", "geometry": {"type": "Polygon", "coordinates": [[[76.9423468, 18.4146862], [76.9451468, 18.4146862], [76.9451468, 18.4174862], [76.9423468, 18.4174862], [76.9423468, 18.4146862]]]}, "properties": {"level": "village", "name": "Ganeshwadi", "parent_level": "taluka", "parent_name": "Udgir"}}, {"type": "Feature", "geometry": {"type": "Polygon", "coordinates": [[[76.9866864, 18.4326442], [76.9894864, 18.4326442], [76.9894864, 18.4354442], [76.9866864, 18.4354442], [76.9866864, 18.4326442]]]}, "properties": {"level": "village", "name": "Nagobachiwadi", "parent_level": "taluka", "parent_name": "Udgir"}}, {"type": "Feature", "geometry": {"type": "Polygon", "coordinates": [[[76.9766683, 18.4370183], [76.97946830000001, 18.4370183], [76.97946830000001, 18.4398183], [76.9766683, 18.4398183], [76.9766683, 18.4370183]]]}, "properties": {"level": "village", "name": "Bamajichiwadi", "parent_level": "taluka", "parent_name": "Udgir"}}, {"type": "Feature", "geometry": {"type": "Polygon", "coordinates": [[[76.986437, 18.451669], [76.989237, 18.451669], [76.989237, 18.454469], [76.986437, 18.454469], [76.986437, 18.451669]]]}, "properties": {"level": "village", "name": "Jaibachiwadi", "parent_level": "taluka", "parent_name": "Udgir"}}, {"type": "Feature", "geometry": {"type": "Polygon", "coordinates": [[[77.00847929999999, 18.4197554], [77.0112793, 18.4197554], [77.0112793, 18.4225554], [77.00847929999999, 18.4225554], [77.00847929999999, 18.4197554]]]}, "properties": {"level": "village", "name": "Kumatha Kh", "parent_level": "taluka", "parent_name": "Udgir"}}, {"type": "Feature", "geometry": {"type": "Polygon", "coordinates": [[[77.0564265, 18.3999713], [77.05922650000001, 18.3999713], [77.05922650000001, 18.4027713], [77.0564265, 18.4027713], [77.0564265, 18.3999713]]]}, "properties": {"level": "village", "name": "Haibatpur", "parent_level": "taluka", "parent_name": "Udgir"}}, {"type": "Feature", "geometry": {"type": "Polygon", "coordinates": [[[77.0688881, 18.3915698], [77.0716881, 18.3915698], [77.0716881, 18.3943698], [77.0688881, 18.3943698], [77.0688881, 18.3915698]]]}, "properties": {"level": "village", "name": "Tiwatghyal", "parent_level": "taluka", "parent_name": "Udgir"}}, {"type": "Feature", "geometry": {"type": "Polygon", "coordinates": [[[77.079354, 18.4155056], [77.082154, 18.4155056], [77.082154, 18.4183056], [77.079354, 18.4183056], [77.079354, 18.4155056]]]}, "properties": {"level": "village", "name": "Loni", "parent_level": "taluka", "parent_name": "Udgir"}}, {"type": "Feature", "geometry": {"type": "Polygon", "coordinates": [[[77.1344895, 18.4282548], [77.13728950000001, 18.4282548], [77.13728950000001, 18.431054800000002], [77.1344895, 18.431054800000002], [77.1344895, 18.4282548]]]}, "properties": {"level": "village", "name": "Pimpari", "parent_level": "taluka", "parent_name": "Udgir"}}, {"type": "Feature", "geometry": {"type": "Polygon", "coordinates": [[[77.1526695, 18.4157219], [77.15546950000001, 18.4157219], [77.15546950000001, 18.418521900000002], [77.1526695, 18.418521900000002], [77.1526695, 18.4157219]]]}, "properties": {"level": "village", "name": "Bhima Tanda", "parent_level": "taluka", "parent_name": "Udgir"}}, {"type": "Feature", "geometry": {"type": "Polygon", "coordinates": [[[77.1704848, 18.3876018], [77.1732848, 18.3876018], [77.1732848, 18.3904018], [77.1704848, 18.3904018], [77.1704848, 18.3876018]]]}, "properties": {"level": "village", "name": "Mallapur", "parent_level": "taluka", "parent_name": "Udgir"}}, {"type": "Feature", "geometry": {"type": "Polygon", "coordinates": [[[77.1850116, 18.3882025], [77.1878116, 18.3882025], [77.1878116, 18.3910025], [77.1850116, 18.3910025], [77.1850116, 18.3882025]]]}, "properties": {"level": "village", "name": "Gurdhal", "parent_level": "taluka", "parent_name": "Udgir"}}, {"type": "Feature", "geometry": {"type": "Polygon", "coordinates": [[[77.1947105, 18.3968052], [77.1975105, 18.3968052], [77.1975105, 18.3996052], [77.1947105, 18.3996052], [77.1947105, 18.3968052]]]}, "properties": {"level": "village", "name": "Kumadal", "parent_level": "taluka", "parent_name": "Udgir"}}, {"type": "Feature", "geometry": {"type": "Polygon", "coordinates": [[[77.2159053, 18.3999712], [77.21870530000001, 18.3999712], [77.21870530000001, 18.4027712], [77.2159053, 18.4027712], [77.2159053, 18.3999712]]]}, "properties": {"level": "village", "name": "Chandegaon", "parent_level": "taluka", "parent_name": "Udgir"}}, {"type": "Feature", "geometry": {"type": "Polygon", "coordinates": [[[77.2270794, 18.4153529], [77.2298794, 18.4153529], [77.2298794, 18.4181529], [77.2270794, 18.4181529], [77.2270794, 18.4153529]]]}, "properties": {"level": "village", "name": "Limbagaon", "parent_level": "taluka", "parent_name": "Udgir"}}, {"type": "Feature", "geometry": {"type": "Polygon", "coordinates": [[[77.251745, 18.4214502], [77.25454500000001, 18.4214502], [77.25454500000001, 18.4242502], [77.251745, 18.4242502], [77.251745, 18.4214502]]]}, "properties": {"level": "village", "name": "Wagadari", "parent_level": "taluka", "parent_name": "Udgir"}}, {"type": "Feature", "geometry": {"type": "Polygon", "coordinates": [[[77.2536118, 18.4365552], [77.25641180000001, 18.4365552], [77.25641180000001, 18.4393552], [77.2536118, 18.4393552], [77.2536118, 18.4365552]]]}, "properties": {"level": "village", "name": "Takali", "parent_level": "taluka", "parent_name": "Udgir"}}, {"type": "Feature", "geometry": {"type": "Polygon", "coordinates": [[[77.2110237, 18.4365145], [77.2138237, 18.4365145], [77.2138237, 18.439314500000002], [77.2110237, 18.439314500000002], [77.2110237, 18.4365145]]]}, "properties": {"level": "village", "name": "Sumathana", "parent_level": "taluka", "parent_name": "Udgir"}}, {"type": "Feature", "geometry": {"type": "Polygon", "coordinates": [[[77.25479729999999, 18.46641], [77.2575973, 18.46641], [77.2575973, 18.46921], [77.25479729999999, 18.46921], [77.25479729999999, 18.46641]]]}, "properties": {"level": "village", "name": "Chondi", "parent_level": "taluka", "parent_name": "Udgir"}}, {"type": "Feature", "geometry": {"type": "Polygon", "coordinates": [[[77.2242309, 18.4831493], [77.2270309, 18.4831493], [77.2270309, 18.4859493], [77.2242309, 18.4859493], [77.2242309, 18.4831493]]]}, "properties": {"level": "village", "name": "Deulwadi", "parent_level": "taluka", "parent_name": "Udgir"}}, {"type": "Feature", "geometry": {"type": "Polygon", "coordinates": [[[77.2085158, 18.4878502], [77.21131580000001, 18.4878502], [77.21131580000001, 18.4906502], [77.2085158, 18.4906502], [77.2085158, 18.4878502]]]}, "properties": {"level": "village", "name": "Muttalgaon", "parent_level": "taluka", "parent_name": "Udgir"}}, {"type": "Feature", "geometry": {"type": "Polygon", "coordinates": [[[77.1659062, 18.4896512], [77.1687062, 18.4896512], [77.1687062, 18.4924512], [77.1659062, 18.4924512], [77.1659062, 18.4896512]]]}, "properties": {"level": "village", "name": "Mortalwadi", "parent_level": "taluka", "parent_name": "Udgir"}}, {"type": "Feature", "geometry": {"type": "Polygon", "coordinates": [[[77.152632, 18.479102], [77.155432, 18.479102], [77.155432, 18.481902], [77.152632, 18.481902], [77.152632, 18.479102]]]}, "properties": {"level": "village", "name": "Nalgir Tanda", "parent_level": "taluka", "parent_name": "Udgir"}}, {"type": "Feature", "geometry": {"type": "Polygon", "coordinates": [[[77.13583059999999, 18.4635199], [77.1386306, 18.4635199], [77.1386306, 18.466319900000002], [77.13583059999999, 18.466319900000002], [77.13583059999999, 18.4635199]]]}, "properties": {"level": "village", "name": "Nawandi", "parent_level": "taluka", "parent_name": "Udgir"}}, {"type": "Feature", "geometry": {"type": "Polygon", "coordinates": [[[77.1053285, 18.4718594], [77.1081285, 18.4718594], [77.1081285, 18.4746594], [77.1053285, 18.4746594], [77.1053285, 18.4718594]]]}, "properties": {"level": "village", "name": "Donagarshelaki", "parent_level": "taluka", "parent_name": "Udgir"}}, {"type": "Feature", "geometry": {"type": "Polygon", "coordinates": [[[77.0861347, 18.437517], [77.08893470000001, 18.437517], [77.08893470000001, 18.440317], [77.0861347, 18.440317], [77.0861347, 18.437517]]]}, "properties": {"level": "village", "name": "Hakanakwadi", "parent_level": "taluka", "parent_name": "Udgir"}}, {"type": "Feature", "geometry": {"type": "Polygon", "coordinates": [[[77.0802392, 18.446127399999998], [77.0830392, 18.446127399999998], [77.0830392, 18.4489274], [77.0802392, 18.4489274], [77.0802392, 18.446127399999998]]]}, "properties": {"level": "village", "name": "Wanjarwadi", "parent_level": "taluka", "parent_name": "Udgir"}}, {"type": "Feature", "geometry": {"type": "Polygon", "coordinates": [[[77.0749177, 18.4416798], [77.07771770000001, 18.4416798], [77.07771770000001, 18.4444798], [77.0749177, 18.4444798], [77.0749177, 18.4416798]]]}, "properties": {"level": "village", "name": "Tondarwadi", "parent_level": "taluka", "parent_name": "Udgir"}}, {"type": "Feature", "geometry": {"type": "Polygon", "coordinates": [[[77.0377476, 18.4537553], [77.04054760000001, 18.4537553], [77.04054760000001, 18.4565553], [77.0377476, 18.4565553], [77.0377476, 18.4537553]]]}, "properties": {"level": "village", "name": "Hanagaraga Kudar", "parent_level": "taluka", "parent_name": "Udgir"}}, {"type": "Feature", "geometry": {"type": "Polygon", "coordinates": [[[77.0213754, 18.4465956], [77.0241754, 18.4465956], [77.0241754, 18.4493956], [77.0213754, 18.4493956], [77.0213754, 18.4465956]]]}, "properties": {"level": "village", "name": "Khetraphal", "parent_level": "taluka", "parent_name": "Udgir"}}, {"type": "Feature", "geometry": {"type": "Polygon", "coordinates": [[[76.7304094, 18.3980166], [76.7332094, 18.3980166], [76.7332094, 18.4008166], [76.7304094, 18.4008166], [76.7304094, 18.3980166]]]}, "properties": {"level": "village", "name": "Sugao", "parent_level": "taluka", "parent_name": "Chakur"}}, {"type": "Feature", "geometry": {"type": "Polygon", "coordinates": [[[76.7968101, 18.4319852], [76.79961010000001, 18.4319852], [76.79961010000001, 18.4347852], [76.7968101, 18.4347852], [76.7968101, 18.4319852]]]}, "properties": {"level": "village", "name": "Yellamwadi", "parent_level": "taluka", "parent_name": "Chakur"}}, {"type": "Feature", "geometry": {"type": "Polygon", "coordinates": [[[76.80223889999999, 18.3857285], [76.8050389, 18.3857285], [76.8050389, 18.3885285], [76.80223889999999, 18.3885285], [76.80223889999999, 18.3857285]]]}, "properties": {"level": "village", "name": "Shivpur", "parent_level": "taluka", "parent_name": "Shirur Anantpal"}}, {"type": "Feature", "geometry": {"type": "Polygon", "coordinates": [[[76.7903085, 18.3998898], [76.7931085, 18.3998898], [76.7931085, 18.4026898], [76.7903085, 18.4026898], [76.7903085, 18.3998898]]]}, "properties": {"level": "village", "name": "Limbalwadi", "parent_level": "taluka", "parent_name": "Chakur"}}, {"type": "Feature", "geometry": {"type": "Polygon", "coordinates": [[[76.7016132, 18.4019258], [76.7044132, 18.4019258], [76.7044132, 18.4047258], [76.7016132, 18.4047258], [76.7016132, 18.4019258]]]}, "properties": {"level": "village", "name": "Murumbi", "parent_level": "taluka", "parent_name": "Chakur"}}, {"type": "Feature", "geometry": {"type": "Polygon", "coordinates": [[[76.7656107, 18.4132458], [76.7684107, 18.4132458], [76.7684107, 18.4160458], [76.7656107, 18.4160458], [76.7656107, 18.4132458]]]}, "properties": {"level": "village", "name": "Devangra", "parent_level": "taluka", "parent_name": "Chakur"}}, {"type": "Feature", "geometry": {"type": "Polygon", "coordinates": [[[76.7169983, 18.4320361], [76.71979830000001, 18.4320361], [76.71979830000001, 18.434836100000002], [76.7169983, 18.434836100000002], [76.7169983, 18.4320361]]]}, "properties": {"level": "village", "name": "Mahalgangrawadi", "parent_level": "taluka", "parent_name": "Chakur"}}, {"type": "Feature", "geometry": {"type": "Polygon", "coordinates": [[[76.7243368, 18.4479339], [76.72713680000001, 18.4479339], [76.72713680000001, 18.4507339], [76.7243368, 18.4507339], [76.7243368, 18.4479339]]]}, "properties": {"level": "village", "name": "Mahalangra", "parent_level": "taluka", "parent_name": "Chakur"}}, {"type": "Feature", "geometry": {"type": "Polygon", "coordinates": [[[76.75307939999999, 18.4510177], [76.7558794, 18.4510177], [76.7558794, 18.453817700000002], [76.75307939999999, 18.453817700000002], [76.75307939999999, 18.4510177]]]}, "properties": {"level": "village", "name": "Ashta", "parent_level": "taluka", "parent_name": "Chakur"}}, {"type": "Feature", "geometry": {"type": "Polygon", "coordinates": [[[76.8226988, 18.453500899999998], [76.8254988, 18.453500899999998], [76.8254988, 18.4563009], [76.8226988, 18.4563009], [76.8226988, 18.453500899999998]]]}, "properties": {"level": "village", "name": "Hatkarwadi Nalegaon", "parent_level": "taluka", "parent_name": "Chakur"}}, {"type": "Feature", "geometry": {"type": "Polygon", "coordinates": [[[76.8456049, 18.4526664], [76.8484049, 18.4526664], [76.8484049, 18.4554664], [76.8456049, 18.4554664], [76.8456049, 18.4526664]]]}, "properties": {"level": "village", "name": "Agensonda KH", "parent_level": "taluka", "parent_name": "Chakur"}}, {"type": "Feature", "geometry": {"type": "Polygon", "coordinates": [[[76.86605399999999, 18.4352219], [76.868854, 18.4352219], [76.868854, 18.4380219], [76.86605399999999, 18.4380219], [76.86605399999999, 18.4352219]]]}, "properties": {"level": "village", "name": "Atola", "parent_level": "taluka", "parent_name": "Chakur"}}, {"type": "Feature", "geometry": {"type": "Polygon", "coordinates": [[[76.88100999999999, 18.4132153], [76.88381, 18.4132153], [76.88381, 18.4160153], [76.88100999999999, 18.4160153], [76.88100999999999, 18.4132153]]]}, "properties": {"level": "village", "name": "Bawalgaon", "parent_level": "taluka", "parent_name": "Chakur"}}, {"type": "Feature", "geometry": {"type": "Polygon", "coordinates": [[[76.9129605, 18.4295525], [76.9157605, 18.4295525], [76.9157605, 18.4323525], [76.9129605, 18.4323525], [76.9129605, 18.4295525]]]}, "properties": {"level": "village", "name": "Kumbewadi", "parent_level": "taluka", "parent_name": "Chakur"}}, {"type": "Feature", "geometry": {"type": "Polygon", "coordinates": [[[76.8972857, 18.4233639], [76.9000857, 18.4233639], [76.9000857, 18.4261639], [76.8972857, 18.4261639], [76.8972857, 18.4233639]]]}, "properties": {"level": "village", "name": "Kanbansangavi", "parent_level": "taluka", "parent_name": "Chakur"}}, {"type": "Feature", "geometry": {"type": "Polygon", "coordinates": [[[76.91664589999999, 18.4209413], [76.9194459, 18.4209413], [76.9194459, 18.4237413], [76.91664589999999, 18.4237413], [76.91664589999999, 18.4209413]]]}, "properties": {"level": "village", "name": "Ambewadi", "parent_level": "taluka", "parent_name": "Chakur"}}, {"type": "Feature", "geometry": {"type": "Polygon", "coordinates": [[[76.9183142, 18.4596681], [76.9211142, 18.4596681], [76.9211142, 18.4624681], [76.9183142, 18.4624681], [76.9183142, 18.4596681]]]}, "properties": {"level": "village", "name": "Nageshwadi", "parent_level": "taluka", "parent_name": "Chakur"}}, {"type": "Feature", "geometry": {"type": "Polygon", "coordinates": [[[76.9442029, 18.4433896], [76.9470029, 18.4433896], [76.9470029, 18.4461896], [76.9442029, 18.4461896], [76.9442029, 18.4433896]]]}, "properties": {"level": "village", "name": "Rohina", "parent_level": "taluka", "parent_name": "Chakur"}}, {"type": "Feature", "geometry": {"type": "Polygon", "coordinates": [[[76.9926543, 18.4911723], [76.9954543, 18.4911723], [76.9954543, 18.4939723], [76.9926543, 18.4939723], [76.9926543, 18.4911723]]]}, "properties": {"level": "village", "name": "Sangachiwadi", "parent_level": "taluka", "parent_name": "Chakur"}}, {"type": "Feature", "geometry": {"type": "Polygon", "coordinates": [[[76.96511339999999, 18.4727294], [76.9679134, 18.4727294], [76.9679134, 18.4755294], [76.96511339999999, 18.4755294], [76.96511339999999, 18.4727294]]]}, "properties": {"level": "village", "name": "Mahandol", "parent_level": "taluka", "parent_name": "Chakur"}}, {"type": "Feature", "geometry": {"type": "Polygon", "coordinates": [[[76.9695524, 18.4798906], [76.9723524, 18.4798906], [76.9723524, 18.4826906], [76.9695524, 18.4826906], [76.9695524, 18.4798906]]]}, "properties": {"level": "village", "name": "Sandol", "parent_level": "taluka", "parent_name": "Chakur"}}, {"type": "Feature", "geometry": {"type": "Polygon", "coordinates": [[[76.92868899999999, 18.4902464], [76.931489, 18.4902464], [76.931489, 18.4930464], [76.92868899999999, 18.4930464], [76.92868899999999, 18.4902464]]]}, "properties": {"level": "village", "name": "Ramwadi", "parent_level": "taluka", "parent_name": "Chakur"}}, {"type": "Feature", "geometry": {"type": "Polygon", "coordinates": [[[76.90681289999999, 18.4873771], [76.9096129, 18.4873771], [76.9096129, 18.4901771], [76.90681289999999, 18.4901771], [76.90681289999999, 18.4873771]]]}, "properties": {"level": "village", "name": "Mandurki", "parent_level": "taluka", "parent_name": "Chakur"}}, {"type": "Feature", "geometry": {"type": "Polygon", "coordinates": [[[76.8998391, 18.4996783], [76.9026391, 18.4996783], [76.9026391, 18.5024783], [76.8998391, 18.5024783], [76.8998391, 18.4996783]]]}, "properties": {"level": "village", "name": "Thirthwadi", "parent_level": "taluka", "parent_name": "Chakur"}}, {"type": "Feature", "geometry": {"type": "Polygon", "coordinates": [[[76.86754529999999, 18.4660997], [76.8703453, 18.4660997], [76.8703453, 18.4688997], [76.86754529999999, 18.4688997], [76.86754529999999, 18.4660997]]]}, "properties": {"level": "village", "name": "Tiwghyal", "parent_level": "taluka", "parent_name": "Chakur"}}, {"type": "Feature", "geometry": {"type": "Polygon", "coordinates": [[[76.86324309999999, 18.4787586], [76.8660431, 18.4787586], [76.8660431, 18.4815586], [76.86324309999999, 18.4815586], [76.86324309999999, 18.4787586]]]}, "properties": {"level": "village", "name": "Tiwatghyal", "parent_level": "taluka", "parent_name": "Chakur"}}, {"type": "Feature", "geometry": {"type": "Polygon", "coordinates": [[[76.84352349999999, 18.4851792], [76.8463235, 18.4851792], [76.8463235, 18.4879792], [76.84352349999999, 18.4879792], [76.84352349999999, 18.4851792]]]}, "properties": {"level": "village", "name": "Bansawargaon", "parent_level": "taluka", "parent_name": "Chakur"}}, {"type": "Feature", "geometry": {"type": "Polygon", "coordinates": [[[76.8407984, 18.4780361], [76.8435984, 18.4780361], [76.8435984, 18.4808361], [76.8407984, 18.4808361], [76.8407984, 18.4780361]]]}, "properties": {"level": "village", "name": "Bhatsangvi", "parent_level": "taluka", "parent_name": "Chakur"}}, {"type": "Feature", "geometry": {"type": "Polygon", "coordinates": [[[76.8084724, 18.4857287], [76.81127240000001, 18.4857287], [76.81127240000001, 18.4885287], [76.8084724, 18.4885287], [76.8084724, 18.4857287]]]}, "properties": {"level": "village", "name": "Gharani", "parent_level": "taluka", "parent_name": "Chakur"}}, {"type": "Feature", "geometry": {"type": "Polygon", "coordinates": [[[76.7877764, 18.4604008], [76.7905764, 18.4604008], [76.7905764, 18.4632008], [76.7877764, 18.4632008], [76.7877764, 18.4604008]]]}, "properties": {"level": "village", "name": "Ambulga", "parent_level": "taluka", "parent_name": "Chakur"}}, {"type": "Feature", "geometry": {"type": "Polygon", "coordinates": [[[76.76535319999999, 18.4660793], [76.7681532, 18.4660793], [76.7681532, 18.4688793], [76.76535319999999, 18.4688793], [76.76535319999999, 18.4660793]]]}, "properties": {"level": "village", "name": "Mohadal", "parent_level": "taluka", "parent_name": "Chakur"}}, {"type": "Feature", "geometry": {"type": "Polygon", "coordinates": [[[76.7380376, 18.4638201], [76.7408376, 18.4638201], [76.7408376, 18.4666201], [76.7380376, 18.4666201], [76.7380376, 18.4638201]]]}, "properties": {"level": "village", "name": "Astamod", "parent_level": "taluka", "parent_name": "Chakur"}}, {"type": "Feature", "geometry": {"type": "Polygon", "coordinates": [[[76.716301, 18.473467199999998], [76.71910100000001, 18.473467199999998], [76.71910100000001, 18.4762672], [76.716301, 18.4762672], [76.716301, 18.473467199999998]]]}, "properties": {"level": "village", "name": "Ganjur", "parent_level": "taluka", "parent_name": "Chakur"}}, {"type": "Feature", "geometry": {"type": "Polygon", "coordinates": [[[76.7904801, 18.496473299999998], [76.7932801, 18.496473299999998], [76.7932801, 18.4992733], [76.7904801, 18.4992733], [76.7904801, 18.496473299999998]]]}, "properties": {"level": "village", "name": "Gharola", "parent_level": "taluka", "parent_name": "Chakur"}}, {"type": "Feature", "geometry": {"type": "Polygon", "coordinates": [[[76.76036429999999, 18.5106255], [76.7631643, 18.5106255], [76.7631643, 18.5134255], [76.76036429999999, 18.5134255], [76.76036429999999, 18.5106255]]]}, "properties": {"level": "village", "name": "Dapkyal", "parent_level": "taluka", "parent_name": "Chakur"}}, {"type": "Feature", "geometry": {"type": "Polygon", "coordinates": [[[76.7296047, 18.5143491], [76.7324047, 18.5143491], [76.7324047, 18.5171491], [76.7296047, 18.5171491], [76.7296047, 18.5143491]]]}, "properties": {"level": "village", "name": "Shivankhed Bk", "parent_level": "taluka", "parent_name": "Chakur"}}, {"type": "Feature", "geometry": {"type": "Polygon", "coordinates": [[[76.7047353, 18.4953745], [76.7075353, 18.4953745], [76.7075353, 18.4981745], [76.7047353, 18.4981745], [76.7047353, 18.4953745]]]}, "properties": {"level": "village", "name": "Jagalpur Kh", "parent_level": "taluka", "parent_name": "Chakur"}}, {"type": "Feature", "geometry": {"type": "Polygon", "coordinates": [[[76.7006047, 18.5280979], [76.70340470000001, 18.5280979], [76.70340470000001, 18.5308979], [76.7006047, 18.5308979], [76.7006047, 18.5280979]]]}, "properties": {"level": "village", "name": "Kawthali", "parent_level": "taluka", "parent_name": "Chakur"}}, {"type": "Feature", "geometry": {"type": "Polygon", "coordinates": [[[76.7286391, 18.5274317], [76.7314391, 18.5274317], [76.7314391, 18.5302317], [76.7286391, 18.5302317], [76.7286391, 18.5274317]]]}, "properties": {"level": "village", "name": "Shivni Majra", "parent_level": "taluka", "parent_name": "Chakur"}}, {"type": "Feature", "geometry": {"type": "Polygon", "coordinates": [[[76.8037624, 18.5609372], [76.8065624, 18.5609372], [76.8065624, 18.563737200000002], [76.8037624, 18.563737200000002], [76.8037624, 18.5609372]]]}, "properties": {"level": "village", "name": "Wagholi", "parent_level": "taluka", "parent_name": "Chakur"}}, {"type": "Feature", "geometry": {"type": "Polygon", "coordinates": [[[76.8290717, 18.5470842], [76.83187170000001, 18.5470842], [76.83187170000001, 18.5498842], [76.8290717, 18.5498842], [76.8290717, 18.5470842]]]}, "properties": {"level": "village", "name": "Hali Kh", "parent_level": "taluka", "parent_name": "Chakur"}}, {"type": "Feature", "geometry": {"type": "Polygon", "coordinates": [[[76.8627066, 18.5304275], [76.8655066, 18.5304275], [76.8655066, 18.5332275], [76.8627066, 18.5332275], [76.8627066, 18.5304275]]]}, "properties": {"level": "village", "name": "Saranwadi", "parent_level": "taluka", "parent_name": "Chakur"}}, {"type": "Feature", "geometry": {"type": "Polygon", "coordinates": [[[76.8974466, 18.5241357], [76.9002466, 18.5241357], [76.9002466, 18.5269357], [76.8974466, 18.5269357], [76.8974466, 18.5241357]]]}, "properties": {"level": "village", "name": "Algarwadi", "parent_level": "taluka", "parent_name": "Chakur"}}, {"type": "Feature", "geometry": {"type": "Polygon", "coordinates": [[[76.90709179999999, 18.514644099999998], [76.9098918, 18.514644099999998], [76.9098918, 18.5174441], [76.90709179999999, 18.5174441], [76.90709179999999, 18.514644099999998]]]}, "properties": {"level": "village", "name": "Hanmantwadi Tanda", "parent_level": "taluka", "parent_name": "Chakur"}}, {"type": "Feature", "geometry": {"type": "Polygon", "coordinates": [[[76.9086475, 18.5116327], [76.91144750000001, 18.5116327], [76.91144750000001, 18.5144327], [76.9086475, 18.5144327], [76.9086475, 18.5116327]]]}, "properties": {"level": "village", "name": "Hanmatwadi", "parent_level": "taluka", "parent_name": "Chakur"}}, {"type": "Feature", "geometry": {"type": "Polygon", "coordinates": [[[76.9305773, 18.5050604], [76.9333773, 18.5050604], [76.9333773, 18.507860400000002], [76.9305773, 18.507860400000002], [76.9305773, 18.5050604]]]}, "properties": {"level": "village", "name": "Bothi", "parent_level": "taluka", "parent_name": "Chakur"}}, {"type": "Feature", "geometry": {"type": "Polygon", "coordinates": [[[76.9260175, 18.516994099999998], [76.92881750000001, 18.516994099999998], [76.92881750000001, 18.5197941], [76.9260175, 18.5197941], [76.9260175, 18.516994099999998]]]}, "properties": {"level": "village", "name": "Shirnal", "parent_level": "taluka", "parent_name": "Chakur"}}, {"type": "Feature", "geometry": {"type": "Polygon", "coordinates": [[[76.95111229999999, 18.5116531], [76.9539123, 18.5116531], [76.9539123, 18.5144531], [76.95111229999999, 18.5144531], [76.95111229999999, 18.5116531]]]}, "properties": {"level": "village", "name": "Kalkoti", "parent_level": "taluka", "parent_name": "Chakur"}}, {"type": "Feature", "geometry": {"type": "Polygon", "coordinates": [[[76.96789749999999, 18.4983861], [76.9706975, 18.4983861], [76.9706975, 18.5011861], [76.96789749999999, 18.5011861], [76.96789749999999, 18.4983861]]]}, "properties": {"level": "village", "name": "Rachanawadi", "parent_level": "taluka", "parent_name": "Chakur"}}, {"type": "Feature", "geometry": {"type": "Polygon", "coordinates": [[[76.9862277, 18.5025881], [76.98902770000001, 18.5025881], [76.98902770000001, 18.5053881], [76.9862277, 18.5053881], [76.9862277, 18.5025881]]]}, "properties": {"level": "village", "name": "Shelgaon", "parent_level": "taluka", "parent_name": "Chakur"}}, {"type": "Feature", "geometry": {"type": "Polygon", "coordinates": [[[76.9960875, 18.5058336], [76.99888750000001, 18.5058336], [76.99888750000001, 18.5086336], [76.9960875, 18.5086336], [76.9960875, 18.5058336]]]}, "properties": {"level": "village", "name": "Chawalewadi", "parent_level": "taluka", "parent_name": "Chakur"}}, {"type": "Feature", "geometry": {"type": "Polygon", "coordinates": [[[76.9881911, 18.5169382], [76.9909911, 18.5169382], [76.9909911, 18.5197382], [76.9881911, 18.5197382], [76.9881911, 18.5169382]]]}, "properties": {"level": "village", "name": "Takalgaon", "parent_level": "taluka", "parent_name": "Chakur"}}, {"type": "Feature", "geometry": {"type": "Polygon", "coordinates": [[[76.9905836, 18.5385144], [76.9933836, 18.5385144], [76.9933836, 18.5413144], [76.9905836, 18.5413144], [76.9905836, 18.5385144]]]}, "properties": {"level": "village", "name": "Nagdarwadi", "parent_level": "taluka", "parent_name": "Chakur"}}, {"type": "Feature", "geometry": {"type": "Polygon", "coordinates": [[[76.9726182, 18.533324099999998], [76.97541820000001, 18.533324099999998], [76.97541820000001, 18.5361241], [76.9726182, 18.5361241], [76.9726182, 18.533324099999998]]]}, "properties": {"level": "village", "name": "Borgaon", "parent_level": "taluka", "parent_name": "Chakur"}}, {"type": "Feature", "geometry": {"type": "Polygon", "coordinates": [[[76.9330664, 18.529974799999998], [76.93586640000001, 18.529974799999998], [76.93586640000001, 18.5327748], [76.9330664, 18.5327748], [76.9330664, 18.529974799999998]]]}, "properties": {"level": "village", "name": "Mashnerwadi", "parent_level": "taluka", "parent_name": "Chakur"}}, {"type": "Feature", "geometry": {"type": "Polygon", "coordinates": [[[76.9095809, 18.5418966], [76.9123809, 18.5418966], [76.9123809, 18.5446966], [76.9095809, 18.5446966], [76.9095809, 18.5418966]]]}, "properties": {"level": "village", "name": "Bhramhawadi Chapoli", "parent_level": "taluka", "parent_name": "Chakur"}}, {"type": "Feature", "geometry": {"type": "Polygon", "coordinates": [[[76.9683481, 18.567009], [76.97114810000001, 18.567009], [76.97114810000001, 18.569809], [76.9683481, 18.569809], [76.9683481, 18.567009]]]}, "properties": {"level": "village", "name": "Bhakarwadi", "parent_level": "taluka", "parent_name": "Chakur"}}, {"type": "Feature", "geometry": {"type": "Polygon", "coordinates": [[[76.94832269999999, 18.551010299999998], [76.9511227, 18.551010299999998], [76.9511227, 18.5538103], [76.94832269999999, 18.5538103], [76.94832269999999, 18.551010299999998]]]}, "properties": {"level": "village", "name": "Ajansonda Bk", "parent_level": "taluka", "parent_name": "Chakur"}}, {"type": "Feature", "geometry": {"type": "Polygon", "coordinates": [[[76.8982298, 18.5599405], [76.9010298, 18.5599405], [76.9010298, 18.5627405], [76.8982298, 18.5627405], [76.8982298, 18.5599405]]]}, "properties": {"level": "village", "name": "Shankarwadi", "parent_level": "taluka", "parent_name": "Chakur"}}, {"type": "Feature", "geometry": {"type": "Polygon", "coordinates": [[[76.8732102, 18.5723484], [76.87601020000001, 18.5723484], [76.87601020000001, 18.5751484], [76.8732102, 18.5751484], [76.8732102, 18.5723484]]]}, "properties": {"level": "village", "name": "Anandwadi", "parent_level": "taluka", "parent_name": "Chakur"}}, {"type": "Feature", "geometry": {"type": "Polygon", "coordinates": [[[76.8628998, 18.5826808], [76.8656998, 18.5826808], [76.8656998, 18.5854808], [76.8628998, 18.5854808], [76.8628998, 18.5826808]]]}, "properties": {"level": "village", "name": "Naigaon", "parent_level": "taluka", "parent_name": "Chakur"}}, {"type": "Feature", "geometry": {"type": "Polygon", "coordinates": [[[76.84238619999999, 18.585935], [76.8451862, 18.585935], [76.8451862, 18.588735], [76.84238619999999, 18.588735], [76.84238619999999, 18.585935]]]}, "properties": {"level": "village", "name": "Himpalner", "parent_level": "taluka", "parent_name": "Chakur"}}, {"type": "Feature", "geometry": {"type": "Polygon", "coordinates": [[[76.8219371, 18.5864638], [76.82473710000001, 18.5864638], [76.82473710000001, 18.5892638], [76.8219371, 18.5892638], [76.8219371, 18.5864638]]]}, "properties": {"level": "village", "name": "Hanmant Jawalaga", "parent_level": "taluka", "parent_name": "Chakur"}}, {"type": "Feature", "geometry": {"type": "Polygon", "coordinates": [[[76.79359149999999, 18.5606829], [76.7963915, 18.5606829], [76.7963915, 18.5634829], [76.79359149999999, 18.5634829], [76.79359149999999, 18.5606829]]]}, "properties": {"level": "village", "name": "Bharmwadi Wagholi", "parent_level": "taluka", "parent_name": "Chakur"}}, {"type": "Feature", "geometry": {"type": "Polygon", "coordinates": [[[76.7771334, 18.5866875], [76.7799334, 18.5866875], [76.7799334, 18.5894875], [76.7771334, 18.5894875], [76.7771334, 18.5866875]]]}, "properties": {"level": "village", "name": "Zari Kh", "parent_level": "taluka", "parent_name": "Chakur"}}, {"type": "Feature", "geometry": {"type": "Polygon", "coordinates": [[[76.80848309999999, 18.5981579], [76.8112831, 18.5981579], [76.8112831, 18.6009579], [76.80848309999999, 18.6009579], [76.80848309999999, 18.5981579]]]}, "properties": {"level": "village", "name": "Zari Bk", "parent_level": "taluka", "parent_name": "Chakur"}}, {"type": "Feature", "geometry": {"type": "Polygon", "coordinates": [[[76.7109794, 18.5809113], [76.7137794, 18.5809113], [76.7137794, 18.5837113], [76.7109794, 18.5837113], [76.7109794, 18.5809113]]]}, "properties": {"level": "village", "name": "Asarachiwadi", "parent_level": "taluka", "parent_name": "Chakur"}}, {"type": "Feature", "geometry": {"type": "Polygon", "coordinates": [[[76.72748039999999, 18.5922804], [76.7302804, 18.5922804], [76.7302804, 18.5950804], [76.72748039999999, 18.5950804], [76.72748039999999, 18.5922804]]]}, "properties": {"level": "village", "name": "Raiwadi", "parent_level": "taluka", "parent_name": "Chakur"}}, {"type": "Feature", "geometry": {"type": "Polygon", "coordinates": [[[76.7331238, 18.6061908], [76.73592380000001, 18.6061908], [76.73592380000001, 18.6089908], [76.7331238, 18.6089908], [76.7331238, 18.6061908]]]}, "properties": {"level": "village", "name": "Kendrewadi", "parent_level": "taluka", "parent_name": "Chakur"}}, {"type": "Feature", "geometry": {"type": "Polygon", "coordinates": [[[76.75223179999999, 18.6074923], [76.7550318, 18.6074923], [76.7550318, 18.6102923], [76.75223179999999, 18.6102923], [76.75223179999999, 18.6074923]]]}, "properties": {"level": "village", "name": "Mahalangi", "parent_level": "taluka", "parent_name": "Chakur"}}, {"type": "Feature", "geometry": {"type": "Polygon", "coordinates": [[[76.7950506, 18.6246752], [76.7978506, 18.6246752], [76.7978506, 18.6274752], [76.7950506, 18.6274752], [76.7950506, 18.6246752]]]}, "properties": {"level": "village", "name": "Belgaon", "parent_level": "taluka", "parent_name": "Chakur"}}, {"type": "Feature", "geometry": {"type": "Polygon", "coordinates": [[[76.78313089999999, 18.6313446], [76.7859309, 18.6313446], [76.7859309, 18.6341446], [76.78313089999999, 18.6341446], [76.78313089999999, 18.6313446]]]}, "properties": {"level": "village", "name": "Hadoli", "parent_level": "taluka", "parent_name": "Chakur"}}, {"type": "Feature", "geometry": {"type": "Polygon", "coordinates": [[[77.1983905, 18.2961371], [77.20119050000001, 18.2961371], [77.20119050000001, 18.2989371], [77.1983905, 18.2989371], [77.1983905, 18.2961371]]]}, "properties": {"level": "village", "name": "Rawangaon", "parent_level": "taluka", "parent_name": "Udgir"}}, {"type": "Feature", "geometry": {"type": "Polygon", "coordinates": [[[77.10009819999999, 18.164678], [77.1028982, 18.164678], [77.1028982, 18.167478], [77.10009819999999, 18.167478], [77.10009819999999, 18.164678]]]}, "properties": {"level": "village", "name": "Batanpur", "parent_level": "taluka", "parent_name": "Deoni"}}, {"type": "Feature", "geometry": {"type": "Polygon", "coordinates": [[[77.08984149999999, 18.1739544], [77.0926415, 18.1739544], [77.0926415, 18.1767544], [77.08984149999999, 18.1767544], [77.08984149999999, 18.1739544]]]}, "properties": {"level": "village", "name": "Goundagaon", "parent_level": "taluka", "parent_name": "Deoni"}}, {"type": "Feature", "geometry": {"type": "Polygon", "coordinates": [[[77.0483101, 18.1839386], [77.0511101, 18.1839386], [77.0511101, 18.1867386], [77.0483101, 18.1867386], [77.0483101, 18.1839386]]]}, "properties": {"level": "village", "name": "Indral", "parent_level": "taluka", "parent_name": "Deoni"}}, {"type": "Feature", "geometry": {"type": "Polygon", "coordinates": [[[77.00962729999999, 18.1700706], [77.0124273, 18.1700706], [77.0124273, 18.1728706], [77.00962729999999, 18.1728706], [77.00962729999999, 18.1700706]]]}, "properties": {"level": "village", "name": "Anandwadi", "parent_level": "taluka", "parent_name": "Deoni"}}, {"type": "Feature", "geometry": {"type": "Polygon", "coordinates": [[[77.0205278, 18.196241099999998], [77.0233278, 18.196241099999998], [77.0233278, 18.1990411], [77.0205278, 18.1990411], [77.0205278, 18.196241099999998]]]}, "properties": {"level": "village", "name": "Wadamurambi", "parent_level": "taluka", "parent_name": "Deoni"}}, {"type": "Feature", "geometry": {"type": "Polygon", "coordinates": [[[77.0320291, 18.2082013], [77.03482910000001, 18.2082013], [77.03482910000001, 18.2110013], [77.0320291, 18.2110013], [77.0320291, 18.2082013]]]}, "properties": {"level": "village", "name": "Ambanagar", "parent_level": "taluka", "parent_name": "Deoni"}}, {"type": "Feature", "geometry": {"type": "Polygon", "coordinates": [[[77.0041342, 18.1880922], [77.0069342, 18.1880922], [77.0069342, 18.1908922], [77.0041342, 18.1908922], [77.0041342, 18.1880922]]]}, "properties": {"level": "village", "name": "Bolegaon", "parent_level": "taluka", "parent_name": "Deoni"}}, {"type": "Feature", "geometry": {"type": "Polygon", "coordinates": [[[76.9993276, 18.2153963], [77.00212760000001, 18.2153963], [77.00212760000001, 18.2181963], [76.9993276, 18.2181963], [76.9993276, 18.2153963]]]}, "properties": {"level": "village", "name": "Dawanhipparga", "parent_level": "taluka", "parent_name": "Deoni"}}, {"type": "Feature", "geometry": {"type": "Polygon", "coordinates": [[[76.985761, 18.2022901], [76.988561, 18.2022901], [76.988561, 18.2050901], [76.985761, 18.2050901], [76.985761, 18.2022901]]]}, "properties": {"level": "village", "name": "Mahadevwadi", "parent_level": "taluka", "parent_name": "Deoni"}}, {"type": "Feature", "geometry": {"type": "Polygon", "coordinates": [[[76.96246339999999, 18.1959659], [76.9652634, 18.1959659], [76.9652634, 18.1987659], [76.96246339999999, 18.1987659], [76.96246339999999, 18.1959659]]]}, "properties": {"level": "village", "name": "Bombli Bk", "parent_level": "taluka", "parent_name": "Deoni"}}, {"type": "Feature", "geometry": {"type": "Polygon", "coordinates": [[[76.9594164, 18.200532], [76.9622164, 18.200532], [76.9622164, 18.203332], [76.9594164, 18.203332], [76.9594164, 18.200532]]]}, "properties": {"level": "village", "name": "Bombli Kh", "parent_level": "taluka", "parent_name": "Deoni"}}, {"type": "Feature", "geometry": {"type": "Polygon", "coordinates": [[[76.9282491, 18.1732714], [76.93104910000001, 18.1732714], [76.93104910000001, 18.1760714], [76.9282491, 18.1760714], [76.9282491, 18.1732714]]]}, "properties": {"level": "village", "name": "Takali", "parent_level": "taluka", "parent_name": "Deoni"}}, {"type": "Feature", "geometry": {"type": "Polygon", "coordinates": [[[76.92789239999999, 18.2049654], [76.9306924, 18.2049654], [76.9306924, 18.2077654], [76.92789239999999, 18.2077654], [76.92789239999999, 18.2049654]]]}, "properties": {"level": "village", "name": "Dhanegaon Tanda", "parent_level": "taluka", "parent_name": "Deoni"}}, {"type": "Feature", "geometry": {"type": "Polygon", "coordinates": [[[76.9071991, 18.2125377], [76.90999910000001, 18.2125377], [76.90999910000001, 18.2153377], [76.9071991, 18.2153377], [76.9071991, 18.2125377]]]}, "properties": {"level": "village", "name": "Helamb", "parent_level": "taluka", "parent_name": "Deoni"}}, {"type": "Feature", "geometry": {"type": "Polygon", "coordinates": [[[76.90766049999999, 18.2331993], [76.9104605, 18.2331993], [76.9104605, 18.2359993], [76.90766049999999, 18.2359993], [76.90766049999999, 18.2331993]]]}, "properties": {"level": "village", "name": "Hisamnagar", "parent_level": "taluka", "parent_name": "Deoni"}}, {"type": "Feature", "geometry": {"type": "Polygon", "coordinates": [[[76.9948805, 18.2427624], [76.9976805, 18.2427624], [76.9976805, 18.2455624], [76.9948805, 18.2455624], [76.9948805, 18.2427624]]]}, "properties": {"level": "village", "name": "Aachwala", "parent_level": "taluka", "parent_name": "Deoni"}}, {"type": "Feature", "geometry": {"type": "Polygon", "coordinates": [[[77.0373694, 18.228201], [77.04016940000001, 18.228201], [77.04016940000001, 18.231001], [77.0373694, 18.231001], [77.0373694, 18.228201]]]}, "properties": {"level": "village", "name": "Laxman Tanda", "parent_level": "taluka", "parent_name": "Deoni"}}, {"type": "Feature", "geometry": {"type": "Polygon", "coordinates": [[[77.0572634, 18.2194982], [77.0600634, 18.2194982], [77.0600634, 18.2222982], [77.0572634, 18.2222982], [77.0572634, 18.2194982]]]}, "properties": {"level": "village", "name": "Ambegaon", "parent_level": "taluka", "parent_name": "Deoni"}}, {"type": "Feature", "geometry": {"type": "Polygon", "coordinates": [[[77.0743651, 18.2018213], [77.0771651, 18.2018213], [77.0771651, 18.2046213], [77.0743651, 18.2046213], [77.0743651, 18.2018213]]]}, "properties": {"level": "village", "name": "Gurnal", "parent_level": "taluka", "parent_name": "Deoni"}}, {"type": "Feature", "geometry": {"type": "Polygon", "coordinates": [[[77.0940418, 18.197933], [77.0968418, 18.197933], [77.0968418, 18.200733], [77.0940418, 18.200733], [77.0940418, 18.197933]]]}, "properties": {"level": "village", "name": "Shindikamath", "parent_level": "taluka", "parent_name": "Deoni"}}, {"type": "Feature", "geometry": {"type": "Polygon", "coordinates": [[[77.12753719999999, 18.2199415], [77.1303372, 18.2199415], [77.1303372, 18.2227415], [77.12753719999999, 18.2227415], [77.12753719999999, 18.2199415]]]}, "properties": {"level": "village", "name": "Shivajinagar Tanda", "parent_level": "taluka", "parent_name": "Deoni"}}, {"type": "Feature", "geometry": {"type": "Polygon", "coordinates": [[[77.08049129999999, 18.2349112], [77.0832913, 18.2349112], [77.0832913, 18.2377112], [77.08049129999999, 18.2377112], [77.08049129999999, 18.2349112]]]}, "properties": {"level": "village", "name": "Deoni Kh", "parent_level": "taluka", "parent_name": "Deoni"}}, {"type": "Feature", "geometry": {"type": "Polygon", "coordinates": [[[77.06719559999999, 18.2369085], [77.0699956, 18.2369085], [77.0699956, 18.2397085], [77.06719559999999, 18.2397085], [77.06719559999999, 18.2369085]]]}, "properties": {"level": "village", "name": "Yengewadi", "parent_level": "taluka", "parent_name": "Deoni"}}, {"type": "Feature", "geometry": {"type": "Polygon", "coordinates": [[[77.0305271, 18.2657332], [77.03332710000001, 18.2657332], [77.03332710000001, 18.2685332], [77.0305271, 18.2685332], [77.0305271, 18.2657332]]]}, "properties": {"level": "village", "name": "Neknal", "parent_level": "taluka", "parent_name": "Deoni"}}, {"type": "Feature", "geometry": {"type": "Polygon", "coordinates": [[[77.00563079999999, 18.2675823], [77.0084308, 18.2675823], [77.0084308, 18.2703823], [77.00563079999999, 18.2703823], [77.00563079999999, 18.2675823]]]}, "properties": {"level": "village", "name": "Talegaon Bhoge", "parent_level": "taluka", "parent_name": "Deoni"}}, {"type": "Feature", "geometry": {"type": "Polygon", "coordinates": [[[76.9666476, 18.283225299999998], [76.96944760000001, 18.283225299999998], [76.96944760000001, 18.2860253], [76.9666476, 18.2860253], [76.9666476, 18.283225299999998]]]}, "properties": {"level": "village", "name": "Chawanhipparga", "parent_level": "taluka", "parent_name": "Deoni"}}, {"type": "Feature", "geometry": {"type": "Polygon", "coordinates": [[[76.9762392, 18.2802252], [76.9790392, 18.2802252], [76.9790392, 18.2830252], [76.9762392, 18.2830252], [76.9762392, 18.2802252]]]}, "properties": {"level": "village", "name": "Nagatirthawadi", "parent_level": "taluka", "parent_name": "Deoni"}}, {"type": "Feature", "geometry": {"type": "Polygon", "coordinates": [[[76.9698073, 18.2572564], [76.9726073, 18.2572564], [76.9726073, 18.2600564], [76.9698073, 18.2600564], [76.9698073, 18.2572564]]]}, "properties": {"level": "village", "name": "Darewadi", "parent_level": "taluka", "parent_name": "Deoni"}}, {"type": "Feature", "geometry": {"type": "Polygon", "coordinates": [[[76.9369502, 18.2452639], [76.9397502, 18.2452639], [76.9397502, 18.248063900000002], [76.9369502, 18.248063900000002], [76.9369502, 18.2452639]]]}, "properties": {"level": "village", "name": "Ismilewadi", "parent_level": "taluka", "parent_name": "Deoni"}}, {"type": "Feature", "geometry": {"type": "Polygon", "coordinates": [[[76.92057799999999, 18.25475], [76.923378, 18.25475], [76.923378, 18.257550000000002], [76.92057799999999, 18.257550000000002], [76.92057799999999, 18.25475]]]}, "properties": {"level": "village", "name": "Dhanagarwadi", "parent_level": "taluka", "parent_name": "Deoni"}}, {"type": "Feature", "geometry": {"type": "Polygon", "coordinates": [[[76.9020922, 18.2531707], [76.9048922, 18.2531707], [76.9048922, 18.2559707], [76.9020922, 18.2559707], [76.9020922, 18.2531707]]]}, "properties": {"level": "village", "name": "Jawalga", "parent_level": "taluka", "parent_name": "Deoni"}}, {"type": "Feature", "geometry": {"type": "Polygon", "coordinates": [[[76.9157929, 18.2832763], [76.91859290000001, 18.2832763], [76.91859290000001, 18.2860763], [76.9157929, 18.2860763], [76.9157929, 18.2832763]]]}, "properties": {"level": "village", "name": "Waganalwadi", "parent_level": "taluka", "parent_name": "Deoni"}}, {"type": "Feature", "geometry": {"type": "Polygon", "coordinates": [[[76.9495941, 18.2899182], [76.9523941, 18.2899182], [76.9523941, 18.2927182], [76.9495941, 18.2927182], [76.9495941, 18.2899182]]]}, "properties": {"level": "village", "name": "Sayyadpur", "parent_level": "taluka", "parent_name": "Deoni"}}, {"type": "Feature", "geometry": {"type": "Polygon", "coordinates": [[[76.9944192, 18.3030382], [76.9972192, 18.3030382], [76.9972192, 18.3058382], [76.9944192, 18.3058382], [76.9944192, 18.3030382]]]}, "properties": {"level": "village", "name": "Pethewadi", "parent_level": "taluka", "parent_name": "Deoni"}}, {"type": "Feature", "geometry": {"type": "Polygon", "coordinates": [[[77.003013, 18.3010137], [77.005813, 18.3010137], [77.005813, 18.3038137], [77.003013, 18.3038137], [77.003013, 18.3010137]]]}, "properties": {"level": "village", "name": "Gurdhal Her", "parent_level": "taluka", "parent_name": "Deoni"}}, {"type": "Feature", "geometry": {"type": "Polygon", "coordinates": [[[77.00065269999999, 18.291909699999998], [77.0034527, 18.291909699999998], [77.0034527, 18.2947097], [77.00065269999999, 18.2947097], [77.00065269999999, 18.291909699999998]]]}, "properties": {"level": "village", "name": "Kharabwadi", "parent_level": "taluka", "parent_name": "Deoni"}}, {"type": "Feature", "geometry": {"type": "Polygon", "coordinates": [[[77.0602674, 18.2920268], [77.06306740000001, 18.2920268], [77.06306740000001, 18.2948268], [77.0602674, 18.2948268], [77.0602674, 18.2920268]]]}, "properties": {"level": "village", "name": "Kamalwadi", "parent_level": "taluka", "parent_name": "Deoni"}}, {"type": "Feature", "geometry": {"type": "Polygon", "coordinates": [[[77.1050496, 18.2584485], [77.10784960000001, 18.2584485], [77.10784960000001, 18.2612485], [77.1050496, 18.2612485], [77.1050496, 18.2584485]]]}, "properties": {"level": "village", "name": "Hanchanal", "parent_level": "taluka", "parent_name": "Deoni"}}, {"type": "Feature", "geometry": {"type": "Polygon", "coordinates": [[[77.1229292, 18.2559981], [77.12572920000001, 18.2559981], [77.12572920000001, 18.2587981], [77.1229292, 18.2587981], [77.1229292, 18.2559981]]]}, "properties": {"level": "village", "name": "Sangam", "parent_level": "taluka", "parent_name": "Deoni"}}, {"type": "Feature", "geometry": {"type": "Polygon", "coordinates": [[[77.14452639999999, 18.2440004], [77.1473264, 18.2440004], [77.1473264, 18.2468004], [77.14452639999999, 18.2468004], [77.14452639999999, 18.2440004]]]}, "properties": {"level": "village", "name": "Wagadari", "parent_level": "taluka", "parent_name": "Deoni"}}, {"type": "Feature", "geometry": {"type": "Polygon", "coordinates": [[[77.1337439, 18.293183], [77.1365439, 18.293183], [77.1365439, 18.295983], [77.1337439, 18.295983], [77.1337439, 18.293183]]]}, "properties": {"level": "village", "name": "Sawargaon", "parent_level": "taluka", "parent_name": "Deoni"}}, {"type": "Feature", "geometry": {"type": "Polygon", "coordinates": [[[77.1162827, 18.2924801], [77.1190827, 18.2924801], [77.1190827, 18.2952801], [77.1162827, 18.2952801], [77.1162827, 18.2924801]]]}, "properties": {"level": "village", "name": "Honali", "parent_level": "taluka", "parent_name": "Deoni"}}, {"type": "Feature", "geometry": {"type": "Polygon", "coordinates": [[[77.10957719999999, 18.3011436], [77.1123772, 18.3011436], [77.1123772, 18.3039436], [77.10957719999999, 18.3039436], [77.10957719999999, 18.3011436]]]}, "properties": {"level": "village", "name": "Bhopani", "parent_level": "taluka", "parent_name": "Deoni"}}, {"type": "Feature", "geometry": {"type": "Polygon", "coordinates": [[[77.09949209999999, 18.3169313], [77.1022921, 18.3169313], [77.1022921, 18.3197313], [77.09949209999999, 18.3197313], [77.09949209999999, 18.3169313]]]}, "properties": {"level": "village", "name": "Manaki", "parent_level": "taluka", "parent_name": "Deoni"}}, {"type": "Feature", "geometry": {"type": "Polygon", "coordinates": [[[77.0594306, 18.3102497], [77.0622306, 18.3102497], [77.0622306, 18.3130497], [77.0594306, 18.3130497], [77.0594306, 18.3102497]]]}, "properties": {"level": "village", "name": "Konali", "parent_level": "taluka", "parent_name": "Deoni"}}, {"type": "Feature", "geometry": {"type": "Polygon", "coordinates": [[[77.02212109999999, 18.2941252], [77.0249211, 18.2941252], [77.0249211, 18.2969252], [77.02212109999999, 18.2969252], [77.02212109999999, 18.2941252]]]}, "properties": {"level": "village", "name": "Kamarodinpur", "parent_level": "taluka", "parent_name": "Deoni"}}, {"type": "Feature", "geometry": {"type": "Polygon", "coordinates": [[[77.0451183, 18.3042401], [77.0479183, 18.3042401], [77.0479183, 18.307040100000002], [77.0451183, 18.307040100000002], [77.0451183, 18.3042401]]]}, "properties": {"level": "village", "name": "Nagaral", "parent_level": "taluka", "parent_name": "Deoni"}}, {"type": "Feature", "geometry": {"type": "Polygon", "coordinates": [[[77.02927179999999, 18.3205775], [77.0320718, 18.3205775], [77.0320718, 18.3233775], [77.02927179999999, 18.3233775], [77.02927179999999, 18.3205775]]]}, "properties": {"level": "village", "name": "Arsnal", "parent_level": "taluka", "parent_name": "Deoni"}}, {"type": "Feature", "geometry": {"type": "Polygon", "coordinates": [[[76.7563517, 18.2923426], [76.7591517, 18.2923426], [76.7591517, 18.295142600000002], [76.7563517, 18.295142600000002], [76.7563517, 18.2923426]]]}, "properties": {"level": "village", "name": "Halki", "parent_level": "taluka", "parent_name": "Shirur Anantpal"}}, {"type": "Feature", "geometry": {"type": "Polygon", "coordinates": [[[76.8544079, 18.3080904], [76.8572079, 18.3080904], [76.8572079, 18.3108904], [76.8544079, 18.3108904], [76.8544079, 18.3080904]]]}, "properties": {"level": "village", "name": "Honmal", "parent_level": "taluka", "parent_name": "Shirur Anantpal"}}, {"type": "Feature", "geometry": {"type": "Polygon", "coordinates": [[[76.8215723, 18.311018699999998], [76.82437230000001, 18.311018699999998], [76.82437230000001, 18.3138187], [76.8215723, 18.3138187], [76.8215723, 18.311018699999998]]]}, "properties": {"level": "village", "name": "Kalamgaon", "parent_level": "taluka", "parent_name": "Shirur Anantpal"}}, {"type": "Feature", "geometry": {"type": "Polygon", "coordinates": [[[76.781779, 18.3076218], [76.78457900000001, 18.3076218], [76.78457900000001, 18.3104218], [76.781779, 18.3104218], [76.781779, 18.3076218]]]}, "properties": {"level": "village", "name": "Bevnal", "parent_level": "taluka", "parent_name": "Shirur Anantpal"}}, {"type": "Feature", "geometry": {"type": "Polygon", "coordinates": [[[76.764409, 18.3186729], [76.76720900000001, 18.3186729], [76.76720900000001, 18.3214729], [76.764409, 18.3214729], [76.764409, 18.3186729]]]}, "properties": {"level": "village", "name": "Umardara", "parent_level": "taluka", "parent_name": "Shirur Anantpal"}}, {"type": "Feature", "geometry": {"type": "Polygon", "coordinates": [[[76.7862396, 18.3200836], [76.78903960000001, 18.3200836], [76.78903960000001, 18.3228836], [76.7862396, 18.3228836], [76.7862396, 18.3200836]]]}, "properties": {"level": "village", "name": "Bevnal wadi", "parent_level": "taluka", "parent_name": "Shirur Anantpal"}}, {"type": "Feature", "geometry": {"type": "Polygon", "coordinates": [[[76.8088693, 18.3255477], [76.8116693, 18.3255477], [76.8116693, 18.328347700000002], [76.8088693, 18.328347700000002], [76.8088693, 18.3255477]]]}, "properties": {"level": "village", "name": "Bhingoli", "parent_level": "taluka", "parent_name": "Shirur Anantpal"}}, {"type": "Feature", "geometry": {"type": "Polygon", "coordinates": [[[76.8214435, 18.3568728], [76.82424350000001, 18.3568728], [76.82424350000001, 18.359672800000002], [76.8214435, 18.359672800000002], [76.8214435, 18.3568728]]]}, "properties": {"level": "village", "name": "Lakkad Jawalga", "parent_level": "taluka", "parent_name": "Shirur Anantpal"}}, {"type": "Feature", "geometry": {"type": "Polygon", "coordinates": [[[76.7586584, 18.3419646], [76.76145840000001, 18.3419646], [76.76145840000001, 18.3447646], [76.7586584, 18.3447646], [76.7586584, 18.3419646]]]}, "properties": {"level": "village", "name": "Kambalga", "parent_level": "taluka", "parent_name": "Shirur Anantpal"}}, {"type": "Feature", "geometry": {"type": "Polygon", "coordinates": [[[76.71052879999999, 18.362895899999998], [76.7133288, 18.362895899999998], [76.7133288, 18.3656959], [76.71052879999999, 18.3656959], [76.71052879999999, 18.362895899999998]]]}, "properties": {"level": "village", "name": "Mushirabad", "parent_level": "taluka", "parent_name": "Latur"}}, {"type": "Feature", "geometry": {"type": "Polygon", "coordinates": [[[76.7522694, 18.3575653], [76.75506940000001, 18.3575653], [76.75506940000001, 18.3603653], [76.7522694, 18.3603653], [76.7522694, 18.3575653]]]}, "properties": {"level": "village", "name": "Ganeshwadi", "parent_level": "taluka", "parent_name": "Shirur Anantpal"}}, {"type": "Feature", "geometry": {"type": "Polygon", "coordinates": [[[76.84221459999999, 18.3870113], [76.8450146, 18.3870113], [76.8450146, 18.3898113], [76.84221459999999, 18.3898113], [76.84221459999999, 18.3870113]]]}, "properties": {"level": "village", "name": "Dhamangao", "parent_level": "taluka", "parent_name": "Shirur Anantpal"}}, {"type": "Feature", "geometry": {"type": "Polygon", "coordinates": [[[76.84626469999999, 18.4101258], [76.8490647, 18.4101258], [76.8490647, 18.4129258], [76.84626469999999, 18.4129258], [76.84626469999999, 18.4101258]]]}, "properties": {"level": "village", "name": "Bolegaon Bk", "parent_level": "taluka", "parent_name": "Shirur Anantpal"}}, {"type": "Feature", "geometry": {"type": "Polygon", "coordinates": [[[76.749099, 18.379884399999998], [76.75189900000001, 18.379884399999998], [76.75189900000001, 18.3826844], [76.749099, 18.3826844], [76.749099, 18.379884399999998]]]}, "properties": {"level": "village", "name": "Hippalgao", "parent_level": "taluka", "parent_name": "Shirur Anantpal"}}, {"type": "Feature", "geometry": {"type": "Polygon", "coordinates": [[[76.8614728, 18.2620858], [76.86427280000001, 18.2620858], [76.86427280000001, 18.264885800000002], [76.8614728, 18.264885800000002], [76.8614728, 18.2620858]]]}, "properties": {"level": "village", "name": "Ghugi", "parent_level": "taluka", "parent_name": "Shirur Anantpal"}}, {"type": "Feature", "geometry": {"type": "Polygon", "coordinates": [[[76.8607218, 18.2571851], [76.8635218, 18.2571851], [76.8635218, 18.2599851], [76.8607218, 18.2599851], [76.8607218, 18.2571851]]]}, "properties": {"level": "village", "name": "Sangvi Ghugi", "parent_level": "taluka", "parent_name": "Shirur Anantpal"}}, {"type": "Feature", "geometry": {"type": "Polygon", "coordinates": [[[76.8508835, 18.2367454], [76.8536835, 18.2367454], [76.8536835, 18.2395454], [76.8508835, 18.2395454], [76.8508835, 18.2367454]]]}, "properties": {"level": "village", "name": "Ankulga Rani", "parent_level": "taluka", "parent_name": "Shirur Anantpal"}}, {"type": "Feature", "geometry": {"type": "Polygon", "coordinates": [[[76.8327303, 18.2509801], [76.8355303, 18.2509801], [76.8355303, 18.2537801], [76.8327303, 18.2537801], [76.8327303, 18.2509801]]]}, "properties": {"level": "village", "name": "Bakali", "parent_level": "taluka", "parent_name": "Shirur Anantpal"}}, {"type": "Feature", "geometry": {"type": "Polygon", "coordinates": [[[76.8255205, 18.2592839], [76.8283205, 18.2592839], [76.8283205, 18.2620839], [76.8255205, 18.2620839], [76.8255205, 18.2592839]]]}, "properties": {"level": "village", "name": "Bibral", "parent_level": "taluka", "parent_name": "Shirur Anantpal"}}, {"type": "Feature", "geometry": {"type": "Polygon", "coordinates": [[[76.80049009999999, 18.2756867], [76.8032901, 18.2756867], [76.8032901, 18.278486700000002], [76.80049009999999, 18.278486700000002], [76.80049009999999, 18.2756867]]]}, "properties": {"level": "village", "name": "Hisamabad", "parent_level": "taluka", "parent_name": "Shirur Anantpal"}}, {"type": "Feature", "geometry": {"type": "Polygon", "coordinates": [[[76.7976899, 18.2964987], [76.8004899, 18.2964987], [76.8004899, 18.2992987], [76.7976899, 18.2992987], [76.7976899, 18.2964987]]]}, "properties": {"level": "village", "name": "Akulga (Sayyad)", "parent_level": "taluka", "parent_name": "Shirur Anantpal"}}, {"type": "Feature", "geometry": {"type": "Polygon", "coordinates": [[[76.7784638, 18.2772861], [76.7812638, 18.2772861], [76.7812638, 18.280086100000002], [76.7784638, 18.280086100000002], [76.7784638, 18.2772861]]]}, "properties": {"level": "village", "name": "Dongargao (Bori)", "parent_level": "taluka", "parent_name": "Shirur Anantpal"}}, {"type": "Feature", "geometry": {"type": "Polygon", "coordinates": [[[76.8489523, 18.3626286], [76.8517523, 18.3626286], [76.8517523, 18.3654286], [76.8489523, 18.3654286], [76.8489523, 18.3626286]]]}, "properties": {"level": "village", "name": "Nagewadi", "parent_level": "taluka", "parent_name": "Shirur Anantpal"}}, {"type": "Feature", "geometry": {"type": "Polygon", "coordinates": [[[76.9172038, 18.3761173], [76.9200038, 18.3761173], [76.9200038, 18.3789173], [76.9172038, 18.3789173], [76.9172038, 18.3761173]]]}, "properties": {"level": "village", "name": "Sumthana", "parent_level": "taluka", "parent_name": "Shirur Anantpal"}}, {"type": "Feature", "geometry": {"type": "Polygon", "coordinates": [[[76.91952119999999, 18.3942142], [76.9223212, 18.3942142], [76.9223212, 18.3970142], [76.91952119999999, 18.3970142], [76.91952119999999, 18.3942142]]]}, "properties": {"level": "village", "name": "Digol", "parent_level": "taluka", "parent_name": "Shirur Anantpal"}}, {"type": "Feature", "geometry": {"type": "Polygon", "coordinates": [[[76.86215949999999, 18.408838], [76.8649595, 18.408838], [76.8649595, 18.411638], [76.86215949999999, 18.411638], [76.86215949999999, 18.408838]]]}, "properties": {"level": "village", "name": "Chamarga", "parent_level": "taluka", "parent_name": "Shirur Anantpal"}}, {"type": "Feature", "geometry": {"type": "Polygon", "coordinates": [[[76.8528468, 18.3828879], [76.8556468, 18.3828879], [76.8556468, 18.3856879], [76.8528468, 18.3856879], [76.8528468, 18.3828879]]]}, "properties": {"level": "village", "name": "Karewadi", "parent_level": "taluka", "parent_name": "Shirur Anantpal"}}, {"type": "Feature", "geometry": {"type": "Polygon", "coordinates": [[[76.8149311, 18.368939], [76.8177311, 18.368939], [76.8177311, 18.371739], [76.8149311, 18.371739], [76.8149311, 18.368939]]]}, "properties": {"level": "village", "name": "Jogyal", "parent_level": "taluka", "parent_name": "Shirur Anantpal"}}, {"type": "Feature", "geometry": {"type": "Polygon", "coordinates": [[[76.78825929999999, 18.3665666], [76.7910593, 18.3665666], [76.7910593, 18.3693666], [76.78825929999999, 18.3693666], [76.78825929999999, 18.3665666]]]}, "properties": {"level": "village", "name": "Thergaon", "parent_level": "taluka", "parent_name": "Shirur Anantpal"}}, {"type": "Feature", "geometry": {"type": "Polygon", "coordinates": [[[76.7711897, 17.8981759], [76.7739897, 17.8981759], [76.7739897, 17.9009759], [76.7711897, 17.9009759], [76.7711897, 17.8981759]]]}, "properties": {"level": "village", "name": "Koraliwadi", "parent_level": "taluka", "parent_name": "Nilanga"}}, {"type": "Feature", "geometry": {"type": "Polygon", "coordinates": [[[76.815135, 17.9056798], [76.817935, 17.9056798], [76.817935, 17.908479800000002], [76.815135, 17.908479800000002], [76.815135, 17.9056798]]]}, "properties": {"level": "village", "name": "Nelwad", "parent_level": "taluka", "parent_name": "Nilanga"}}, {"type": "Feature", "geometry": {"type": "Polygon", "coordinates": [[[76.8346614, 17.9127852], [76.83746140000001, 17.9127852], [76.83746140000001, 17.9155852], [76.8346614, 17.9155852], [76.8346614, 17.9127852]]]}, "properties": {"level": "village", "name": "Mirganhalli", "parent_level": "taluka", "parent_name": "Nilanga"}}, {"type": "Feature", "geometry": {"type": "Polygon", "coordinates": [[[76.8565054, 17.9261682], [76.85930540000001, 17.9261682], [76.85930540000001, 17.9289682], [76.8565054, 17.9289682], [76.8565054, 17.9261682]]]}, "properties": {"level": "village", "name": "Sardarwadi", "parent_level": "taluka", "parent_name": "Nilanga"}}, {"type": "Feature", "geometry": {"type": "Polygon", "coordinates": [[[76.8773837, 17.9121931], [76.8801837, 17.9121931], [76.8801837, 17.9149931], [76.8773837, 17.9149931], [76.8773837, 17.9121931]]]}, "properties": {"level": "village", "name": "Mamdapur", "parent_level": "taluka", "parent_name": "Nilanga"}}, {"type": "Feature", "geometry": {"type": "Polygon", "coordinates": [[[76.9128425, 17.929302], [76.9156425, 17.929302], [76.9156425, 17.932102], [76.9128425, 17.932102], [76.9128425, 17.929302]]]}, "properties": {"level": "village", "name": "Tambalwadi", "parent_level": "taluka", "parent_name": "Nilanga"}}, {"type": "Feature", "geometry": {"type": "Polygon", "coordinates": [[[76.82880349999999, 17.9539418], [76.8316035, 17.9539418], [76.8316035, 17.9567418], [76.82880349999999, 17.9567418], [76.82880349999999, 17.9539418]]]}, "properties": {"level": "village", "name": "Pirupatelwadi", "parent_level": "taluka", "parent_name": "Nilanga"}}, {"type": "Feature", "geometry": {"type": "Polygon", "coordinates": [[[76.79522229999999, 17.958146799999998], [76.7980223, 17.958146799999998], [76.7980223, 17.9609468], [76.79522229999999, 17.9609468], [76.79522229999999, 17.958146799999998]]]}, "properties": {"level": "village", "name": "Badur", "parent_level": "taluka", "parent_name": "Nilanga"}}, {"type": "Feature", "geometry": {"type": "Polygon", "coordinates": [[[76.7950721, 17.942612399999998], [76.7978721, 17.942612399999998], [76.7978721, 17.9454124], [76.7950721, 17.9454124], [76.7950721, 17.942612399999998]]]}, "properties": {"level": "village", "name": "Aundha", "parent_level": "taluka", "parent_name": "Nilanga"}}, {"type": "Feature", "geometry": {"type": "Polygon", "coordinates": [[[76.77743389999999, 17.9304351], [76.7802339, 17.9304351], [76.7802339, 17.9332351], [76.77743389999999, 17.9332351], [76.77743389999999, 17.9304351]]]}, "properties": {"level": "village", "name": "Shiradhon", "parent_level": "taluka", "parent_name": "Nilanga"}}, {"type": "Feature", "geometry": {"type": "Polygon", "coordinates": [[[76.6839803, 17.9328033], [76.68678030000001, 17.9328033], [76.68678030000001, 17.9356033], [76.6839803, 17.9356033], [76.6839803, 17.9328033]]]}, "properties": {"level": "village", "name": "Mudgadwadi", "parent_level": "taluka", "parent_name": "Nilanga"}}, {"type": "Feature", "geometry": {"type": "Polygon", "coordinates": [[[76.729948, 17.9478383], [76.732748, 17.9478383], [76.732748, 17.9506383], [76.729948, 17.9506383], [76.729948, 17.9478383]]]}, "properties": {"level": "village", "name": "Hattarga Halshi", "parent_level": "taluka", "parent_name": "Nilanga"}}, {"type": "Feature", "geometry": {"type": "Polygon", "coordinates": [[[76.7187149, 17.9556462], [76.7215149, 17.9556462], [76.7215149, 17.9584462], [76.7187149, 17.9584462], [76.7187149, 17.9556462]]]}, "properties": {"level": "village", "name": "Halsi hattarga", "parent_level": "taluka", "parent_name": "Nilanga"}}, {"type": "Feature", "geometry": {"type": "Polygon", "coordinates": [[[76.6742117, 17.96029], [76.67701170000001, 17.96029], [76.67701170000001, 17.96309], [76.6742117, 17.96309], [76.6742117, 17.96029]]]}, "properties": {"level": "village", "name": "Dongargaon H", "parent_level": "taluka", "parent_name": "Nilanga"}}, {"type": "Feature", "geometry": {"type": "Polygon", "coordinates": [[[76.7004223, 17.9711896], [76.70322230000001, 17.9711896], [76.70322230000001, 17.9739896], [76.7004223, 17.9739896], [76.7004223, 17.9711896]]]}, "properties": {"level": "village", "name": "Handral", "parent_level": "taluka", "parent_name": "Nilanga"}}, {"type": "Feature", "geometry": {"type": "Polygon", "coordinates": [[[76.7162032, 18.0035685], [76.7190032, 18.0035685], [76.7190032, 18.0063685], [76.7162032, 18.0063685], [76.7162032, 18.0035685]]]}, "properties": {"level": "village", "name": "Hanamantwadi H", "parent_level": "taluka", "parent_name": "Nilanga"}}, {"type": "Feature", "geometry": {"type": "Polygon", "coordinates": [[[76.70205299999999, 17.9883337], [76.704853, 17.9883337], [76.704853, 17.9911337], [76.70205299999999, 17.9911337], [76.70205299999999, 17.9883337]]]}, "properties": {"level": "village", "name": "Ambulga V", "parent_level": "taluka", "parent_name": "Nilanga"}}, {"type": "Feature", "geometry": {"type": "Polygon", "coordinates": [[[76.63055609999999, 18.0154956], [76.6333561, 18.0154956], [76.6333561, 18.018295600000002], [76.63055609999999, 18.018295600000002], [76.63055609999999, 18.0154956]]]}, "properties": {"level": "village", "name": "Mudgad Yekoji", "parent_level": "taluka", "parent_name": "Nilanga"}}, {"type": "Feature", "geometry": {"type": "Polygon", "coordinates": [[[76.6449756, 18.009536999999998], [76.6477756, 18.009536999999998], [76.6477756, 18.012337], [76.6449756, 18.012337], [76.6449756, 18.009536999999998]]]}, "properties": {"level": "village", "name": "Sarwadi West", "parent_level": "taluka", "parent_name": "Nilanga"}}, {"type": "Feature", "geometry": {"type": "Polygon", "coordinates": [[[76.6624422, 18.0101084], [76.66524220000001, 18.0101084], [76.66524220000001, 18.0129084], [76.6624422, 18.0129084], [76.6624422, 18.0101084]]]}, "properties": {"level": "village", "name": "Sarwadi", "parent_level": "taluka", "parent_name": "Nilanga"}}, {"type": "Feature", "geometry": {"type": "Polygon", "coordinates": [[[76.6952724, 18.0121286], [76.6980724, 18.0121286], [76.6980724, 18.0149286], [76.6952724, 18.0149286], [76.6952724, 18.0121286]]]}, "properties": {"level": "village", "name": "Hadoli", "parent_level": "taluka", "parent_name": "Nilanga"}}, {"type": "Feature", "geometry": {"type": "Polygon", "coordinates": [[[76.7581005, 17.9933746], [76.7609005, 17.9933746], [76.7609005, 17.9961746], [76.7581005, 17.9961746], [76.7581005, 17.9933746]]]}, "properties": {"level": "village", "name": "Hari jawalga", "parent_level": "taluka", "parent_name": "Nilanga"}}, {"type": "Feature", "geometry": {"type": "Polygon", "coordinates": [[[76.7945142, 17.9843744], [76.7973142, 17.9843744], [76.7973142, 17.9871744], [76.7945142, 17.9871744], [76.7945142, 17.9843744]]]}, "properties": {"level": "village", "name": "Usturi", "parent_level": "taluka", "parent_name": "Nilanga"}}, {"type": "Feature", "geometry": {"type": "Polygon", "coordinates": [[[76.8070133, 18.0026294], [76.8098133, 18.0026294], [76.8098133, 18.0054294], [76.8070133, 18.0054294], [76.8070133, 18.0026294]]]}, "properties": {"level": "village", "name": "Waksa", "parent_level": "taluka", "parent_name": "Nilanga"}}, {"type": "Feature", "geometry": {"type": "Polygon", "coordinates": [[[76.82666309999999, 18.0039966], [76.8294631, 18.0039966], [76.8294631, 18.0067966], [76.82666309999999, 18.0067966], [76.82666309999999, 18.0039966]]]}, "properties": {"level": "village", "name": "Chandoriwadi", "parent_level": "taluka", "parent_name": "Nilanga"}}, {"type": "Feature", "geometry": {"type": "Polygon", "coordinates": [[[76.8364639, 17.978823], [76.8392639, 17.978823], [76.8392639, 17.981623], [76.8364639, 17.981623], [76.8364639, 17.978823]]]}, "properties": {"level": "village", "name": "Takli", "parent_level": "taluka", "parent_name": "Nilanga"}}, {"type": "Feature", "geometry": {"type": "Polygon", "coordinates": [[[76.85072249999999, 17.9668523], [76.8535225, 17.9668523], [76.8535225, 17.9696523], [76.85072249999999, 17.9696523], [76.85072249999999, 17.9668523]]]}, "properties": {"level": "village", "name": "Chilwantwadi", "parent_level": "taluka", "parent_name": "Nilanga"}}, {"type": "Feature", "geometry": {"type": "Polygon", "coordinates": [[[76.8613012, 17.9643519], [76.86410120000001, 17.9643519], [76.86410120000001, 17.9671519], [76.8613012, 17.9671519], [76.8613012, 17.9643519]]]}, "properties": {"level": "village", "name": "Kalkotwadi", "parent_level": "taluka", "parent_name": "Nilanga"}}, {"type": "Feature", "geometry": {"type": "Polygon", "coordinates": [[[76.8652386, 17.9875582], [76.8680386, 17.9875582], [76.8680386, 17.9903582], [76.8652386, 17.9903582], [76.8652386, 17.9875582]]]}, "properties": {"level": "village", "name": "Kalmugli", "parent_level": "taluka", "parent_name": "Nilanga"}}, {"type": "Feature", "geometry": {"type": "Polygon", "coordinates": [[[76.8931765, 17.972944899999998], [76.8959765, 17.972944899999998], [76.8959765, 17.9757449], [76.8931765, 17.9757449], [76.8931765, 17.972944899999998]]]}, "properties": {"level": "village", "name": "Malegaon Kalyani", "parent_level": "taluka", "parent_name": "Nilanga"}}, {"type": "Feature", "geometry": {"type": "Polygon", "coordinates": [[[76.8804092, 18.0057822], [76.88320920000001, 18.0057822], [76.88320920000001, 18.0085822], [76.8804092, 18.0085822], [76.8804092, 18.0057822]]]}, "properties": {"level": "village", "name": "Tadmugli", "parent_level": "taluka", "parent_name": "Nilanga"}}, {"type": "Feature", "geometry": {"type": "Polygon", "coordinates": [[[76.8187828, 18.0270855], [76.8215828, 18.0270855], [76.8215828, 18.0298855], [76.8187828, 18.0298855], [76.8187828, 18.0270855]]]}, "properties": {"level": "village", "name": "Chndori", "parent_level": "taluka", "parent_name": "Nilanga"}}, {"type": "Feature", "geometry": {"type": "Polygon", "coordinates": [[[76.7871327, 18.0132101], [76.78993270000001, 18.0132101], [76.78993270000001, 18.0160101], [76.7871327, 18.0160101], [76.7871327, 18.0132101]]]}, "properties": {"level": "village", "name": "Chincholi Sayakhan", "parent_level": "taluka", "parent_name": "Nilanga"}}, {"type": "Feature", "geometry": {"type": "Polygon", "coordinates": [[[76.6841895, 18.0409189], [76.68698950000001, 18.0409189], [76.68698950000001, 18.043718900000002], [76.6841895, 18.043718900000002], [76.6841895, 18.0409189]]]}, "properties": {"level": "village", "name": "Ramtirth", "parent_level": "taluka", "parent_name": "Nilanga"}}, {"type": "Feature", "geometry": {"type": "Polygon", "coordinates": [[[76.6677637, 18.0434897], [76.6705637, 18.0434897], [76.6705637, 18.0462897], [76.6677637, 18.0462897], [76.6677637, 18.0434897]]]}, "properties": {"level": "village", "name": "Kamlewadi", "parent_level": "taluka", "parent_name": "Nilanga"}}, {"type": "Feature", "geometry": {"type": "Polygon", "coordinates": [[[76.65428829999999, 18.040551699999998], [76.6570883, 18.040551699999998], [76.6570883, 18.0433517], [76.65428829999999, 18.0433517], [76.65428829999999, 18.040551699999998]]]}, "properties": {"level": "village", "name": "Kokalgaon", "parent_level": "taluka", "parent_name": "Nilanga"}}, {"type": "Feature", "geometry": {"type": "Polygon", "coordinates": [[[76.80868699999999, 18.0443771], [76.811487, 18.0443771], [76.811487, 18.0471771], [76.80868699999999, 18.0471771], [76.80868699999999, 18.0443771]]]}, "properties": {"level": "village", "name": "Yelnur", "parent_level": "taluka", "parent_name": "Nilanga"}}, {"type": "Feature", "geometry": {"type": "Polygon", "coordinates": [[[76.8347902, 18.0395928], [76.83759020000001, 18.0395928], [76.83759020000001, 18.042392800000002], [76.8347902, 18.042392800000002], [76.8347902, 18.0395928]]]}, "properties": {"level": "village", "name": "Sonkhed", "parent_level": "taluka", "parent_name": "Nilanga"}}, {"type": "Feature", "geometry": {"type": "Polygon", "coordinates": [[[76.873575, 18.0392153], [76.87637500000001, 18.0392153], [76.87637500000001, 18.0420153], [76.873575, 18.0420153], [76.873575, 18.0392153]]]}, "properties": {"level": "village", "name": "Mane Jawalga", "parent_level": "taluka", "parent_name": "Nilanga"}}, {"type": "Feature", "geometry": {"type": "Polygon", "coordinates": [[[76.8992276, 18.0289831], [76.90202760000001, 18.0289831], [76.90202760000001, 18.031783100000002], [76.8992276, 18.031783100000002], [76.8992276, 18.0289831]]]}, "properties": {"level": "village", "name": "Shelgi", "parent_level": "taluka", "parent_name": "Nilanga"}}, {"type": "Feature", "geometry": {"type": "Polygon", "coordinates": [[[76.8780811, 18.0588825], [76.88088110000001, 18.0588825], [76.88088110000001, 18.0616825], [76.8780811, 18.0616825], [76.8780811, 18.0588825]]]}, "properties": {"level": "village", "name": "Sawari Zopadpatti", "parent_level": "taluka", "parent_name": "Nilanga"}}, {"type": "Feature", "geometry": {"type": "Polygon", "coordinates": [[[76.8842823, 18.064686299999998], [76.8870823, 18.064686299999998], [76.8870823, 18.0674863], [76.8842823, 18.0674863], [76.8842823, 18.064686299999998]]]}, "properties": {"level": "village", "name": "Sangareddy Wadi", "parent_level": "taluka", "parent_name": "Nilanga"}}, {"type": "Feature", "geometry": {"type": "Polygon", "coordinates": [[[76.8630285, 18.0628095], [76.8658285, 18.0628095], [76.8658285, 18.0656095], [76.8630285, 18.0656095], [76.8630285, 18.0628095]]]}, "properties": {"level": "village", "name": "Koyachiwadi", "parent_level": "taluka", "parent_name": "Nilanga"}}, {"type": "Feature", "geometry": {"type": "Polygon", "coordinates": [[[76.82944719999999, 18.0575667], [76.8322472, 18.0575667], [76.8322472, 18.0603667], [76.82944719999999, 18.0603667], [76.82944719999999, 18.0575667]]]}, "properties": {"level": "village", "name": "Jamga", "parent_level": "taluka", "parent_name": "Nilanga"}}, {"type": "Feature", "geometry": {"type": "Polygon", "coordinates": [[[76.8033118, 18.054996199999998], [76.80611180000001, 18.054996199999998], [76.80611180000001, 18.0577962], [76.8033118, 18.0577962], [76.8033118, 18.054996199999998]]]}, "properties": {"level": "village", "name": "Gunjarga", "parent_level": "taluka", "parent_name": "Nilanga"}}, {"type": "Feature", "geometry": {"type": "Polygon", "coordinates": [[[76.7807169, 18.0572402], [76.78351690000001, 18.0572402], [76.78351690000001, 18.0600402], [76.7807169, 18.0600402], [76.7807169, 18.0572402]]]}, "properties": {"level": "village", "name": "Chincholi Bk", "parent_level": "taluka", "parent_name": "Nilanga"}}, {"type": "Feature", "geometry": {"type": "Polygon", "coordinates": [[[76.7596025, 18.0711121], [76.76240250000001, 18.0711121], [76.76240250000001, 18.0739121], [76.7596025, 18.0739121], [76.7596025, 18.0711121]]]}, "properties": {"level": "village", "name": "Dadgi", "parent_level": "taluka", "parent_name": "Nilanga"}}, {"type": "Feature", "geometry": {"type": "Polygon", "coordinates": [[[76.7133827, 18.0647067], [76.7161827, 18.0647067], [76.7161827, 18.0675067], [76.7133827, 18.0675067], [76.7133827, 18.0647067]]]}, "properties": {"level": "village", "name": "Bamni", "parent_level": "taluka", "parent_name": "Nilanga"}}, {"type": "Feature", "geometry": {"type": "Polygon", "coordinates": [[[76.6576142, 18.0621771], [76.6604142, 18.0621771], [76.6604142, 18.0649771], [76.6576142, 18.0649771], [76.6576142, 18.0621771]]]}, "properties": {"level": "village", "name": "Sangvi Jewari", "parent_level": "taluka", "parent_name": "Nilanga"}}, {"type": "Feature", "geometry": {"type": "Polygon", "coordinates": [[[76.6825266, 18.0733356], [76.68532660000001, 18.0733356], [76.68532660000001, 18.0761356], [76.6825266, 18.0761356], [76.6825266, 18.0733356]]]}, "properties": {"level": "village", "name": "Jewari", "parent_level": "taluka", "parent_name": "Nilanga"}}, {"type": "Feature", "geometry": {"type": "Polygon", "coordinates": [[[76.6952939, 18.0850237], [76.6980939, 18.0850237], [76.6980939, 18.0878237], [76.6952939, 18.0878237], [76.6952939, 18.0850237]]]}, "properties": {"level": "village", "name": "Singnal", "parent_level": "taluka", "parent_name": "Nilanga"}}, {"type": "Feature", "geometry": {"type": "Polygon", "coordinates": [[[76.6624851, 18.0805974], [76.6652851, 18.0805974], [76.6652851, 18.0833974], [76.6624851, 18.0833974], [76.6624851, 18.0805974]]]}, "properties": {"level": "village", "name": "Kumtha", "parent_level": "taluka", "parent_name": "Nilanga"}}, {"type": "Feature", "geometry": {"type": "Polygon", "coordinates": [[[76.6765399, 18.0945899], [76.6793399, 18.0945899], [76.6793399, 18.0973899], [76.6765399, 18.0973899], [76.6765399, 18.0945899]]]}, "properties": {"level": "village", "name": "Malegaon J", "parent_level": "taluka", "parent_name": "Nilanga"}}, {"type": "Feature", "geometry": {"type": "Polygon", "coordinates": [[[76.92508409999999, 18.0727033], [76.9278841, 18.0727033], [76.9278841, 18.0755033], [76.92508409999999, 18.0755033], [76.92508409999999, 18.0727033]]]}, "properties": {"level": "village", "name": "Tagarkheda", "parent_level": "taluka", "parent_name": "Nilanga"}}, {"type": "Feature", "geometry": {"type": "Polygon", "coordinates": [[[76.8155641, 18.0791492], [76.81836410000001, 18.0791492], [76.81836410000001, 18.0819492], [76.8155641, 18.0819492], [76.8155641, 18.0791492]]]}, "properties": {"level": "village", "name": "Bendga", "parent_level": "taluka", "parent_name": "Nilanga"}}, {"type": "Feature", "geometry": {"type": "Polygon", "coordinates": [[[76.7820258, 18.0782517], [76.78482580000001, 18.0782517], [76.78482580000001, 18.0810517], [76.7820258, 18.0810517], [76.7820258, 18.0782517]]]}, "properties": {"level": "village", "name": "Sindkhed", "parent_level": "taluka", "parent_name": "Nilanga"}}, {"type": "Feature", "geometry": {"type": "Polygon", "coordinates": [[[76.7518241, 18.087858999999998], [76.7546241, 18.087858999999998], [76.7546241, 18.090659], [76.7518241, 18.090659], [76.7518241, 18.087858999999998]]]}, "properties": {"level": "village", "name": "Palapur", "parent_level": "taluka", "parent_name": "Nilanga"}}, {"type": "Feature", "geometry": {"type": "Polygon", "coordinates": [[[76.7394109, 18.0889604], [76.7422109, 18.0889604], [76.7422109, 18.091760400000002], [76.7394109, 18.091760400000002], [76.7394109, 18.0889604]]]}, "properties": {"level": "village", "name": "Mannatpur", "parent_level": "taluka", "parent_name": "Nilanga"}}, {"type": "Feature", "geometry": {"type": "Polygon", "coordinates": [[[76.846034, 18.0967723], [76.84883400000001, 18.0967723], [76.84883400000001, 18.099572300000002], [76.846034, 18.099572300000002], [76.846034, 18.0967723]]]}, "properties": {"level": "village", "name": "Sirshi Hangarga", "parent_level": "taluka", "parent_name": "Nilanga"}}, {"type": "Feature", "geometry": {"type": "Polygon", "coordinates": [[[76.8307347, 18.1020446], [76.8335347, 18.1020446], [76.8335347, 18.1048446], [76.8307347, 18.1048446], [76.8307347, 18.1020446]]]}, "properties": {"level": "village", "name": "Mhasobhachiwadi", "parent_level": "taluka", "parent_name": "Nilanga"}}, {"type": "Feature", "geometry": {"type": "Polygon", "coordinates": [[[76.8231172, 18.1189618], [76.8259172, 18.1189618], [76.8259172, 18.1217618], [76.8231172, 18.1217618], [76.8231172, 18.1189618]]]}, "properties": {"level": "village", "name": "Talikhed", "parent_level": "taluka", "parent_name": "Nilanga"}}, {"type": "Feature", "geometry": {"type": "Polygon", "coordinates": [[[76.8462271, 18.1129864], [76.8490271, 18.1129864], [76.8490271, 18.1157864], [76.8462271, 18.1157864], [76.8462271, 18.1129864]]]}, "properties": {"level": "village", "name": "Hangarga", "parent_level": "taluka", "parent_name": "Nilanga"}}, {"type": "Feature", "geometry": {"type": "Polygon", "coordinates": [[[76.9132395, 18.1015245], [76.91603950000001, 18.1015245], [76.91603950000001, 18.1043245], [76.9132395, 18.1043245], [76.9132395, 18.1015245]]]}, "properties": {"level": "village", "name": "Tambarwadi", "parent_level": "taluka", "parent_name": "Nilanga"}}, {"type": "Feature", "geometry": {"type": "Polygon", "coordinates": [[[76.8877263, 18.1312994], [76.8905263, 18.1312994], [76.8905263, 18.1340994], [76.8877263, 18.1340994], [76.8877263, 18.1312994]]]}, "properties": {"level": "village", "name": "Botkul", "parent_level": "taluka", "parent_name": "Nilanga"}}, {"type": "Feature", "geometry": {"type": "Polygon", "coordinates": [[[76.8626208, 18.1407509], [76.86542080000001, 18.1407509], [76.86542080000001, 18.1435509], [76.8626208, 18.1435509], [76.8626208, 18.1407509]]]}, "properties": {"level": "village", "name": "Hanumtwadi AB", "parent_level": "taluka", "parent_name": "Nilanga"}}, {"type": "Feature", "geometry": {"type": "Polygon", "coordinates": [[[76.8319363, 18.1337464], [76.8347363, 18.1337464], [76.8347363, 18.1365464], [76.8319363, 18.1365464], [76.8319363, 18.1337464]]]}, "properties": {"level": "village", "name": "Sawangira", "parent_level": "taluka", "parent_name": "Nilanga"}}, {"type": "Feature", "geometry": {"type": "Polygon", "coordinates": [[[76.80536099999999, 18.133308], [76.808161, 18.133308], [76.808161, 18.136108], [76.80536099999999, 18.136108], [76.80536099999999, 18.133308]]]}, "properties": {"level": "village", "name": "Gural", "parent_level": "taluka", "parent_name": "Nilanga"}}, {"type": "Feature", "geometry": {"type": "Polygon", "coordinates": [[[76.8144698, 18.1434323], [76.8172698, 18.1434323], [76.8172698, 18.1462323], [76.8144698, 18.1462323], [76.8144698, 18.1434323]]]}, "properties": {"level": "village", "name": "Jajnur", "parent_level": "taluka", "parent_name": "Nilanga"}}, {"type": "Feature", "geometry": {"type": "Polygon", "coordinates": [[[76.81949089999999, 18.1483463], [76.8222909, 18.1483463], [76.8222909, 18.1511463], [76.81949089999999, 18.1511463], [76.81949089999999, 18.1483463]]]}, "properties": {"level": "village", "name": "Zopadpatti Jajnoor", "parent_level": "taluka", "parent_name": "Nilanga"}}, {"type": "Feature", "geometry": {"type": "Polygon", "coordinates": [[[76.7816181, 18.153872], [76.78441810000001, 18.153872], [76.78441810000001, 18.156672], [76.7816181, 18.156672], [76.7816181, 18.153872]]]}, "properties": {"level": "village", "name": "Lambota", "parent_level": "taluka", "parent_name": "Nilanga"}}, {"type": "Feature", "geometry": {"type": "Polygon", "coordinates": [[[76.7573602, 18.1536681], [76.7601602, 18.1536681], [76.7601602, 18.1564681], [76.7573602, 18.1564681], [76.7573602, 18.1536681]]]}, "properties": {"level": "village", "name": "Dapka Tanda", "parent_level": "taluka", "parent_name": "Nilanga"}}, {"type": "Feature", "geometry": {"type": "Polygon", "coordinates": [[[76.7411972, 18.1439981], [76.74399720000001, 18.1439981], [76.74399720000001, 18.1467981], [76.7411972, 18.1467981], [76.7411972, 18.1439981]]]}, "properties": {"level": "village", "name": "Mubarakhpur", "parent_level": "taluka", "parent_name": "Nilanga"}}, {"type": "Feature", "geometry": {"type": "Polygon", "coordinates": [[[76.7207105, 18.175096], [76.7235105, 18.175096], [76.7235105, 18.177896], [76.7207105, 18.177896], [76.7207105, 18.175096]]]}, "properties": {"level": "village", "name": "Umarga Hadga", "parent_level": "taluka", "parent_name": "Nilanga"}}, {"type": "Feature", "geometry": {"type": "Polygon", "coordinates": [[[76.6996176, 18.1744742], [76.7024176, 18.1744742], [76.7024176, 18.1772742], [76.6996176, 18.1772742], [76.6996176, 18.1744742]]]}, "properties": {"level": "village", "name": "Shindi Jawalga", "parent_level": "taluka", "parent_name": "Nilanga"}}, {"type": "Feature", "geometry": {"type": "Polygon", "coordinates": [[[76.702568, 18.207549], [76.705368, 18.207549], [76.705368, 18.210349], [76.702568, 18.210349], [76.702568, 18.207549]]]}, "properties": {"level": "village", "name": "Wadgaon", "parent_level": "taluka", "parent_name": "Nilanga"}}, {"type": "Feature", "geometry": {"type": "Polygon", "coordinates": [[[76.6881056, 18.2234981], [76.69090560000001, 18.2234981], [76.69090560000001, 18.2262981], [76.6881056, 18.2262981], [76.6881056, 18.2234981]]]}, "properties": {"level": "village", "name": "Bhosalewadi", "parent_level": "taluka", "parent_name": "Nilanga"}}, {"type": "Feature", "geometry": {"type": "Polygon", "coordinates": [[[76.70199939999999, 18.2154779], [76.7047994, 18.2154779], [76.7047994, 18.2182779], [76.70199939999999, 18.2182779], [76.70199939999999, 18.2154779]]]}, "properties": {"level": "village", "name": "Gunewadi", "parent_level": "taluka", "parent_name": "Nilanga"}}, {"type": "Feature", "geometry": {"type": "Polygon", "coordinates": [[[76.706881, 18.2187288], [76.709681, 18.2187288], [76.709681, 18.2215288], [76.706881, 18.2215288], [76.706881, 18.2187288]]]}, "properties": {"level": "village", "name": "Shivani Wasti", "parent_level": "taluka", "parent_name": "Nilanga"}}, {"type": "Feature", "geometry": {"type": "Polygon", "coordinates": [[[76.70314739999999, 18.2208179], [76.7059474, 18.2208179], [76.7059474, 18.2236179], [76.70314739999999, 18.2236179], [76.70314739999999, 18.2208179]]]}, "properties": {"level": "village", "name": "Shivani Kotal", "parent_level": "taluka", "parent_name": "Nilanga"}}, {"type": "Feature", "geometry": {"type": "Polygon", "coordinates": [[[76.7369861, 18.222265], [76.7397861, 18.222265], [76.7397861, 18.225065], [76.7369861, 18.225065], [76.7369861, 18.222265]]]}, "properties": {"level": "village", "name": "Ambulga M", "parent_level": "taluka", "parent_name": "Nilanga"}}, {"type": "Feature", "geometry": {"type": "Polygon", "coordinates": [[[76.7267294, 18.1882859], [76.7295294, 18.1882859], [76.7295294, 18.1910859], [76.7267294, 18.1910859], [76.7267294, 18.1882859]]]}, "properties": {"level": "village", "name": "Hadga", "parent_level": "taluka", "parent_name": "Nilanga"}}, {"type": "Feature", "geometry": {"type": "Polygon", "coordinates": [[[76.7612333, 18.1807024], [76.76403330000001, 18.1807024], [76.76403330000001, 18.183502400000002], [76.7612333, 18.183502400000002], [76.7612333, 18.1807024]]]}, "properties": {"level": "village", "name": "Rathoda Tanda", "parent_level": "taluka", "parent_name": "Nilanga"}}, {"type": "Feature", "geometry": {"type": "Polygon", "coordinates": [[[76.843502, 18.1977852], [76.84630200000001, 18.1977852], [76.84630200000001, 18.2005852], [76.843502, 18.2005852], [76.843502, 18.1977852]]]}, "properties": {"level": "village", "name": "Kathejawalga", "parent_level": "taluka", "parent_name": "Nilanga"}}, {"type": "Feature", "geometry": {"type": "Polygon", "coordinates": [[[76.8737788, 18.1867825], [76.8765788, 18.1867825], [76.8765788, 18.1895825], [76.8737788, 18.1895825], [76.8737788, 18.1867825]]]}, "properties": {"level": "village", "name": "Anandwadi AB", "parent_level": "taluka", "parent_name": "Nilanga"}}, {"type": "Feature", "geometry": {"type": "Polygon", "coordinates": [[[76.8903763, 18.1974795], [76.89317630000001, 18.1974795], [76.89317630000001, 18.2002795], [76.8903763, 18.2002795], [76.8903763, 18.1974795]]]}, "properties": {"level": "village", "name": "Shiur", "parent_level": "taluka", "parent_name": "Nilanga"}}, {"type": "Feature", "geometry": {"type": "Polygon", "coordinates": [[[76.87970109999999, 18.2124103], [76.8825011, 18.2124103], [76.8825011, 18.2152103], [76.87970109999999, 18.2152103], [76.87970109999999, 18.2124103]]]}, "properties": {"level": "village", "name": "Walsangi", "parent_level": "taluka", "parent_name": "Nilanga"}}, {"type": "Feature", "geometry": {"type": "Polygon", "coordinates": [[[76.88741519999999, 18.219381], [76.8902152, 18.219381], [76.8902152, 18.222181], [76.88741519999999, 18.222181], [76.88741519999999, 18.219381]]]}, "properties": {"level": "village", "name": "Giraksal", "parent_level": "taluka", "parent_name": "Nilanga"}}, {"type": "Feature", "geometry": {"type": "Polygon", "coordinates": [[[76.8620844, 18.2197989], [76.86488440000001, 18.2197989], [76.86488440000001, 18.2225989], [76.8620844, 18.2225989], [76.8620844, 18.2197989]]]}, "properties": {"level": "village", "name": "Wanjarkheda", "parent_level": "taluka", "parent_name": "Nilanga"}}, {"type": "Feature", "geometry": {"type": "Polygon", "coordinates": [[[76.86929409999999, 18.2269935], [76.8720941, 18.2269935], [76.8720941, 18.2297935], [76.86929409999999, 18.2297935], [76.86929409999999, 18.2269935]]]}, "properties": {"level": "village", "name": "Shirol", "parent_level": "taluka", "parent_name": "Nilanga"}}, {"type": "Feature", "geometry": {"type": "Polygon", "coordinates": [[[76.8187184, 18.2170473], [76.8215184, 18.2170473], [76.8215184, 18.2198473], [76.8187184, 18.2198473], [76.8187184, 18.2170473]]]}, "properties": {"level": "village", "name": "Khadakumarga", "parent_level": "taluka", "parent_name": "Nilanga"}}, {"type": "Feature", "geometry": {"type": "Polygon", "coordinates": [[[76.836142, 18.2378765], [76.838942, 18.2378765], [76.838942, 18.2406765], [76.836142, 18.2406765], [76.836142, 18.2378765]]]}, "properties": {"level": "village", "name": "Baspur", "parent_level": "taluka", "parent_name": "Nilanga"}}, {"type": "Feature", "geometry": {"type": "Polygon", "coordinates": [[[76.80093, 18.2341266], [76.80373, 18.2341266], [76.80373, 18.2369266], [76.80093, 18.2369266], [76.80093, 18.2341266]]]}, "properties": {"level": "village", "name": "Dangewadi", "parent_level": "taluka", "parent_name": "Nilanga"}}, {"type": "Feature", "geometry": {"type": "Polygon", "coordinates": [[[76.7968101, 18.2652849], [76.79961010000001, 18.2652849], [76.79961010000001, 18.2680849], [76.7968101, 18.2680849], [76.7968101, 18.2652849]]]}, "properties": {"level": "village", "name": "Dhobalewadi", "parent_level": "taluka", "parent_name": "Nilanga"}}, {"type": "Feature", "geometry": {"type": "Polygon", "coordinates": [[[76.7885704, 18.2375912], [76.7913704, 18.2375912], [76.7913704, 18.2403912], [76.7885704, 18.2403912], [76.7885704, 18.2375912]]]}, "properties": {"level": "village", "name": "Govindnagarwadi", "parent_level": "taluka", "parent_name": "Nilanga"}}, {"type": "Feature", "geometry": {"type": "Polygon", "coordinates": [[[76.7550535, 18.2414429], [76.75785350000001, 18.2414429], [76.75785350000001, 18.2442429], [76.7550535, 18.2442429], [76.7550535, 18.2414429]]]}, "properties": {"level": "village", "name": "Tajpur", "parent_level": "taluka", "parent_name": "Nilanga"}}, {"type": "Feature", "geometry": {"type": "Polygon", "coordinates": [[[76.72947599999999, 18.2367352], [76.732276, 18.2367352], [76.732276, 18.2395352], [76.72947599999999, 18.2395352], [76.72947599999999, 18.2367352]]]}, "properties": {"level": "village", "name": "Ambegaon", "parent_level": "taluka", "parent_name": "Nilanga"}}, {"type": "Feature", "geometry": {"type": "Polygon", "coordinates": [[[76.6827519, 18.2413512], [76.68555190000001, 18.2413512], [76.68555190000001, 18.2441512], [76.6827519, 18.2441512], [76.6827519, 18.2413512]]]}, "properties": {"level": "village", "name": "Tupadi", "parent_level": "taluka", "parent_name": "Nilanga"}}, {"type": "Feature", "geometry": {"type": "Polygon", "coordinates": [[[76.6566701, 18.2658554], [76.65947010000001, 18.2658554], [76.65947010000001, 18.2686554], [76.6566701, 18.2686554], [76.6566701, 18.2658554]]]}, "properties": {"level": "village", "name": "Dagadwadi", "parent_level": "taluka", "parent_name": "Nilanga"}}, {"type": "Feature", "geometry": {"type": "Polygon", "coordinates": [[[76.66840739999999, 18.282604], [76.6712074, 18.282604], [76.6712074, 18.285404], [76.66840739999999, 18.285404], [76.66840739999999, 18.282604]]]}, "properties": {"level": "village", "name": "Chincholi P", "parent_level": "taluka", "parent_name": "Nilanga"}}, {"type": "Feature", "geometry": {"type": "Polygon", "coordinates": [[[76.7062802, 18.2659675], [76.7090802, 18.2659675], [76.7090802, 18.2687675], [76.7062802, 18.2687675], [76.7062802, 18.2659675]]]}, "properties": {"level": "village", "name": "Anandwadi", "parent_level": "taluka", "parent_name": "Nilanga"}}, {"type": "Feature", "geometry": {"type": "Polygon", "coordinates": [[[76.7085681, 18.2749812], [76.7113681, 18.2749812], [76.7113681, 18.2777812], [76.7085681, 18.2777812], [76.7085681, 18.2749812]]]}, "properties": {"level": "village", "name": "Gour", "parent_level": "taluka", "parent_name": "Nilanga"}}, {"type": "Feature", "geometry": {"type": "Polygon", "coordinates": [[[76.7440242, 18.2589885], [76.7468242, 18.2589885], [76.7468242, 18.2617885], [76.7440242, 18.2617885], [76.7440242, 18.2589885]]]}, "properties": {"level": "village", "name": "Jotwadi", "parent_level": "taluka", "parent_name": "Nilanga"}}, {"type": "Feature", "geometry": {"type": "Polygon", "coordinates": [[[76.74430319999999, 18.2647959], [76.7471032, 18.2647959], [76.7471032, 18.2675959], [76.74430319999999, 18.2675959], [76.74430319999999, 18.2647959]]]}, "properties": {"level": "village", "name": "Mugaon", "parent_level": "taluka", "parent_name": "Nilanga"}}, {"type": "Feature", "geometry": {"type": "Polygon", "coordinates": [[[76.75958109999999, 18.2752588], [76.7623811, 18.2752588], [76.7623811, 18.2780588], [76.75958109999999, 18.2780588], [76.75958109999999, 18.2752588]]]}, "properties": {"level": "village", "name": "Shend", "parent_level": "taluka", "parent_name": "Nilanga"}}, {"type": "Feature", "geometry": {"type": "Polygon", "coordinates": [[[76.6892804, 18.5234998], [76.69208040000001, 18.5234998], [76.69208040000001, 18.5262998], [76.6892804, 18.5262998], [76.6892804, 18.5234998]]]}, "properties": {"level": "village", "name": "Anadwadi", "parent_level": "taluka", "parent_name": "Renapur"}}, {"type": "Feature", "geometry": {"type": "Polygon", "coordinates": [[[76.68106209999999, 18.5390637], [76.6838621, 18.5390637], [76.6838621, 18.5418637], [76.68106209999999, 18.5418637], [76.68106209999999, 18.5390637]]]}, "properties": {"level": "village", "name": "Kumbharwadi", "parent_level": "taluka", "parent_name": "Renapur"}}, {"type": "Feature", "geometry": {"type": "Polygon", "coordinates": [[[76.65238389999999, 18.5365919], [76.6551839, 18.5365919], [76.6551839, 18.539391900000002], [76.65238389999999, 18.539391900000002], [76.65238389999999, 18.5365919]]]}, "properties": {"level": "village", "name": "Ramwadi Kharola", "parent_level": "taluka", "parent_name": "Renapur"}}, {"type": "Feature", "geometry": {"type": "Polygon", "coordinates": [[[76.6236065, 18.5349694], [76.6264065, 18.5349694], [76.6264065, 18.537769400000002], [76.6236065, 18.537769400000002], [76.6236065, 18.5349694]]]}, "properties": {"level": "village", "name": "Hanmantwadi", "parent_level": "taluka", "parent_name": "Renapur"}}, {"type": "Feature", "geometry": {"type": "Polygon", "coordinates": [[[76.574101, 18.5173604], [76.576901, 18.5173604], [76.576901, 18.5201604], [76.574101, 18.5201604], [76.574101, 18.5173604]]]}, "properties": {"level": "village", "name": "Rupchand Nagar", "parent_level": "taluka", "parent_name": "Renapur"}}, {"type": "Feature", "geometry": {"type": "Polygon", "coordinates": [[[76.55194589999999, 18.510651], [76.5547459, 18.510651], [76.5547459, 18.513451], [76.55194589999999, 18.513451], [76.55194589999999, 18.510651]]]}, "properties": {"level": "village", "name": "Ghawan", "parent_level": "taluka", "parent_name": "Renapur"}}, {"type": "Feature", "geometry": {"type": "Polygon", "coordinates": [[[76.538508, 18.5069273], [76.541308, 18.5069273], [76.541308, 18.5097273], [76.538508, 18.5097273], [76.538508, 18.5069273]]]}, "properties": {"level": "village", "name": "Brahmwadi", "parent_level": "taluka", "parent_name": "Renapur"}}, {"type": "Feature", "geometry": {"type": "Polygon", "coordinates": [[[76.48793769999999, 18.4959137], [76.4907377, 18.4959137], [76.4907377, 18.4987137], [76.48793769999999, 18.4987137], [76.48793769999999, 18.4959137]]]}, "properties": {"level": "village", "name": "Sangvi", "parent_level": "taluka", "parent_name": "Renapur"}}, {"type": "Feature", "geometry": {"type": "Polygon", "coordinates": [[[76.5545959, 18.5295272], [76.5573959, 18.5295272], [76.5573959, 18.5323272], [76.5545959, 18.5323272], [76.5545959, 18.5295272]]]}, "properties": {"level": "village", "name": "Samsapur", "parent_level": "taluka", "parent_name": "Renapur"}}, {"type": "Feature", "geometry": {"type": "Polygon", "coordinates": [[[76.53145649999999, 18.5256412], [76.5342565, 18.5256412], [76.5342565, 18.5284412], [76.53145649999999, 18.5284412], [76.53145649999999, 18.5256412]]]}, "properties": {"level": "village", "name": "Kolgaon", "parent_level": "taluka", "parent_name": "Renapur"}}, {"type": "Feature", "geometry": {"type": "Polygon", "coordinates": [[[76.51383709999999, 18.533087599999998], [76.5166371, 18.533087599999998], [76.5166371, 18.5358876], [76.51383709999999, 18.5358876], [76.51383709999999, 18.533087599999998]]]}, "properties": {"level": "village", "name": "Niwada", "parent_level": "taluka", "parent_name": "Renapur"}}, {"type": "Feature", "geometry": {"type": "Polygon", "coordinates": [[[76.46519789999999, 18.519807], [76.4679979, 18.519807], [76.4679979, 18.522607], [76.46519789999999, 18.522607], [76.46519789999999, 18.519807]]]}, "properties": {"level": "village", "name": "Andalgaon", "parent_level": "taluka", "parent_name": "Renapur"}}, {"type": "Feature", "geometry": {"type": "Polygon", "coordinates": [[[76.4033086, 18.5508883], [76.40610860000001, 18.5508883], [76.40610860000001, 18.5536883], [76.4033086, 18.5536883], [76.4033086, 18.5508883]]]}, "properties": {"level": "village", "name": "Wangdari", "parent_level": "taluka", "parent_name": "Renapur"}}, {"type": "Feature", "geometry": {"type": "Polygon", "coordinates": [[[76.4964135, 18.5444192], [76.49921350000001, 18.5444192], [76.49921350000001, 18.5472192], [76.4964135, 18.5472192], [76.4964135, 18.5444192]]]}, "properties": {"level": "village", "name": "Shera", "parent_level": "taluka", "parent_name": "Renapur"}}, {"type": "Feature", "geometry": {"type": "Polygon", "coordinates": [[[76.5126033, 18.553604], [76.5154033, 18.553604], [76.5154033, 18.556404], [76.5126033, 18.556404], [76.5126033, 18.553604]]]}, "properties": {"level": "village", "name": "Kumbhari", "parent_level": "taluka", "parent_name": "Renapur"}}, {"type": "Feature", "geometry": {"type": "Polygon", "coordinates": [[[76.5330953, 18.5541329], [76.5358953, 18.5541329], [76.5358953, 18.5569329], [76.5330953, 18.5569329], [76.5330953, 18.5541329]]]}, "properties": {"level": "village", "name": "Bawachi", "parent_level": "taluka", "parent_name": "Renapur"}}, {"type": "Feature", "geometry": {"type": "Polygon", "coordinates": [[[76.5395058, 18.5637799], [76.54230580000001, 18.5637799], [76.54230580000001, 18.5665799], [76.5395058, 18.5665799], [76.5395058, 18.5637799]]]}, "properties": {"level": "village", "name": "Bitargaon Tanda", "parent_level": "taluka", "parent_name": "Renapur"}}, {"type": "Feature", "geometry": {"type": "Polygon", "coordinates": [[[76.55228389999999, 18.5557933], [76.5550839, 18.5557933], [76.5550839, 18.558593300000002], [76.55228389999999, 18.558593300000002], [76.55228389999999, 18.5557933]]]}, "properties": {"level": "village", "name": "Sumthana", "parent_level": "taluka", "parent_name": "Renapur"}}, {"type": "Feature", "geometry": {"type": "Polygon", "coordinates": [[[76.5796853, 18.5501864], [76.5824853, 18.5501864], [76.5824853, 18.5529864], [76.5796853, 18.5529864], [76.5796853, 18.5501864]]]}, "properties": {"level": "village", "name": "Kalewadi", "parent_level": "taluka", "parent_name": "Renapur"}}, {"type": "Feature", "geometry": {"type": "Polygon", "coordinates": [[[76.6232605, 18.5787757], [76.62606050000001, 18.5787757], [76.62606050000001, 18.581575700000002], [76.6232605, 18.581575700000002], [76.6232605, 18.5787757]]]}, "properties": {"level": "village", "name": "Murdhav", "parent_level": "taluka", "parent_name": "Renapur"}}, {"type": "Feature", "geometry": {"type": "Polygon", "coordinates": [[[76.6508121, 18.5537616], [76.6536121, 18.5537616], [76.6536121, 18.556561600000002], [76.6508121, 18.556561600000002], [76.6508121, 18.5537616]]]}, "properties": {"level": "village", "name": "Mohgaon Talani", "parent_level": "taluka", "parent_name": "Renapur"}}, {"type": "Feature", "geometry": {"type": "Polygon", "coordinates": [[[76.6630215, 18.5617712], [76.6658215, 18.5617712], [76.6658215, 18.5645712], [76.6630215, 18.5645712], [76.6630215, 18.5617712]]]}, "properties": {"level": "village", "name": "Talani", "parent_level": "taluka", "parent_name": "Renapur"}}, {"type": "Feature", "geometry": {"type": "Polygon", "coordinates": [[[76.6949613, 18.5561569], [76.69776130000001, 18.5561569], [76.69776130000001, 18.558956900000002], [76.6949613, 18.558956900000002], [76.6949613, 18.5561569]]]}, "properties": {"level": "village", "name": "Dhaweli", "parent_level": "taluka", "parent_name": "Renapur"}}, {"type": "Feature", "geometry": {"type": "Polygon", "coordinates": [[[76.6681928, 18.59406], [76.67099280000001, 18.59406], [76.67099280000001, 18.59686], [76.6681928, 18.59686], [76.6681928, 18.59406]]]}, "properties": {"level": "village", "name": "Yashwantwadi", "parent_level": "taluka", "parent_name": "Renapur"}}, {"type": "Feature", "geometry": {"type": "Polygon", "coordinates": [[[76.6482801, 18.5925194], [76.6510801, 18.5925194], [76.6510801, 18.5953194], [76.6482801, 18.5953194], [76.6482801, 18.5925194]]]}, "properties": {"level": "village", "name": "Manusmarwadi", "parent_level": "taluka", "parent_name": "Renapur"}}, {"type": "Feature", "geometry": {"type": "Polygon", "coordinates": [[[76.6230137, 18.5973343], [76.62581370000001, 18.5973343], [76.62581370000001, 18.6001343], [76.6230137, 18.6001343], [76.6230137, 18.5973343]]]}, "properties": {"level": "village", "name": "Patharwadi", "parent_level": "taluka", "parent_name": "Renapur"}}, {"type": "Feature", "geometry": {"type": "Polygon", "coordinates": [[[76.61380299999999, 18.588945], [76.616603, 18.588945], [76.616603, 18.591745], [76.61380299999999, 18.591745], [76.61380299999999, 18.588945]]]}, "properties": {"level": "village", "name": "Chukarwadi", "parent_level": "taluka", "parent_name": "Renapur"}}, {"type": "Feature", "geometry": {"type": "Polygon", "coordinates": [[[76.54829269999999, 18.5779367], [76.5510927, 18.5779367], [76.5510927, 18.5807367], [76.54829269999999, 18.5807367], [76.54829269999999, 18.5779367]]]}, "properties": {"level": "village", "name": "Bitargaon", "parent_level": "taluka", "parent_name": "Renapur"}}, {"type": "Feature", "geometry": {"type": "Polygon", "coordinates": [[[76.5498645, 18.598646], [76.5526645, 18.598646], [76.5526645, 18.601446], [76.5498645, 18.601446], [76.5498645, 18.598646]]]}, "properties": {"level": "village", "name": "Sewanagar", "parent_level": "taluka", "parent_name": "Renapur"}}, {"type": "Feature", "geometry": {"type": "Polygon", "coordinates": [[[76.5335942, 18.5985341], [76.5363942, 18.5985341], [76.5363942, 18.6013341], [76.5335942, 18.6013341], [76.5335942, 18.5985341]]]}, "properties": {"level": "village", "name": "Faradpur", "parent_level": "taluka", "parent_name": "Renapur"}}, {"type": "Feature", "geometry": {"type": "Polygon", "coordinates": [[[76.52809839999999, 18.5763299], [76.5308984, 18.5763299], [76.5308984, 18.5791299], [76.52809839999999, 18.5791299], [76.52809839999999, 18.5763299]]]}, "properties": {"level": "village", "name": "Vanjarwadi", "parent_level": "taluka", "parent_name": "Renapur"}}, {"type": "Feature", "geometry": {"type": "Polygon", "coordinates": [[[76.4940665, 18.5777943], [76.49686650000001, 18.5777943], [76.49686650000001, 18.5805943], [76.4940665, 18.5805943], [76.4940665, 18.5777943]]]}, "properties": {"level": "village", "name": "Khanapur", "parent_level": "taluka", "parent_name": "Renapur"}}, {"type": "Feature", "geometry": {"type": "Polygon", "coordinates": [[[76.4778633, 18.5734009], [76.4806633, 18.5734009], [76.4806633, 18.5762009], [76.4778633, 18.5762009], [76.4778633, 18.5734009]]]}, "properties": {"level": "village", "name": "Itti", "parent_level": "taluka", "parent_name": "Renapur"}}, {"type": "Feature", "geometry": {"type": "Polygon", "coordinates": [[[76.4907647, 18.587923], [76.49356470000001, 18.587923], [76.49356470000001, 18.590723], [76.4907647, 18.590723], [76.4907647, 18.587923]]]}, "properties": {"level": "village", "name": "Palshi", "parent_level": "taluka", "parent_name": "Renapur"}}, {"type": "Feature", "geometry": {"type": "Polygon", "coordinates": [[[76.5073139, 18.5890569], [76.51011390000001, 18.5890569], [76.51011390000001, 18.5918569], [76.5073139, 18.5918569], [76.5073139, 18.5890569]]]}, "properties": {"level": "village", "name": "Dawangaon", "parent_level": "taluka", "parent_name": "Renapur"}}, {"type": "Feature", "geometry": {"type": "Polygon", "coordinates": [[[76.46899049999999, 18.6037912], [76.4717905, 18.6037912], [76.4717905, 18.6065912], [76.46899049999999, 18.6065912], [76.46899049999999, 18.6037912]]]}, "properties": {"level": "village", "name": "Lakhamapur", "parent_level": "taluka", "parent_name": "Renapur"}}, {"type": "Feature", "geometry": {"type": "Polygon", "coordinates": [[[76.4427585, 18.5729331], [76.4455585, 18.5729331], [76.4455585, 18.5757331], [76.4427585, 18.5757331], [76.4427585, 18.5729331]]]}, "properties": {"level": "village", "name": "Bhokramba", "parent_level": "taluka", "parent_name": "Renapur"}}, {"type": "Feature", "geometry": {"type": "Polygon", "coordinates": [[[76.4335317, 18.5605304], [76.43633170000001, 18.5605304], [76.43633170000001, 18.5633304], [76.4335317, 18.5633304], [76.4335317, 18.5605304]]]}, "properties": {"level": "village", "name": "Dighol Deshmukh", "parent_level": "taluka", "parent_name": "Renapur"}}, {"type": "Feature", "geometry": {"type": "Polygon", "coordinates": [[[76.4174599, 18.5849892], [76.4202599, 18.5849892], [76.4202599, 18.5877892], [76.4174599, 18.5877892], [76.4174599, 18.5849892]]]}, "properties": {"level": "village", "name": "Motegaon", "parent_level": "taluka", "parent_name": "Renapur"}}, {"type": "Feature", "geometry": {"type": "Polygon", "coordinates": [[[76.42989999999999, 18.6055096], [76.4327, 18.6055096], [76.4327, 18.608309600000002], [76.42989999999999, 18.608309600000002], [76.42989999999999, 18.6055096]]]}, "properties": {"level": "village", "name": "Chatgaon", "parent_level": "taluka", "parent_name": "Renapur"}}, {"type": "Feature", "geometry": {"type": "Polygon", "coordinates": [[[76.457736, 18.6082193], [76.460536, 18.6082193], [76.460536, 18.6110193], [76.457736, 18.6110193], [76.457736, 18.6082193]]]}, "properties": {"level": "village", "name": "Morwad", "parent_level": "taluka", "parent_name": "Renapur"}}, {"type": "Feature", "geometry": {"type": "Polygon", "coordinates": [[[76.5228922, 18.6122203], [76.52569220000001, 18.6122203], [76.52569220000001, 18.6150203], [76.5228922, 18.6150203], [76.5228922, 18.6122203]]]}, "properties": {"level": "village", "name": "Garsoli", "parent_level": "taluka", "parent_name": "Renapur"}}, {"type": "Feature", "geometry": {"type": "Polygon", "coordinates": [[[76.53391069999999, 18.633876], [76.5367107, 18.633876], [76.5367107, 18.636676], [76.53391069999999, 18.636676], [76.53391069999999, 18.633876]]]}, "properties": {"level": "village", "name": "Tattapur", "parent_level": "taluka", "parent_name": "Renapur"}}, {"type": "Feature", "geometry": {"type": "Polygon", "coordinates": [[[76.55334599999999, 18.6290825], [76.556146, 18.6290825], [76.556146, 18.6318825], [76.55334599999999, 18.6318825], [76.55334599999999, 18.6290825]]]}, "properties": {"level": "village", "name": "Wala", "parent_level": "taluka", "parent_name": "Renapur"}}, {"type": "Feature", "geometry": {"type": "Polygon", "coordinates": [[[76.59183039999999, 18.5911974], [76.5946304, 18.5911974], [76.5946304, 18.5939974], [76.59183039999999, 18.5939974], [76.59183039999999, 18.5911974]]]}, "properties": {"level": "village", "name": "Kamkheda", "parent_level": "taluka", "parent_name": "Renapur"}}, {"type": "Feature", "geometry": {"type": "Polygon", "coordinates": [[[76.60560079999999, 18.5977613], [76.6084008, 18.5977613], [76.6084008, 18.6005613], [76.60560079999999, 18.6005613], [76.60560079999999, 18.5977613]]]}, "properties": {"level": "village", "name": "Bhandarwadi", "parent_level": "taluka", "parent_name": "Renapur"}}, {"type": "Feature", "geometry": {"type": "Polygon", "coordinates": [[[76.5991421, 18.6615466], [76.6019421, 18.6615466], [76.6019421, 18.664346600000002], [76.5991421, 18.664346600000002], [76.5991421, 18.6615466]]]}, "properties": {"level": "village", "name": "Phawadi Wadi", "parent_level": "taluka", "parent_name": "Renapur"}}, {"type": "Feature", "geometry": {"type": "Polygon", "coordinates": [[[76.62669369999999, 18.6634473], [76.6294937, 18.6634473], [76.6294937, 18.666247300000002], [76.62669369999999, 18.666247300000002], [76.62669369999999, 18.6634473]]]}, "properties": {"level": "village", "name": "Musalewadi", "parent_level": "taluka", "parent_name": "Renapur"}}, {"type": "Feature", "geometry": {"type": "Polygon", "coordinates": [[[76.6133792, 18.6320766], [76.6161792, 18.6320766], [76.6161792, 18.634876600000002], [76.6133792, 18.634876600000002], [76.6133792, 18.6320766]]]}, "properties": {"level": "village", "name": "Ramwadi Pangaon", "parent_level": "taluka", "parent_name": "Renapur"}}, {"type": "Feature", "geometry": {"type": "Polygon", "coordinates": [[[76.656831, 18.619246], [76.659631, 18.619246], [76.659631, 18.622046], [76.656831, 18.622046], [76.656831, 18.619246]]]}, "properties": {"level": "village", "name": "Narwatwadi", "parent_level": "taluka", "parent_name": "Renapur"}}, {"type": "Feature", "geometry": {"type": "Polygon", "coordinates": [[[76.67412589999999, 18.6180768], [76.6769259, 18.6180768], [76.6769259, 18.6208768], [76.67412589999999, 18.6208768], [76.67412589999999, 18.6180768]]]}, "properties": {"level": "village", "name": "Gopalwadi", "parent_level": "taluka", "parent_name": "Renapur"}}, {"type": "Feature", "geometry": {"type": "Polygon", "coordinates": [[[76.6840393, 18.6262308], [76.6868393, 18.6262308], [76.6868393, 18.6290308], [76.6840393, 18.6290308], [76.6840393, 18.6262308]]]}, "properties": {"level": "village", "name": "Sarola", "parent_level": "taluka", "parent_name": "Renapur"}}, {"type": "Feature", "geometry": {"type": "Polygon", "coordinates": [[[76.716022, 18.6295553], [76.718822, 18.6295553], [76.718822, 18.6323553], [76.716022, 18.6323553], [76.716022, 18.6295553]]]}, "properties": {"level": "village", "name": "Khalangri", "parent_level": "taluka", "parent_name": "Renapur"}}, {"type": "Feature", "geometry": {"type": "Polygon", "coordinates": [[[76.7452473, 18.6371902], [76.74804730000001, 18.6371902], [76.74804730000001, 18.6399902], [76.7452473, 18.6399902], [76.7452473, 18.6371902]]]}, "properties": {"level": "village", "name": "Hotti", "parent_level": "taluka", "parent_name": "Renapur"}}, {"type": "Feature", "geometry": {"type": "Polygon", "coordinates": [[[76.72759839999999, 18.656271], [76.7303984, 18.656271], [76.7303984, 18.659071], [76.72759839999999, 18.659071], [76.72759839999999, 18.656271]]]}, "properties": {"level": "village", "name": "Godhala", "parent_level": "taluka", "parent_name": "Renapur"}}, {"type": "Feature", "geometry": {"type": "Polygon", "coordinates": [[[76.70496059999999, 18.6549089], [76.7077606, 18.6549089], [76.7077606, 18.6577089], [76.70496059999999, 18.6577089], [76.70496059999999, 18.6549089]]]}, "properties": {"level": "village", "name": "Makegaon", "parent_level": "taluka", "parent_name": "Renapur"}}, {"type": "Feature", "geometry": {"type": "Polygon", "coordinates": [[[76.6732676, 18.6581769], [76.67606760000001, 18.6581769], [76.67606760000001, 18.6609769], [76.6732676, 18.6609769], [76.6732676, 18.6581769]]]}, "properties": {"level": "village", "name": "Divegaon", "parent_level": "taluka", "parent_name": "Renapur"}}, {"type": "Feature", "geometry": {"type": "Polygon", "coordinates": [[[76.6884918, 18.6803908], [76.6912918, 18.6803908], [76.6912918, 18.683190800000002], [76.6884918, 18.683190800000002], [76.6884918, 18.6803908]]]}, "properties": {"level": "village", "name": "Koshtagaon", "parent_level": "taluka", "parent_name": "Renapur"}}, {"type": "Feature", "geometry": {"type": "Polygon", "coordinates": [[[76.6347511, 18.4978774], [76.63755110000001, 18.4978774], [76.63755110000001, 18.5006774], [76.6347511, 18.5006774], [76.6347511, 18.4978774]]]}, "properties": {"level": "village", "name": "Jawalga", "parent_level": "taluka", "parent_name": "Renapur"}}, {"type": "Feature", "geometry": {"type": "Polygon", "coordinates": [[[76.6134543, 18.4922966], [76.61625430000001, 18.4922966], [76.61625430000001, 18.4950966], [76.6134543, 18.4950966], [76.6134543, 18.4922966]]]}, "properties": {"level": "village", "name": "HakeTanda", "parent_level": "taluka", "parent_name": "Renapur"}}, {"type": "Feature", "geometry": {"type": "Polygon", "coordinates": [[[76.6053433, 18.4650617], [76.60814330000001, 18.4650617], [76.60814330000001, 18.4678617], [76.6053433, 18.4678617], [76.6053433, 18.4650617]]]}, "properties": {"level": "village", "name": "Harwadi", "parent_level": "taluka", "parent_name": "Renapur"}}, {"type": "Feature", "geometry": {"type": "Polygon", "coordinates": [[[76.56919789999999, 18.5045721], [76.5719979, 18.5045721], [76.5719979, 18.5073721], [76.56919789999999, 18.5073721], [76.56919789999999, 18.5045721]]]}, "properties": {"level": "village", "name": "Rajewadi", "parent_level": "taluka", "parent_name": "Renapur"}}, {"type": "Feature", "geometry": {"type": "Polygon", "coordinates": [[[76.6353304, 18.505798], [76.63813040000001, 18.505798], [76.63813040000001, 18.508598], [76.6353304, 18.508598], [76.6353304, 18.505798]]]}, "properties": {"level": "village", "name": "Shelu Kh", "parent_level": "taluka", "parent_name": "Renapur"}}, {"type": "Feature", "geometry": {"type": "Polygon", "coordinates": [[[76.640947, 18.5084432], [76.643747, 18.5084432], [76.643747, 18.5112432], [76.640947, 18.5112432], [76.640947, 18.5084432]]]}, "properties": {"level": "village", "name": "Selu New", "parent_level": "taluka", "parent_name": "Renapur"}}, {"type": "Feature", "geometry": {"type": "Polygon", "coordinates": [[[76.6588802, 18.5094352], [76.6616802, 18.5094352], [76.6616802, 18.5122352], [76.6588802, 18.5122352], [76.6588802, 18.5094352]]]}, "properties": {"level": "village", "name": "Kharoala", "parent_level": "taluka", "parent_name": "Renapur"}}, {"type": "Feature", "geometry": {"type": "Polygon", "coordinates": [[[76.58730279999999, 18.4883233], [76.5901028, 18.4883233], [76.5901028, 18.4911233], [76.58730279999999, 18.4911233], [76.58730279999999, 18.4883233]]]}, "properties": {"level": "village", "name": "Neharu Nagar", "parent_level": "taluka", "parent_name": "Latur"}}, {"type": "Feature", "geometry": {"type": "Polygon", "coordinates": [[[76.5327252, 18.4742303], [76.53552520000001, 18.4742303], [76.53552520000001, 18.4770303], [76.5327252, 18.4770303], [76.5327252, 18.4742303]]]}, "properties": {"level": "village", "name": "Arajkheda", "parent_level": "taluka", "parent_name": "Renapur"}}, {"type": "Feature", "geometry": {"type": "Polygon", "coordinates": [[[76.5084619, 18.4745255], [76.51126190000001, 18.4745255], [76.51126190000001, 18.4773255], [76.5084619, 18.4773255], [76.5084619, 18.4745255]]]}, "properties": {"level": "village", "name": "Indarthana", "parent_level": "taluka", "parent_name": "Renapur"}}, {"type": "Feature", "geometry": {"type": "Polygon", "coordinates": [[[76.7096491, 18.3059004], [76.7124491, 18.3059004], [76.7124491, 18.3087004], [76.7096491, 18.3087004], [76.7096491, 18.3059004]]]}, "properties": {"level": "village", "name": "Bokangaon", "parent_level": "taluka", "parent_name": "Latur"}}, {"type": "Feature", "geometry": {"type": "Polygon", "coordinates": [[[76.67910409999999, 18.3607525], [76.6819041, 18.3607525], [76.6819041, 18.3635525], [76.67910409999999, 18.3635525], [76.67910409999999, 18.3607525]]]}, "properties": {"level": "village", "name": "Shivani KD", "parent_level": "taluka", "parent_name": "Latur"}}, {"type": "Feature", "geometry": {"type": "Polygon", "coordinates": [[[76.67310669999999, 18.3728693], [76.6759067, 18.3728693], [76.6759067, 18.375669300000002], [76.67310669999999, 18.375669300000002], [76.67310669999999, 18.3728693]]]}, "properties": {"level": "village", "name": "Chamewadi", "parent_level": "taluka", "parent_name": "Latur"}}, {"type": "Feature", "geometry": {"type": "Polygon", "coordinates": [[[76.63023419999999, 18.375587799999998], [76.6330342, 18.375587799999998], [76.6330342, 18.3783878], [76.63023419999999, 18.3783878], [76.63023419999999, 18.375587799999998]]]}, "properties": {"level": "village", "name": "Babalgaon", "parent_level": "taluka", "parent_name": "Latur"}}, {"type": "Feature", "geometry": {"type": "Polygon", "coordinates": [[[76.61870069999999, 18.3593065], [76.6215007, 18.3593065], [76.6215007, 18.3621065], [76.61870069999999, 18.3621065], [76.61870069999999, 18.3593065]]]}, "properties": {"level": "village", "name": "Sirshi", "parent_level": "taluka", "parent_name": "Latur"}}, {"type": "Feature", "geometry": {"type": "Polygon", "coordinates": [[[76.5805704, 18.3472193], [76.5833704, 18.3472193], [76.5833704, 18.3500193], [76.5805704, 18.3500193], [76.5805704, 18.3472193]]]}, "properties": {"level": "village", "name": "Kawa", "parent_level": "taluka", "parent_name": "Latur"}}, {"type": "Feature", "geometry": {"type": "Polygon", "coordinates": [[[76.559778, 18.3523618], [76.562578, 18.3523618], [76.562578, 18.3551618], [76.559778, 18.3551618], [76.559778, 18.3523618]]]}, "properties": {"level": "village", "name": "Khopegaon", "parent_level": "taluka", "parent_name": "Latur"}}, {"type": "Feature", "geometry": {"type": "Polygon", "coordinates": [[[76.55180639999999, 18.3467101], [76.5546064, 18.3467101], [76.5546064, 18.3495101], [76.55180639999999, 18.3495101], [76.55180639999999, 18.3467101]]]}, "properties": {"level": "village", "name": "Chandeshwar", "parent_level": "taluka", "parent_name": "Latur"}}, {"type": "Feature", "geometry": {"type": "Polygon", "coordinates": [[[76.47013849999999, 18.342433], [76.4729385, 18.342433], [76.4729385, 18.345233], [76.47013849999999, 18.345233], [76.47013849999999, 18.342433]]]}, "properties": {"level": "village", "name": "Chincholirao", "parent_level": "taluka", "parent_name": "Latur"}}, {"type": "Feature", "geometry": {"type": "Polygon", "coordinates": [[[76.4531762, 18.3137841], [76.45597620000001, 18.3137841], [76.45597620000001, 18.3165841], [76.4531762, 18.3165841], [76.4531762, 18.3137841]]]}, "properties": {"level": "village", "name": "Shiur", "parent_level": "taluka", "parent_name": "Latur"}}, {"type": "Feature", "geometry": {"type": "Polygon", "coordinates": [[[76.4393039, 18.3234293], [76.4421039, 18.3234293], [76.4421039, 18.3262293], [76.4393039, 18.3262293], [76.4393039, 18.3234293]]]}, "properties": {"level": "village", "name": "Uti Ku", "parent_level": "taluka", "parent_name": "Latur"}}, {"type": "Feature", "geometry": {"type": "Polygon", "coordinates": [[[76.4242084, 18.3324986], [76.4270084, 18.3324986], [76.4270084, 18.3352986], [76.4242084, 18.3352986], [76.4242084, 18.3324986]]]}, "properties": {"level": "village", "name": "Sawergaon", "parent_level": "taluka", "parent_name": "Latur"}}, {"type": "Feature", "geometry": {"type": "Polygon", "coordinates": [[[76.4104969, 18.331108399999998], [76.4132969, 18.331108399999998], [76.4132969, 18.3339084], [76.4104969, 18.3339084], [76.4104969, 18.331108399999998]]]}, "properties": {"level": "village", "name": "Dhanuri", "parent_level": "taluka", "parent_name": "Latur"}}, {"type": "Feature", "geometry": {"type": "Polygon", "coordinates": [[[76.3986201, 18.3361598], [76.40142010000001, 18.3361598], [76.40142010000001, 18.3389598], [76.3986201, 18.3389598], [76.3986201, 18.3361598]]]}, "properties": {"level": "village", "name": "Takali S", "parent_level": "taluka", "parent_name": "Latur"}}, {"type": "Feature", "geometry": {"type": "Polygon", "coordinates": [[[76.375301, 18.3322593], [76.378101, 18.3322593], [76.378101, 18.3350593], [76.375301, 18.3350593], [76.375301, 18.3322593]]]}, "properties": {"level": "village", "name": "Bopla", "parent_level": "taluka", "parent_name": "Latur"}}, {"type": "Feature", "geometry": {"type": "Polygon", "coordinates": [[[76.4172454, 18.356674299999998], [76.4200454, 18.356674299999998], [76.4200454, 18.3594743], [76.4172454, 18.3594743], [76.4172454, 18.356674299999998]]]}, "properties": {"level": "village", "name": "Bohira", "parent_level": "taluka", "parent_name": "Latur"}}, {"type": "Feature", "geometry": {"type": "Polygon", "coordinates": [[[76.38194209999999, 18.3527029], [76.3847421, 18.3527029], [76.3847421, 18.3555029], [76.38194209999999, 18.3555029], [76.38194209999999, 18.3527029]]]}, "properties": {"level": "village", "name": "Chata", "parent_level": "taluka", "parent_name": "Latur"}}, {"type": "Feature", "geometry": {"type": "Polygon", "coordinates": [[[76.3555868, 18.3445309], [76.3583868, 18.3445309], [76.3583868, 18.3473309], [76.3555868, 18.3473309], [76.3555868, 18.3445309]]]}, "properties": {"level": "village", "name": "Ekurga", "parent_level": "taluka", "parent_name": "Latur"}}, {"type": "Feature", "geometry": {"type": "Polygon", "coordinates": [[[76.3379271, 18.3458751], [76.34072710000001, 18.3458751], [76.34072710000001, 18.3486751], [76.3379271, 18.3486751], [76.3379271, 18.3458751]]]}, "properties": {"level": "village", "name": "Dhakani", "parent_level": "taluka", "parent_name": "Latur"}}, {"type": "Feature", "geometry": {"type": "Polygon", "coordinates": [[[76.2797178, 18.403911], [76.28251780000001, 18.403911], [76.28251780000001, 18.406711], [76.2797178, 18.406711], [76.2797178, 18.403911]]]}, "properties": {"level": "village", "name": "Karkatta", "parent_level": "taluka", "parent_name": "Latur"}}, {"type": "Feature", "geometry": {"type": "Polygon", "coordinates": [[[76.3576681, 18.409876399999998], [76.3604681, 18.409876399999998], [76.3604681, 18.4126764], [76.3576681, 18.4126764], [76.3576681, 18.409876399999998]]]}, "properties": {"level": "village", "name": "Ramegaon", "parent_level": "taluka", "parent_name": "Latur"}}, {"type": "Feature", "geometry": {"type": "Polygon", "coordinates": [[[76.3495464, 18.4259493], [76.3523464, 18.4259493], [76.3523464, 18.4287493], [76.3495464, 18.4287493], [76.3495464, 18.4259493]]]}, "properties": {"level": "village", "name": "Gondegaon", "parent_level": "taluka", "parent_name": "Latur"}}, {"type": "Feature", "geometry": {"type": "Polygon", "coordinates": [[[76.3292367, 18.4334101], [76.3320367, 18.4334101], [76.3320367, 18.4362101], [76.3292367, 18.4362101], [76.3292367, 18.4334101]]]}, "properties": {"level": "village", "name": "Hisori", "parent_level": "taluka", "parent_name": "Latur"}}, {"type": "Feature", "geometry": {"type": "Polygon", "coordinates": [[[76.3154716, 18.4321073], [76.3182716, 18.4321073], [76.3182716, 18.4349073], [76.3154716, 18.4349073], [76.3154716, 18.4321073]]]}, "properties": {"level": "village", "name": "Khandala", "parent_level": "taluka", "parent_name": "Latur"}}, {"type": "Feature", "geometry": {"type": "Polygon", "coordinates": [[[76.2783606, 18.4479441], [76.2811606, 18.4479441], [76.2811606, 18.4507441], [76.2783606, 18.4507441], [76.2783606, 18.4479441]]]}, "properties": {"level": "village", "name": "Matephal", "parent_level": "taluka", "parent_name": "Latur"}}, {"type": "Feature", "geometry": {"type": "Polygon", "coordinates": [[[76.2908597, 18.4587929], [76.2936597, 18.4587929], [76.2936597, 18.4615929], [76.2908597, 18.4615929], [76.2908597, 18.4587929]]]}, "properties": {"level": "village", "name": "Khuntephal", "parent_level": "taluka", "parent_name": "Latur"}}, {"type": "Feature", "geometry": {"type": "Polygon", "coordinates": [[[76.3656719, 18.4479034], [76.3684719, 18.4479034], [76.3684719, 18.450703400000002], [76.3656719, 18.450703400000002], [76.3656719, 18.4479034]]]}, "properties": {"level": "village", "name": "Chincholi Bk", "parent_level": "taluka", "parent_name": "Latur"}}, {"type": "Feature", "geometry": {"type": "Polygon", "coordinates": [[[76.4163334, 18.4500813], [76.4191334, 18.4500813], [76.4191334, 18.4528813], [76.4163334, 18.4528813], [76.4163334, 18.4500813]]]}, "properties": {"level": "village", "name": "Manjari", "parent_level": "taluka", "parent_name": "Latur"}}, {"type": "Feature", "geometry": {"type": "Polygon", "coordinates": [[[76.4252491, 18.4480052], [76.42804910000001, 18.4480052], [76.42804910000001, 18.4508052], [76.4252491, 18.4508052], [76.4252491, 18.4480052]]]}, "properties": {"level": "village", "name": "Samangaon", "parent_level": "taluka", "parent_name": "Latur"}}, {"type": "Feature", "geometry": {"type": "Polygon", "coordinates": [[[76.45655579999999, 18.4360616], [76.4593558, 18.4360616], [76.4593558, 18.4388616], [76.45655579999999, 18.4388616], [76.45655579999999, 18.4360616]]]}, "properties": {"level": "village", "name": "Akherwai", "parent_level": "taluka", "parent_name": "Latur"}}, {"type": "Feature", "geometry": {"type": "Polygon", "coordinates": [[[76.4653106, 18.4413287], [76.4681106, 18.4413287], [76.4681106, 18.4441287], [76.4653106, 18.4441287], [76.4653106, 18.4413287]]]}, "properties": {"level": "village", "name": "Bhoisumdraga", "parent_level": "taluka", "parent_name": "Latur"}}, {"type": "Feature", "geometry": {"type": "Polygon", "coordinates": [[[76.61461299999999, 18.4371964], [76.617413, 18.4371964], [76.617413, 18.439996400000002], [76.61461299999999, 18.439996400000002], [76.61461299999999, 18.4371964]]]}, "properties": {"level": "village", "name": "Malwati", "parent_level": "taluka", "parent_name": "Latur"}}, {"type": "Feature", "geometry": {"type": "Polygon", "coordinates": [[[76.6081114, 18.4533635], [76.6109114, 18.4533635], [76.6109114, 18.4561635], [76.6081114, 18.4561635], [76.6081114, 18.4533635]]]}, "properties": {"level": "village", "name": "Khulgapur", "parent_level": "taluka", "parent_name": "Latur"}}, {"type": "Feature", "geometry": {"type": "Polygon", "coordinates": [[[76.6393216, 18.4247635], [76.64212160000001, 18.4247635], [76.64212160000001, 18.4275635], [76.6393216, 18.4275635], [76.6393216, 18.4247635]]]}, "properties": {"level": "village", "name": "Kolpa", "parent_level": "taluka", "parent_name": "Latur"}}, {"type": "Feature", "geometry": {"type": "Polygon", "coordinates": [[[76.6669376, 18.4294915], [76.6697376, 18.4294915], [76.6697376, 18.4322915], [76.6669376, 18.4322915], [76.6669376, 18.4294915]]]}, "properties": {"level": "village", "name": "Bhatkheda", "parent_level": "taluka", "parent_name": "Latur"}}, {"type": "Feature", "geometry": {"type": "Polygon", "coordinates": [[[76.7003472, 18.435517], [76.7031472, 18.435517], [76.7031472, 18.438317], [76.7003472, 18.438317], [76.7003472, 18.435517]]]}, "properties": {"level": "village", "name": "Mamdapur", "parent_level": "taluka", "parent_name": "Latur"}}, {"type": "Feature", "geometry": {"type": "Polygon", "coordinates": [[[76.7023803, 18.4573885], [76.70518030000001, 18.4573885], [76.70518030000001, 18.4601885], [76.7023803, 18.4601885], [76.7023803, 18.4573885]]]}, "properties": {"level": "village", "name": "Bhadi", "parent_level": "taluka", "parent_name": "Latur"}}, {"type": "Feature", "geometry": {"type": "Polygon", "coordinates": [[[76.68781589999999, 18.4839785], [76.6906159, 18.4839785], [76.6906159, 18.4867785], [76.68781589999999, 18.4867785], [76.68781589999999, 18.4839785]]]}, "properties": {"level": "village", "name": "Bamani", "parent_level": "taluka", "parent_name": "Latur"}}, {"type": "Feature", "geometry": {"type": "Polygon", "coordinates": [[[76.53400189999999, 18.4500203], [76.5368019, 18.4500203], [76.5368019, 18.4528203], [76.53400189999999, 18.4528203], [76.53400189999999, 18.4500203]]]}, "properties": {"level": "village", "name": "Raiwadi", "parent_level": "taluka", "parent_name": "Latur"}}, {"type": "Feature", "geometry": {"type": "Polygon", "coordinates": [[[76.48853849999999, 18.4667051], [76.4913385, 18.4667051], [76.4913385, 18.4695051], [76.48853849999999, 18.4695051], [76.48853849999999, 18.4667051]]]}, "properties": {"level": "village", "name": "Jewali", "parent_level": "taluka", "parent_name": "Latur"}}, {"type": "Feature", "geometry": {"type": "Polygon", "coordinates": [[[76.4675422, 18.4872346], [76.4703422, 18.4872346], [76.4703422, 18.4900346], [76.4675422, 18.4900346], [76.4675422, 18.4872346]]]}, "properties": {"level": "village", "name": "Takali B", "parent_level": "taluka", "parent_name": "Latur"}}, {"type": "Feature", "geometry": {"type": "Polygon", "coordinates": [[[76.3920648, 18.4939195], [76.39486480000001, 18.4939195], [76.39486480000001, 18.4967195], [76.3920648, 18.4967195], [76.3920648, 18.4939195]]]}, "properties": {"level": "village", "name": "Kasarjawala", "parent_level": "taluka", "parent_name": "Latur"}}, {"type": "Feature", "geometry": {"type": "Polygon", "coordinates": [[[76.3906164, 18.5007364], [76.3934164, 18.5007364], [76.3934164, 18.5035364], [76.3906164, 18.5035364], [76.3906164, 18.5007364]]]}, "properties": {"level": "village", "name": "Jawala Bk", "parent_level": "taluka", "parent_name": "Latur"}}, {"type": "Feature", "geometry": {"type": "Polygon", "coordinates": [[[76.3772161, 18.4802544], [76.3800161, 18.4802544], [76.3800161, 18.4830544], [76.3772161, 18.4830544], [76.3772161, 18.4802544]]]}, "properties": {"level": "village", "name": "Dhoki", "parent_level": "taluka", "parent_name": "Latur"}}, {"type": "Feature", "geometry": {"type": "Polygon", "coordinates": [[[76.3669271, 18.472520799999998], [76.3697271, 18.472520799999998], [76.3697271, 18.4753208], [76.3669271, 18.4753208], [76.3669271, 18.472520799999998]]]}, "properties": {"level": "village", "name": "Yelli", "parent_level": "taluka", "parent_name": "Latur"}}, {"type": "Feature", "geometry": {"type": "Polygon", "coordinates": [[[76.3444395, 18.4896868], [76.3472395, 18.4896868], [76.3472395, 18.492486800000002], [76.3444395, 18.492486800000002], [76.3444395, 18.4896868]]]}, "properties": {"level": "village", "name": "Pimpri Amba", "parent_level": "taluka", "parent_name": "Latur"}}, {"type": "Feature", "geometry": {"type": "Polygon", "coordinates": [[[76.27339309999999, 18.4821979], [76.2761931, 18.4821979], [76.2761931, 18.4849979], [76.27339309999999, 18.4849979], [76.27339309999999, 18.4821979]]]}, "properties": {"level": "village", "name": "Wadiwagholi", "parent_level": "taluka", "parent_name": "Latur"}}, {"type": "Feature", "geometry": {"type": "Polygon", "coordinates": [[[76.2694664, 18.5078176], [76.2722664, 18.5078176], [76.2722664, 18.5106176], [76.2694664, 18.5106176], [76.2694664, 18.5078176]]]}, "properties": {"level": "village", "name": "Bhosa", "parent_level": "taluka", "parent_name": "Latur"}}, {"type": "Feature", "geometry": {"type": "Polygon", "coordinates": [[[76.2789399, 18.5122024], [76.2817399, 18.5122024], [76.2817399, 18.5150024], [76.2789399, 18.5150024], [76.2789399, 18.5122024]]]}, "properties": {"level": "village", "name": "Pimpalgaon Amba", "parent_level": "taluka", "parent_name": "Latur"}}, {"type": "Feature", "geometry": {"type": "Polygon", "coordinates": [[[76.283312, 18.5155088], [76.286112, 18.5155088], [76.286112, 18.5183088], [76.283312, 18.5183088], [76.283312, 18.5155088]]]}, "properties": {"level": "village", "name": "Nikant", "parent_level": "taluka", "parent_name": "Latur"}}, {"type": "Feature", "geometry": {"type": "Polygon", "coordinates": [[[76.2951834, 18.5066247], [76.2979834, 18.5066247], [76.2979834, 18.5094247], [76.2951834, 18.5094247], [76.2951834, 18.5066247]]]}, "properties": {"level": "village", "name": "Masla", "parent_level": "taluka", "parent_name": "Latur"}}, {"type": "Feature", "geometry": {"type": "Polygon", "coordinates": [[[76.33113569999999, 18.5152545], [76.3339357, 18.5152545], [76.3339357, 18.5180545], [76.33113569999999, 18.5180545], [76.33113569999999, 18.5152545]]]}, "properties": {"level": "village", "name": "Gadwad", "parent_level": "taluka", "parent_name": "Latur"}}, {"type": "Feature", "geometry": {"type": "Polygon", "coordinates": [[[76.35602659999999, 18.5125178], [76.3588266, 18.5125178], [76.3588266, 18.515317800000002], [76.35602659999999, 18.515317800000002], [76.35602659999999, 18.5125178]]]}, "properties": {"level": "village", "name": "Wanjerkheda L.T.", "parent_level": "taluka", "parent_name": "Latur"}}, {"type": "Feature", "geometry": {"type": "Polygon", "coordinates": [[[76.4203031, 18.5163329], [76.4231031, 18.5163329], [76.4231031, 18.5191329], [76.4203031, 18.5191329], [76.4203031, 18.5163329]]]}, "properties": {"level": "village", "name": "Rameshwar", "parent_level": "taluka", "parent_name": "Latur"}}, {"type": "Feature", "geometry": {"type": "Polygon", "coordinates": [[[76.35963149999999, 18.5338708], [76.3624315, 18.5338708], [76.3624315, 18.5366708], [76.35963149999999, 18.5366708], [76.35963149999999, 18.5338708]]]}, "properties": {"level": "village", "name": "Wanjarkheda", "parent_level": "taluka", "parent_name": "Latur"}}, {"type": "Feature", "geometry": {"type": "Polygon", "coordinates": [[[76.32687639999999, 18.5598591], [76.3296764, 18.5598591], [76.3296764, 18.5626591], [76.32687639999999, 18.5626591], [76.32687639999999, 18.5598591]]]}, "properties": {"level": "village", "name": "Sarsa", "parent_level": "taluka", "parent_name": "Latur"}}, {"type": "Feature", "geometry": {"type": "Polygon", "coordinates": [[[76.5986271, 18.222876499999998], [76.60142710000001, 18.222876499999998], [76.60142710000001, 18.2256765], [76.5986271, 18.2256765], [76.5986271, 18.222876499999998]]]}, "properties": {"level": "village", "name": "Jainagar", "parent_level": "taluka", "parent_name": "Ausa"}}, {"type": "Feature", "geometry": {"type": "Polygon", "coordinates": [[[76.6714973, 18.2529975], [76.6742973, 18.2529975], [76.6742973, 18.2557975], [76.6714973, 18.2557975], [76.6714973, 18.2529975]]]}, "properties": {"level": "village", "name": "Devongra", "parent_level": "taluka", "parent_name": "Ausa"}}, {"type": "Feature", "geometry": {"type": "Polygon", "coordinates": [[[76.6425617, 18.2512042], [76.64536170000001, 18.2512042], [76.64536170000001, 18.2540042], [76.6425617, 18.2540042], [76.6425617, 18.2512042]]]}, "properties": {"level": "village", "name": "Bhangewadi", "parent_level": "taluka", "parent_name": "Ausa"}}, {"type": "Feature", "geometry": {"type": "Polygon", "coordinates": [[[76.61246729999999, 18.2738427], [76.6152673, 18.2738427], [76.6152673, 18.2766427], [76.61246729999999, 18.2766427], [76.61246729999999, 18.2738427]]]}, "properties": {"level": "village", "name": "Hasegaonwadi", "parent_level": "taluka", "parent_name": "Ausa"}}, {"type": "Feature", "geometry": {"type": "Polygon", "coordinates": [[[76.5802593, 18.2942169], [76.5830593, 18.2942169], [76.5830593, 18.2970169], [76.5802593, 18.2970169], [76.5802593, 18.2942169]]]}, "properties": {"level": "village", "name": "Khuntegaon", "parent_level": "taluka", "parent_name": "Ausa"}}, {"type": "Feature", "geometry": {"type": "Polygon", "coordinates": [[[76.5523858, 18.2805257], [76.5551858, 18.2805257], [76.5551858, 18.2833257], [76.5523858, 18.2833257], [76.5523858, 18.2805257]]]}, "properties": {"level": "village", "name": "Selu", "parent_level": "taluka", "parent_name": "Ausa"}}, {"type": "Feature", "geometry": {"type": "Polygon", "coordinates": [[[76.5876086, 18.2583873], [76.5904086, 18.2583873], [76.5904086, 18.2611873], [76.5876086, 18.2611873], [76.5876086, 18.2583873]]]}, "properties": {"level": "village", "name": "Sarola", "parent_level": "taluka", "parent_name": "Ausa"}}, {"type": "Feature", "geometry": {"type": "Polygon", "coordinates": [[[76.5792937, 18.25637], [76.5820937, 18.25637], [76.5820937, 18.25917], [76.5792937, 18.25917], [76.5792937, 18.25637]]]}, "properties": {"level": "village", "name": "Yerandi", "parent_level": "taluka", "parent_name": "Ausa"}}, {"type": "Feature", "geometry": {"type": "Polygon", "coordinates": [[[76.55373759999999, 18.2327408], [76.5565376, 18.2327408], [76.5565376, 18.2355408], [76.55373759999999, 18.2355408], [76.55373759999999, 18.2327408]]]}, "properties": {"level": "village", "name": "Yakatpur", "parent_level": "taluka", "parent_name": "Ausa"}}, {"type": "Feature", "geometry": {"type": "Polygon", "coordinates": [[[76.54082009999999, 18.2148257], [76.5436201, 18.2148257], [76.5436201, 18.2176257], [76.54082009999999, 18.2176257], [76.54082009999999, 18.2148257]]]}, "properties": {"level": "village", "name": "Karajgaon", "parent_level": "taluka", "parent_name": "Ausa"}}, {"type": "Feature", "geometry": {"type": "Polygon", "coordinates": [[[76.5248234, 18.2040737], [76.52762340000001, 18.2040737], [76.52762340000001, 18.2068737], [76.5248234, 18.2068737], [76.5248234, 18.2040737]]]}, "properties": {"level": "village", "name": "Fattepur", "parent_level": "taluka", "parent_name": "Ausa"}}, {"type": "Feature", "geometry": {"type": "Polygon", "coordinates": [[[76.46563239999999, 18.2116562], [76.4684324, 18.2116562], [76.4684324, 18.2144562], [76.46563239999999, 18.2144562], [76.46563239999999, 18.2116562]]]}, "properties": {"level": "village", "name": "Borphal", "parent_level": "taluka", "parent_name": "Ausa"}}, {"type": "Feature", "geometry": {"type": "Polygon", "coordinates": [[[76.4575, 18.2335356], [76.4603, 18.2335356], [76.4603, 18.2363356], [76.4575, 18.2363356], [76.4575, 18.2335356]]]}, "properties": {"level": "village", "name": "Khanapur LT", "parent_level": "taluka", "parent_name": "Ausa"}}, {"type": "Feature", "geometry": {"type": "Polygon", "coordinates": [[[76.4275451, 18.2224688], [76.43034510000001, 18.2224688], [76.43034510000001, 18.225268800000002], [76.4275451, 18.225268800000002], [76.4275451, 18.2224688]]]}, "properties": {"level": "village", "name": "Tembhi", "parent_level": "taluka", "parent_name": "Ausa"}}, {"type": "Feature", "geometry": {"type": "Polygon", "coordinates": [[[76.3981695, 18.2242216], [76.4009695, 18.2242216], [76.4009695, 18.2270216], [76.3981695, 18.2270216], [76.3981695, 18.2242216]]]}, "properties": {"level": "village", "name": "Yelloriwadi", "parent_level": "taluka", "parent_name": "Ausa"}}, {"type": "Feature", "geometry": {"type": "Polygon", "coordinates": [[[76.3712187, 18.2222854], [76.37401870000001, 18.2222854], [76.37401870000001, 18.2250854], [76.3712187, 18.2250854], [76.3712187, 18.2222854]]]}, "properties": {"level": "village", "name": "Warwada", "parent_level": "taluka", "parent_name": "Ausa"}}, {"type": "Feature", "geometry": {"type": "Polygon", "coordinates": [[[76.2992282, 18.2469452], [76.30202820000001, 18.2469452], [76.30202820000001, 18.2497452], [76.2992282, 18.2497452], [76.2992282, 18.2469452]]]}, "properties": {"level": "village", "name": "Jaiphal", "parent_level": "taluka", "parent_name": "Ausa"}}, {"type": "Feature", "geometry": {"type": "Polygon", "coordinates": [[[76.4168377, 18.2388445], [76.41963770000001, 18.2388445], [76.41963770000001, 18.2416445], [76.4168377, 18.2416445], [76.4168377, 18.2388445]]]}, "properties": {"level": "village", "name": "Korangla", "parent_level": "taluka", "parent_name": "Ausa"}}, {"type": "Feature", "geometry": {"type": "Polygon", "coordinates": [[[76.4339394, 18.2490441], [76.43673940000001, 18.2490441], [76.43673940000001, 18.2518441], [76.4339394, 18.2518441], [76.4339394, 18.2490441]]]}, "properties": {"level": "village", "name": "Samderga", "parent_level": "taluka", "parent_name": "Ausa"}}, {"type": "Feature", "geometry": {"type": "Polygon", "coordinates": [[[76.4589269, 18.2759108], [76.4617269, 18.2759108], [76.4617269, 18.2787108], [76.4589269, 18.2787108], [76.4589269, 18.2759108]]]}, "properties": {"level": "village", "name": "Sattarwadi", "parent_level": "taluka", "parent_name": "Ausa"}}, {"type": "Feature", "geometry": {"type": "Polygon", "coordinates": [[[76.4139838, 18.2645208], [76.4167838, 18.2645208], [76.4167838, 18.2673208], [76.4139838, 18.2673208], [76.4139838, 18.2645208]]]}, "properties": {"level": "village", "name": "Barhanpur", "parent_level": "taluka", "parent_name": "Ausa"}}, {"type": "Feature", "geometry": {"type": "Polygon", "coordinates": [[[76.350158, 18.2752588], [76.352958, 18.2752588], [76.352958, 18.2780588], [76.350158, 18.2780588], [76.350158, 18.2752588]]]}, "properties": {"level": "village", "name": "Wadji", "parent_level": "taluka", "parent_name": "Ausa"}}, {"type": "Feature", "geometry": {"type": "Polygon", "coordinates": [[[76.3341183, 18.276185899999998], [76.33691830000001, 18.276185899999998], [76.33691830000001, 18.2789859], [76.3341183, 18.2789859], [76.3341183, 18.276185899999998]]]}, "properties": {"level": "village", "name": "Andhora", "parent_level": "taluka", "parent_name": "Ausa"}}, {"type": "Feature", "geometry": {"type": "Polygon", "coordinates": [[[76.3568313, 18.299636], [76.3596313, 18.299636], [76.3596313, 18.302436], [76.3568313, 18.302436], [76.3568313, 18.299636]]]}, "properties": {"level": "village", "name": "Borgaon", "parent_level": "taluka", "parent_name": "Ausa"}}, {"type": "Feature", "geometry": {"type": "Polygon", "coordinates": [[[76.39549799999999, 18.2994119], [76.398298, 18.2994119], [76.398298, 18.3022119], [76.39549799999999, 18.3022119], [76.39549799999999, 18.2994119]]]}, "properties": {"level": "village", "name": "Kalmatha", "parent_level": "taluka", "parent_name": "Ausa"}}, {"type": "Feature", "geometry": {"type": "Polygon", "coordinates": [[[76.4307852, 18.2924139], [76.43358520000001, 18.2924139], [76.43358520000001, 18.2952139], [76.4307852, 18.2952139], [76.4307852, 18.2924139]]]}, "properties": {"level": "village", "name": "Uti Bk", "parent_level": "taluka", "parent_name": "Ausa"}}, {"type": "Feature", "geometry": {"type": "Polygon", "coordinates": [[[76.5065844, 18.2869334], [76.5093844, 18.2869334], [76.5093844, 18.2897334], [76.5065844, 18.2897334], [76.5065844, 18.2869334]]]}, "properties": {"level": "village", "name": "Umadga Kh", "parent_level": "taluka", "parent_name": "Ausa"}}, {"type": "Feature", "geometry": {"type": "Polygon", "coordinates": [[[76.4820368, 18.3048004], [76.48483680000001, 18.3048004], [76.48483680000001, 18.307600400000002], [76.4820368, 18.307600400000002], [76.4820368, 18.3048004]]]}, "properties": {"level": "village", "name": "Almala", "parent_level": "taluka", "parent_name": "Ausa"}}, {"type": "Feature", "geometry": {"type": "Polygon", "coordinates": [[[76.508301, 18.2995342], [76.51110100000001, 18.2995342], [76.51110100000001, 18.3023342], [76.508301, 18.3023342], [76.508301, 18.2995342]]]}, "properties": {"level": "village", "name": "Umbadaga Bk", "parent_level": "taluka", "parent_name": "Ausa"}}, {"type": "Feature", "geometry": {"type": "Polygon", "coordinates": [[[76.53521959999999, 18.3028956], [76.5380196, 18.3028956], [76.5380196, 18.3056956], [76.53521959999999, 18.3056956], [76.53521959999999, 18.3028956]]]}, "properties": {"level": "village", "name": "Budhada", "parent_level": "taluka", "parent_name": "Ausa"}}, {"type": "Feature", "geometry": {"type": "Polygon", "coordinates": [[[76.5578146, 18.3224159], [76.56061460000001, 18.3224159], [76.56061460000001, 18.3252159], [76.5578146, 18.3252159], [76.5578146, 18.3224159]]]}, "properties": {"level": "village", "name": "Hasala", "parent_level": "taluka", "parent_name": "Ausa"}}, {"type": "Feature", "geometry": {"type": "Polygon", "coordinates": [[[76.5715716, 18.3224235], [76.5743716, 18.3224235], [76.5743716, 18.3252235], [76.5715716, 18.3252235], [76.5715716, 18.3224235]]]}, "properties": {"level": "village", "name": "Shindala Jahagir", "parent_level": "taluka", "parent_name": "Ausa"}}, {"type": "Feature", "geometry": {"type": "Polygon", "coordinates": [[[76.5809245, 18.3223497], [76.5837245, 18.3223497], [76.5837245, 18.3251497], [76.5809245, 18.3251497], [76.5809245, 18.3223497]]]}, "properties": {"level": "village", "name": "Jamalpur", "parent_level": "taluka", "parent_name": "Ausa"}}, {"type": "Feature", "geometry": {"type": "Polygon", "coordinates": [[[76.644053, 18.3131831], [76.64685300000001, 18.3131831], [76.64685300000001, 18.3159831], [76.644053, 18.3159831], [76.644053, 18.3131831]]]}, "properties": {"level": "village", "name": "Gondri", "parent_level": "taluka", "parent_name": "Ausa"}}, {"type": "Feature", "geometry": {"type": "Polygon", "coordinates": [[[76.6754026, 18.3102599], [76.6782026, 18.3102599], [76.6782026, 18.3130599], [76.6754026, 18.3130599], [76.6754026, 18.3102599]]]}, "properties": {"level": "village", "name": "Lodga", "parent_level": "taluka", "parent_name": "Ausa"}}, {"type": "Feature", "geometry": {"type": "Polygon", "coordinates": [[[76.6948218, 18.3102039], [76.69762180000001, 18.3102039], [76.69762180000001, 18.313003900000002], [76.6948218, 18.313003900000002], [76.6948218, 18.3102039]]]}, "properties": {"level": "village", "name": "Holi", "parent_level": "taluka", "parent_name": "Ausa"}}, {"type": "Feature", "geometry": {"type": "Polygon", "coordinates": [[[76.6492457, 18.3435532], [76.6520457, 18.3435532], [76.6520457, 18.3463532], [76.6492457, 18.3463532], [76.6492457, 18.3435532]]]}, "properties": {"level": "village", "name": "Bhusni", "parent_level": "taluka", "parent_name": "Ausa"}}, {"type": "Feature", "geometry": {"type": "Polygon", "coordinates": [[[76.6660364, 18.345421899999998], [76.6688364, 18.345421899999998], [76.6688364, 18.3482219], [76.6660364, 18.3482219], [76.6660364, 18.345421899999998]]]}, "properties": {"level": "village", "name": "Shivani Bk", "parent_level": "taluka", "parent_name": "Ausa"}}, {"type": "Feature", "geometry": {"type": "Polygon", "coordinates": [[[76.5603895, 18.0549146], [76.56318950000001, 18.0549146], [76.56318950000001, 18.0577146], [76.5603895, 18.0577146], [76.5603895, 18.0549146]]]}, "properties": {"level": "village", "name": "Killari-2", "parent_level": "taluka", "parent_name": "Ausa"}}, {"type": "Feature", "geometry": {"type": "Polygon", "coordinates": [[[76.5910203, 18.0562202], [76.5938203, 18.0562202], [76.5938203, 18.0590202], [76.5910203, 18.0590202], [76.5910203, 18.0562202]]]}, "properties": {"level": "village", "name": "Killari Pati", "parent_level": "taluka", "parent_name": "Ausa"}}, {"type": "Feature", "geometry": {"type": "Polygon", "coordinates": [[[76.6091199, 18.0524868], [76.6119199, 18.0524868], [76.6119199, 18.0552868], [76.6091199, 18.0552868], [76.6091199, 18.0524868]]]}, "properties": {"level": "village", "name": "Nadi Hattarga", "parent_level": "taluka", "parent_name": "Ausa"}}, {"type": "Feature", "geometry": {"type": "Polygon", "coordinates": [[[76.59034439999999, 18.0890012], [76.5931444, 18.0890012], [76.5931444, 18.0918012], [76.59034439999999, 18.0918012], [76.59034439999999, 18.0890012]]]}, "properties": {"level": "village", "name": "Sirsal", "parent_level": "taluka", "parent_name": "Ausa"}}, {"type": "Feature", "geometry": {"type": "Polygon", "coordinates": [[[76.69737529999999, 18.1364381], [76.7001753, 18.1364381], [76.7001753, 18.1392381], [76.69737529999999, 18.1392381], [76.69737529999999, 18.1364381]]]}, "properties": {"level": "village", "name": "Anandwadi", "parent_level": "taluka", "parent_name": "Ausa"}}, {"type": "Feature", "geometry": {"type": "Polygon", "coordinates": [[[76.6743619, 18.1268641], [76.6771619, 18.1268641], [76.6771619, 18.1296641], [76.6743619, 18.1296641], [76.6743619, 18.1268641]]]}, "properties": {"level": "village", "name": "Shivnilakh L T", "parent_level": "taluka", "parent_name": "Ausa"}}, {"type": "Feature", "geometry": {"type": "Polygon", "coordinates": [[[76.6661329, 18.120267], [76.6689329, 18.120267], [76.6689329, 18.123067], [76.6661329, 18.123067], [76.6661329, 18.120267]]]}, "properties": {"level": "village", "name": "Shivni Lakh", "parent_level": "taluka", "parent_name": "Ausa"}}, {"type": "Feature", "geometry": {"type": "Polygon", "coordinates": [[[76.6239257, 18.1206748], [76.62672570000001, 18.1206748], [76.62672570000001, 18.1234748], [76.6239257, 18.1234748], [76.6239257, 18.1206748]]]}, "properties": {"level": "village", "name": "Mogarga", "parent_level": "taluka", "parent_name": "Ausa"}}, {"type": "Feature", "geometry": {"type": "Polygon", "coordinates": [[[76.6172952, 18.1450839], [76.62009520000001, 18.1450839], [76.62009520000001, 18.1478839], [76.6172952, 18.1478839], [76.6172952, 18.1450839]]]}, "properties": {"level": "village", "name": "Tamberwadi", "parent_level": "taluka", "parent_name": "Ausa"}}, {"type": "Feature", "geometry": {"type": "Polygon", "coordinates": [[[76.61130849999999, 18.1464297], [76.6141085, 18.1464297], [76.6141085, 18.1492297], [76.61130849999999, 18.1492297], [76.61130849999999, 18.1464297]]]}, "properties": {"level": "village", "name": "Rajewadi", "parent_level": "taluka", "parent_name": "Ausa"}}, {"type": "Feature", "geometry": {"type": "Polygon", "coordinates": [[[76.5967817, 18.164657599999998], [76.5995817, 18.164657599999998], [76.5995817, 18.1674576], [76.5967817, 18.1674576], [76.5967817, 18.164657599999998]]]}, "properties": {"level": "village", "name": "Jawali", "parent_level": "taluka", "parent_name": "Ausa"}}, {"type": "Feature", "geometry": {"type": "Polygon", "coordinates": [[[76.5169377, 18.1425045], [76.51973770000001, 18.1425045], [76.51973770000001, 18.1453045], [76.5169377, 18.1453045], [76.5169377, 18.1425045]]]}, "properties": {"level": "village", "name": "Ghawewadi Tanda", "parent_level": "taluka", "parent_name": "Ausa"}}, {"type": "Feature", "geometry": {"type": "Polygon", "coordinates": [[[76.5247054, 18.145818], [76.52750540000001, 18.145818], [76.52750540000001, 18.148618], [76.5247054, 18.148618], [76.5247054, 18.145818]]]}, "properties": {"level": "village", "name": "Gadhvewadi", "parent_level": "taluka", "parent_name": "Ausa"}}, {"type": "Feature", "geometry": {"type": "Polygon", "coordinates": [[[76.56420899999999, 18.1503547], [76.567009, 18.1503547], [76.567009, 18.1531547], [76.56420899999999, 18.1531547], [76.56420899999999, 18.1503547]]]}, "properties": {"level": "village", "name": "Utka-1", "parent_level": "taluka", "parent_name": "Ausa"}}, {"type": "Feature", "geometry": {"type": "Polygon", "coordinates": [[[76.5617735, 18.1652285], [76.56457350000001, 18.1652285], [76.56457350000001, 18.168028500000002], [76.5617735, 18.168028500000002], [76.5617735, 18.1652285]]]}, "properties": {"level": "village", "name": "Utka", "parent_level": "taluka", "parent_name": "Ausa"}}, {"type": "Feature", "geometry": {"type": "Polygon", "coordinates": [[[76.5804417, 18.1867366], [76.5832417, 18.1867366], [76.5832417, 18.1895366], [76.5804417, 18.1895366], [76.5804417, 18.1867366]]]}, "properties": {"level": "village", "name": "Chalburga", "parent_level": "taluka", "parent_name": "Ausa"}}, {"type": "Feature", "geometry": {"type": "Polygon", "coordinates": [[[76.5722878, 18.2036864], [76.5750878, 18.2036864], [76.5750878, 18.2064864], [76.5722878, 18.2064864], [76.5722878, 18.2036864]]]}, "properties": {"level": "village", "name": "Wagholi", "parent_level": "taluka", "parent_name": "Ausa"}}, {"type": "Feature", "geometry": {"type": "Polygon", "coordinates": [[[76.5017457, 18.1800092], [76.50454570000001, 18.1800092], [76.50454570000001, 18.1828092], [76.5017457, 18.1828092], [76.5017457, 18.1800092]]]}, "properties": {"level": "village", "name": "Nagarsoga", "parent_level": "taluka", "parent_name": "Ausa"}}, {"type": "Feature", "geometry": {"type": "Polygon", "coordinates": [[[76.4971752, 18.1500693], [76.49997520000001, 18.1500693], [76.49997520000001, 18.1528693], [76.4971752, 18.1528693], [76.4971752, 18.1500693]]]}, "properties": {"level": "village", "name": "Dapegaon", "parent_level": "taluka", "parent_name": "Ausa"}}, {"type": "Feature", "geometry": {"type": "Polygon", "coordinates": [[[76.4916391, 18.097057799999998], [76.49443910000001, 18.097057799999998], [76.49443910000001, 18.0998578], [76.4916391, 18.0998578], [76.4916391, 18.097057799999998]]]}, "properties": {"level": "village", "name": "Haregaon", "parent_level": "taluka", "parent_name": "Ausa"}}, {"type": "Feature", "geometry": {"type": "Polygon", "coordinates": [[[76.4974541, 18.092489], [76.5002541, 18.092489], [76.5002541, 18.095289], [76.4974541, 18.095289], [76.4974541, 18.092489]]]}, "properties": {"level": "village", "name": "Limbali Dau", "parent_level": "taluka", "parent_name": "Ausa"}}, {"type": "Feature", "geometry": {"type": "Polygon", "coordinates": [[[76.5030117, 18.0522012], [76.50581170000001, 18.0522012], [76.50581170000001, 18.0550012], [76.5030117, 18.0550012], [76.5030117, 18.0522012]]]}, "properties": {"level": "village", "name": "Mangrul", "parent_level": "taluka", "parent_name": "Ausa"}}, {"type": "Feature", "geometry": {"type": "Polygon", "coordinates": [[[76.5115089, 18.0500795], [76.5143089, 18.0500795], [76.5143089, 18.0528795], [76.5115089, 18.0528795], [76.5115089, 18.0500795]]]}, "properties": {"level": "village", "name": "Ganjankheda", "parent_level": "taluka", "parent_name": "Ausa"}}, {"type": "Feature", "geometry": {"type": "Polygon", "coordinates": [[[76.4689369, 18.0674709], [76.47173690000001, 18.0674709], [76.47173690000001, 18.0702709], [76.4689369, 18.0702709], [76.4689369, 18.0674709]]]}, "properties": {"level": "village", "name": "Nandurga Part 1", "parent_level": "taluka", "parent_name": "Ausa"}}, {"type": "Feature", "geometry": {"type": "Polygon", "coordinates": [[[76.4770264, 18.0589743], [76.47982640000001, 18.0589743], [76.47982640000001, 18.0617743], [76.4770264, 18.0617743], [76.4770264, 18.0589743]]]}, "properties": {"level": "village", "name": "Nandurga", "parent_level": "taluka", "parent_name": "Ausa"}}, {"type": "Feature", "geometry": {"type": "Polygon", "coordinates": [[[76.4508803, 18.0628197], [76.4536803, 18.0628197], [76.4536803, 18.0656197], [76.4508803, 18.0656197], [76.4508803, 18.0628197]]]}, "properties": {"level": "village", "name": "Sarni", "parent_level": "taluka", "parent_name": "Ausa"}}, {"type": "Feature", "geometry": {"type": "Polygon", "coordinates": [[[76.4456768, 18.0411536], [76.44847680000001, 18.0411536], [76.44847680000001, 18.043953600000002], [76.4456768, 18.043953600000002], [76.4456768, 18.0411536]]]}, "properties": {"level": "village", "name": "Sarni Old", "parent_level": "taluka", "parent_name": "Ausa"}}, {"type": "Feature", "geometry": {"type": "Polygon", "coordinates": [[[76.42160129999999, 18.0599535], [76.4244013, 18.0599535], [76.4244013, 18.0627535], [76.42160129999999, 18.0627535], [76.42160129999999, 18.0599535]]]}, "properties": {"level": "village", "name": "Lohata", "parent_level": "taluka", "parent_name": "Ausa"}}, {"type": "Feature", "geometry": {"type": "Polygon", "coordinates": [[[76.4534552, 18.0834837], [76.4562552, 18.0834837], [76.4562552, 18.0862837], [76.4534552, 18.0862837], [76.4534552, 18.0834837]]]}, "properties": {"level": "village", "name": "Hasalgan", "parent_level": "taluka", "parent_name": "Ausa"}}, {"type": "Feature", "geometry": {"type": "Polygon", "coordinates": [[[76.43235159999999, 18.0996481], [76.4351516, 18.0996481], [76.4351516, 18.1024481], [76.43235159999999, 18.1024481], [76.43235159999999, 18.0996481]]]}, "properties": {"level": "village", "name": "Devtala", "parent_level": "taluka", "parent_name": "Ausa"}}, {"type": "Feature", "geometry": {"type": "Polygon", "coordinates": [[[76.446063, 18.1154337], [76.448863, 18.1154337], [76.448863, 18.1182337], [76.446063, 18.1182337], [76.446063, 18.1154337]]]}, "properties": {"level": "village", "name": "Malkondgi", "parent_level": "taluka", "parent_name": "Ausa"}}, {"type": "Feature", "geometry": {"type": "Polygon", "coordinates": [[[76.4156897, 18.1116098], [76.41848970000001, 18.1116098], [76.41848970000001, 18.1144098], [76.4156897, 18.1144098], [76.4156897, 18.1116098]]]}, "properties": {"level": "village", "name": "Kawali", "parent_level": "taluka", "parent_name": "Ausa"}}, {"type": "Feature", "geometry": {"type": "Polygon", "coordinates": [[[76.4135976, 18.1361323], [76.41639760000001, 18.1361323], [76.41639760000001, 18.1389323], [76.4135976, 18.1389323], [76.4135976, 18.1361323]]]}, "properties": {"level": "village", "name": "Hipperarga", "parent_level": "taluka", "parent_name": "Ausa"}}, {"type": "Feature", "geometry": {"type": "Polygon", "coordinates": [[[76.42964789999999, 18.1403838], [76.4324479, 18.1403838], [76.4324479, 18.1431838], [76.42964789999999, 18.1431838], [76.42964789999999, 18.1403838]]]}, "properties": {"level": "village", "name": "Malumbra", "parent_level": "taluka", "parent_name": "Ausa"}}, {"type": "Feature", "geometry": {"type": "Polygon", "coordinates": [[[76.4635725, 18.1623334], [76.4663725, 18.1623334], [76.4663725, 18.165133400000002], [76.4635725, 18.165133400000002], [76.4635725, 18.1623334]]]}, "properties": {"level": "village", "name": "Tungi Bk", "parent_level": "taluka", "parent_name": "Ausa"}}, {"type": "Feature", "geometry": {"type": "Polygon", "coordinates": [[[76.466244, 18.1884388], [76.46904400000001, 18.1884388], [76.46904400000001, 18.1912388], [76.466244, 18.1912388], [76.466244, 18.1884388]]]}, "properties": {"level": "village", "name": "Wanwada", "parent_level": "taluka", "parent_name": "Ausa"}}, {"type": "Feature", "geometry": {"type": "Polygon", "coordinates": [[[76.42644, 18.1668085], [76.42924000000001, 18.1668085], [76.42924000000001, 18.1696085], [76.42644, 18.1696085], [76.42644, 18.1668085]]]}, "properties": {"level": "village", "name": "Chincholi Son", "parent_level": "taluka", "parent_name": "Ausa"}}, {"type": "Feature", "geometry": {"type": "Polygon", "coordinates": [[[76.4241547, 18.1901817], [76.42695470000001, 18.1901817], [76.42695470000001, 18.1929817], [76.4241547, 18.1929817], [76.4241547, 18.1901817]]]}, "properties": {"level": "village", "name": "Shindala Lohara", "parent_level": "taluka", "parent_name": "Ausa"}}, {"type": "Feature", "geometry": {"type": "Polygon", "coordinates": [[[76.42381139999999, 18.2018824], [76.4266114, 18.2018824], [76.4266114, 18.2046824], [76.42381139999999, 18.2046824], [76.42381139999999, 18.2018824]]]}, "properties": {"level": "village", "name": "Sindelwadi", "parent_level": "taluka", "parent_name": "Ausa"}}, {"type": "Feature", "geometry": {"type": "Polygon", "coordinates": [[[76.3897152, 18.203187], [76.3925152, 18.203187], [76.3925152, 18.205987], [76.3897152, 18.205987], [76.3897152, 18.203187]]]}, "properties": {"level": "village", "name": "Yellori", "parent_level": "taluka", "parent_name": "Ausa"}}, {"type": "Feature", "geometry": {"type": "Polygon", "coordinates": [[[76.3728816, 18.1911806], [76.37568160000001, 18.1911806], [76.37568160000001, 18.1939806], [76.3728816, 18.1939806], [76.3728816, 18.1911806]]]}, "properties": {"level": "village", "name": "Gulkheda", "parent_level": "taluka", "parent_name": "Ausa"}}, {"type": "Feature", "geometry": {"type": "Polygon", "coordinates": [[[76.3979978, 18.161946], [76.4007978, 18.161946], [76.4007978, 18.164746], [76.3979978, 18.164746], [76.3979978, 18.161946]]]}, "properties": {"level": "village", "name": "Belkund", "parent_level": "taluka", "parent_name": "Ausa"}}, {"type": "Feature", "geometry": {"type": "Polygon", "coordinates": [[[76.3773555, 18.1468579], [76.3801555, 18.1468579], [76.3801555, 18.1496579], [76.3773555, 18.1496579], [76.3773555, 18.1468579]]]}, "properties": {"level": "village", "name": "Tavshitad", "parent_level": "taluka", "parent_name": "Ausa"}}, {"type": "Feature", "geometry": {"type": "Polygon", "coordinates": [[[76.3652749, 18.1343582], [76.36807490000001, 18.1343582], [76.36807490000001, 18.137158200000002], [76.3652749, 18.137158200000002], [76.3652749, 18.1343582]]]}, "properties": {"level": "village", "name": "Chincholi Pati", "parent_level": "taluka", "parent_name": "Ausa"}}, {"type": "Feature", "geometry": {"type": "Polygon", "coordinates": [[[76.36581129999999, 18.1215925], [76.3686113, 18.1215925], [76.3686113, 18.1243925], [76.36581129999999, 18.1243925], [76.36581129999999, 18.1215925]]]}, "properties": {"level": "village", "name": "Wangi", "parent_level": "taluka", "parent_name": "Ausa"}}, {"type": "Feature", "geometry": {"type": "Polygon", "coordinates": [[[76.3377661, 18.1350107], [76.3405661, 18.1350107], [76.3405661, 18.1378107], [76.3377661, 18.1378107], [76.3377661, 18.1350107]]]}, "properties": {"level": "village", "name": "Chincholi Kajle", "parent_level": "taluka", "parent_name": "Ausa"}}, {"type": "Feature", "geometry": {"type": "Polygon", "coordinates": [[[76.34995409999999, 18.1108858], [76.3527541, 18.1108858], [76.3527541, 18.1136858], [76.34995409999999, 18.1136858], [76.34995409999999, 18.1108858]]]}, "properties": {"level": "village", "name": "Ashiv", "parent_level": "taluka", "parent_name": "Ausa"}}, {"type": "Feature", "geometry": {"type": "Polygon", "coordinates": [[[76.3106651, 18.1078266], [76.3134651, 18.1078266], [76.3134651, 18.1106266], [76.3106651, 18.1106266], [76.3106651, 18.1078266]]]}, "properties": {"level": "village", "name": "Radha Nagar", "parent_level": "taluka", "parent_name": "Ausa"}}, {"type": "Feature", "geometry": {"type": "Polygon", "coordinates": [[[76.304099, 18.1173303], [76.306899, 18.1173303], [76.306899, 18.1201303], [76.304099, 18.1201303], [76.304099, 18.1173303]]]}, "properties": {"level": "village", "name": "Ujani", "parent_level": "taluka", "parent_name": "Ausa"}}, {"type": "Feature", "geometry": {"type": "Polygon", "coordinates": [[[76.2932629, 18.1578275], [76.29606290000001, 18.1578275], [76.29606290000001, 18.1606275], [76.2932629, 18.1606275], [76.2932629, 18.1578275]]]}, "properties": {"level": "village", "name": "Ekambi", "parent_level": "taluka", "parent_name": "Ausa"}}, {"type": "Feature", "geometry": {"type": "Polygon", "coordinates": [[[76.3096781, 18.1549526], [76.3124781, 18.1549526], [76.3124781, 18.157752600000002], [76.3096781, 18.157752600000002], [76.3096781, 18.1549526]]]}, "properties": {"level": "village", "name": "Ekambi Laman Tanda", "parent_level": "taluka", "parent_name": "Ausa"}}, {"type": "Feature", "geometry": {"type": "Polygon", "coordinates": [[[76.35085529999999, 18.1662479], [76.3536553, 18.1662479], [76.3536553, 18.1690479], [76.35085529999999, 18.1690479], [76.35085529999999, 18.1662479]]]}, "properties": {"level": "village", "name": "Taka", "parent_level": "taluka", "parent_name": "Ausa"}}, {"type": "Feature", "geometry": {"type": "Polygon", "coordinates": [[[76.3277347, 18.192526], [76.3305347, 18.192526], [76.3305347, 18.195326], [76.3277347, 18.195326], [76.3277347, 18.192526]]]}, "properties": {"level": "village", "name": "Birwali", "parent_level": "taluka", "parent_name": "Ausa"}}, {"type": "Feature", "geometry": {"type": "Polygon", "coordinates": [[[76.2744446, 18.5409354], [76.2772446, 18.5409354], [76.2772446, 18.5437354], [76.2744446, 18.5437354], [76.2744446, 18.5409354]]]}, "properties": {"level": "village", "name": "Borgaon Tanda", "parent_level": "taluka", "parent_name": "Latur"}}, {"type": "Feature", "geometry": {"type": "Polygon", "coordinates": [[[76.6861529, 18.2720293], [76.6889529, 18.2720293], [76.6889529, 18.2748293], [76.6861529, 18.2748293], [76.6861529, 18.2720293]]]}, "properties": {"level": "village", "name": "Panchincholi", "parent_level": "taluka", "parent_name": "Nilanga"}}, {"type": "Feature", "geometry": {"type": "Polygon", "coordinates": [[[76.8569345, 17.9071601], [76.8597345, 17.9071601], [76.8597345, 17.9099601], [76.8569345, 17.9099601], [76.8569345, 17.9071601]]]}, "properties": {"level": "village", "name": "Hallali", "parent_level": "taluka", "parent_name": "Nilanga"}}]}