{"type": "FeatureCollection", "features": [{"type": "Feature", "geometry": {"type": "MultiPolygon", "coordinates": [[[[74.05618, 14.81728], [74.05682, 14.8158], [74.0571159, 14.816209], [74.05618, 14.81728]]], [[[74.0581244, 14.8220847], [74.05805, 14.81888], [74.06177, 14.82117], [74.0581244, 14.8220847]]], [[[74.0571293, 14.8157215], [74.0572339, 14.8154336], [74.0573975, 14.8154725], [74.0571293, 14.8157215]]], [[[74.06391, 14.82122], [74.063108, 14.8194347], [74.06572, 14.81997], [74.06391, 14.82122]]], [[[74.0634245, 14.8218228], [74.0634567, 14.8214209], [74.0636632, 14.8215946], [74.0634245, 14.8218228]]], [[[74.0666217, 14.8204381], [74.066281, 14.8201062], [74.0666646, 14.8200051], [74.0666217, 14.8204381]]], [[[74.0715301, 14.8197406], [74.0717983, 14.8187708], [74.0721899, 14.8189679], [74.0715301, 14.8197406]]], [[[74.0848741, 14.9002456], [74.0963566, 14.8976769], [74.1219074, 14.8423502], [74.122932, 14.8045193], [74.0931487, 14.8040318], [74.1191669, 14.7743826], [74.1400766, 14.7794056], [74.1526937, 14.7475451], [74.1783571, 14.7500974], [74.2046803, 14.7187307], [74.2049056, 14.7367596], [74.2337769, 14.7480638], [74.2621493, 14.7194259], [74.2515812, 14.7059464], [74.2674494, 14.7040834], [74.2822659, 14.6752373], [74.2842695, 14.632013], [74.2697353, 14.6269822], [74.2736193, 14.6271002], [74.2919701, 14.6002945], [74.3100804, 14.5539868], [74.3156809, 14.5286341], [74.3098792, 14.521473], [74.3596584, 14.5173497], [74.4414416, 14.2243808], [74.4701117, 14.1839606], [74.5146713, 13.9874907], [74.5490947, 13.9485566], [74.5700347, 13.9464402], [74.60706, 13.8685802], [74.6766579, 13.5799342], [74.690541, 13.3487574], [74.7157323, 13.3161514], [74.7996173, 12.9295145], [74.8203275, 12.9305888], [74.8150867, 12.9164857], [74.8082306, 12.9244814], [74.8011376, 12.9212145], [74.8640682, 12.7600633], [75.0057542, 12.7926243], [75.0109338, 12.7684787], [74.9841118, 12.7356734], [75.0134575, 12.7286378], [75.0020957, 12.716027], [75.0526929, 12.7203702], [75.0470706, 12.6687814], [75.0864884, 12.674549], [75.0857674, 12.7035965], [75.121518, 12.6789767], [75.1517215, 12.6828137], [75.1613867, 12.671523], [75.1407981, 12.6424949], [75.1616764, 12.6215147], [75.2005577, 12.6288643], [75.2004933, 12.5895491], [75.2201486, 12.5692976], [75.2368855, 12.5689835], [75.2738571, 12.6188973], [75.327115, 12.5920726], [75.3143263, 12.5738738], [75.289607, 12.5824603], [75.2742219, 12.5715072], [75.2732563, 12.5357546], [75.3024387, 12.5215318], [75.3059149, 12.5014216], [75.3320074, 12.4986773], [75.3367924, 12.4638365], [75.359559, 12.4646117], [75.3821325, 12.5008141], [75.4161283, 12.5000289], [75.4236746, 12.4673355], [75.3947496, 12.4518936], [75.3654385, 12.4578232], [75.3715646, 12.4000823], [75.4217756, 12.3715581], [75.4099846, 12.3474851], [75.4323219, 12.309644], [75.4155084, 12.2882499], [75.4848578, 12.2899964], [75.53931, 12.2165071], [75.5322504, 12.2014699], [75.5916184, 12.1479101], [75.6381011, 12.1471444], [75.660916, 12.0995375], [75.701487, 12.1093617], [75.7155633, 12.0703147], [75.8031106, 12.0783302], [75.8015013, 12.0370541], [75.8294177, 11.9861585], [75.8691788, 11.9534124], [76.0036262, 11.9312137], [76.1125536, 11.9786826], [76.1201314, 11.8506066], [76.1918737, 11.8710337], [76.2218756, 11.8101411], [76.2804932, 11.8115352], [76.3403408, 11.7382109], [76.4146881, 11.757652], [76.4102618, 11.7415322], [76.4273969, 11.7261284], [76.4032517, 11.7114577], [76.4157324, 11.672535], [76.4609129, 11.662387], [76.5139882, 11.7056491], [76.5501152, 11.677997], [76.5630495, 11.6204632], [76.6174629, 11.6079752], [76.7557264, 11.6177871], [76.8538284, 11.5971021], [76.8350744, 11.6553887], [76.887238, 11.7330501], [76.9071078, 11.7955248], [76.9557836, 11.7915391], [76.9683265, 11.7772922], [76.982038, 11.8118238], [77.0287299, 11.8053967], [77.0343303, 11.7703812], [77.066946, 11.788026], [77.057333, 11.7666945], [77.1157837, 11.7213897], [77.1109342, 11.7736476], [77.2378993, 11.7947056], [77.250216, 11.812895], [77.2939682, 11.8089463], [77.3360252, 11.7714], [77.3648214, 11.7903891], [77.3926628, 11.787858], [77.4281323, 11.7609806], [77.4667883, 11.8471281], [77.4617457, 11.9002754], [77.486465, 11.8882757], [77.4947047, 11.9438082], [77.5381565, 11.9324507], [77.6755592, 11.9520457], [77.724072, 12.0544479], [77.7787651, 12.1084019], [77.7334868, 12.177071], [77.6091095, 12.2059696], [77.519297, 12.1948911], [77.4724375, 12.2078956], [77.4790463, 12.269874], [77.5517462, 12.2917279], [77.6139569, 12.362416], [77.6293521, 12.4161614], [77.6350296, 12.4874081], [77.5839531, 12.4785472], [77.616218, 12.5093024], [77.5872084, 12.5147907], [77.5803081, 12.5515804], [77.6060539, 12.6281392], [77.5979317, 12.6680917], [77.6632533, 12.6832724], [77.6896487, 12.6584938], [77.710863, 12.6663936], [77.7119605, 12.6833941], [77.7410016, 12.6737335], [77.7375615, 12.6983929], [77.7625707, 12.6969587], [77.774408, 12.7245132], [77.7629969, 12.7364006], [77.7920018, 12.7467495], [77.7789033, 12.7679585], [77.8090335, 12.7968339], [77.8100554, 12.8310227], [77.7925886, 12.843407], [77.8367365, 12.8704003], [77.8906172, 12.8698077], [77.9294394, 12.8909806], [77.9269029, 12.8741743], [77.9420208, 12.8731977], [77.9205678, 12.8275632], [77.9405052, 12.8231857], [77.9403604, 12.8545935], [77.9528558, 12.8568781], [77.9884493, 12.8086283], [78.0096947, 12.8056928], [78.0036685, 12.8251817], [78.0284303, 12.845123], [78.0229979, 12.8565505], [78.0540859, 12.8535613], [78.1339696, 12.7821215], [78.2313763, 12.7621184], [78.2531261, 12.8617616], [78.3123708, 12.8583517], [78.3136797, 12.8761746], [78.3369398, 12.8823244], [78.3203745, 12.8872818], [78.3234429, 12.9019025], [78.3441067, 12.9079681], [78.3557796, 12.9406777], [78.3896398, 12.9064621], [78.3983516, 12.9175263], [78.4120845, 12.9030529], [78.4449148, 12.9120465], [78.4647471, 12.8666985], [78.4665549, 12.9053118], [78.4275985, 12.9330653], [78.4183502, 12.9228385], [78.411119, 12.9454457], [78.436718, 12.9623214], [78.4353661, 12.98113], [78.4675419, 12.9750139], [78.4622741, 13.0433692], [78.5161435, 13.0628823], [78.5102105, 13.0920186], [78.5385775, 13.1056659], [78.5175919, 13.1324148], [78.5457659, 13.1428629], [78.5500359, 13.1636531], [78.579905, 13.167414], [78.5761607, 13.186583], [78.5501969, 13.200225], [78.5789931, 13.2130934], [78.5665369, 13.220718], [78.5702169, 13.2474753], [78.5875761, 13.2719428], [78.5654962, 13.3117768], [78.5615265, 13.2884723], [78.5391569, 13.2876579], [78.5319686, 13.2668678], [78.4794617, 13.3012629], [78.4834099, 13.321194], [78.4441638, 13.3082374], [78.440237, 13.3283663], [78.4011263, 13.3153679], [78.37713, 13.332062], [78.4086835, 13.3428251], [78.3650494, 13.3619699], [78.3817649, 13.3971969], [78.3753598, 13.5090437], [78.4019887, 13.5879174], [78.2585158, 13.5827199], [78.2371182, 13.5988452], [78.193121, 13.5643932], [78.204123, 13.6283986], [78.1684492, 13.6326385], [78.1562752, 13.6584936], [78.0872938, 13.6434484], [78.0694699, 13.6976523], [78.1134152, 13.692503], [78.1210756, 13.7154762], [78.0917859, 13.7423032], [78.1265902, 13.7865705], [78.1137156, 13.807409], [78.1235862, 13.8451845], [78.114869, 13.8628461], [78.0814862, 13.8613305], [78.0789757, 13.8812041], [78.0489564, 13.8962228], [78.0459738, 13.8621638], [78.0008912, 13.8732257], [77.9762149, 13.8296208], [77.9529547, 13.8271831], [77.9493928, 13.8872659], [77.9844975, 13.8977225], [77.9828882, 13.9577246], [77.9675674, 13.9603068], [77.9267335, 13.9053877], [77.8958022, 13.9202902], [77.895813, 13.9410231], [77.8265476, 13.9447716], [77.8135443, 13.9152395], [77.8370404, 13.8699343], [77.7822697, 13.8441116], [77.7815723, 13.8182026], [77.7193773, 13.8002303], [77.717371, 13.7410318], [77.7033806, 13.7697941], [77.6714086, 13.760478], [77.6801741, 13.786758], [77.6211655, 13.7684602], [77.6189983, 13.7553091], [77.642312, 13.747118], [77.6278818, 13.734591], [77.5997937, 13.7506196], [77.5604081, 13.7224803], [77.5473189, 13.7531207], [77.5280285, 13.7539231], [77.5249815, 13.6911583], [77.5143599, 13.7130893], [77.4848985, 13.7147883], [77.4918508, 13.6900638], [77.4553004, 13.6822469], [77.4645352, 13.8080758], [77.4226713, 13.7989279], [77.4324936, 13.8432365], [77.3828029, 13.8392675], [77.3627186, 13.8542264], [77.3256397, 13.833017], [77.3110699, 13.8665178], [77.288475, 13.8474346], [77.2568464, 13.8465804], [77.2484135, 13.9013052], [77.2358393, 13.9040963], [77.2199392, 13.8676844], [77.2116887, 13.8857869], [77.2004342, 13.8631013], [77.1814441, 13.8698718], [77.1847272, 13.925143], [77.1620572, 13.9067624], [77.1684623, 13.8645179], [77.1281862, 13.8565181], [77.1686768, 13.8295375], [77.1574759, 13.8060129], [77.178483, 13.7830486], [77.1729469, 13.7620828], [77.0904207, 13.7672515], [77.0856356, 13.7423449], [77.0643496, 13.7439602], [77.0434284, 13.7777969], [77.0244276, 13.7792244], [77.0166278, 13.7387598], [76.9986892, 13.7453046], [76.9781327, 13.8269539], [77.0141559, 13.8602332], [77.0229792, 13.9026174], [77.0472264, 13.9065958], [77.0414972, 13.9334528], [76.9938505, 13.9625453], [76.999172, 13.9904057], [76.9311189, 14.0302436], [76.9325781, 14.0551192], [76.9717812, 14.0583663], [76.9749999, 14.0810327], [76.9482035, 14.0919407], [76.945796, 14.118701], [76.9249177, 14.1370543], [76.8860149, 14.1383651], [76.8945336, 14.1678789], [76.9421482, 14.173257], [76.9474911, 14.1980754], [76.9613313, 14.1815162], [77.0221424, 14.177397], [77.0146751, 14.1000966], [77.0315623, 14.0569301], [77.1268344, 14.0471468], [77.1409321, 14.0038246], [77.2454631, 14.0118922], [77.2700858, 14.0344903], [77.2749781, 14.0115695], [77.3220992, 14.0300562], [77.3363256, 13.9959753], [77.3608303, 13.9911449], [77.3495865, 13.9585159], [77.371602, 13.9531641], [77.3477196, 13.916031], [77.358427, 13.9035443], [77.3976087, 13.9065333], [77.3989461, 13.8884859], [77.4346447, 13.9147605], [77.4119854, 13.945917], [77.4350738, 13.9473748], [77.4388718, 13.9755077], [77.4267268, 13.9861895], [77.381494, 13.9761949], [77.3902917, 14.0166077], [77.332313, 14.0306807], [77.340424, 14.0601356], [77.3601007, 14.062113], [77.4013853, 14.1198247], [77.3474192, 14.103468], [77.3519897, 14.1311031], [77.3788762, 14.1359722], [77.393682, 14.1742556], [77.5036526, 14.1572785], [77.5170421, 14.182858], [77.4924409, 14.2307637], [77.5035238, 14.2651006], [77.4819803, 14.2913748], [77.4504161, 14.2805827], [77.4460601, 14.3173238], [77.3930383, 14.3358064], [77.3765588, 14.3056596], [77.4197531, 14.2116172], [77.3870301, 14.1998851], [77.3841548, 14.2209566], [77.3593926, 14.2343307], [77.3638434, 14.2758136], [77.2835398, 14.2828909], [77.2866082, 14.3402345], [77.2377491, 14.3174277], [77.157197, 14.3421263], [77.1356106, 14.3367004], [77.1153116, 14.2921234], [77.1096253, 14.2207278], [77.0812797, 14.2141757], [77.054286, 14.2451875], [76.9401526, 14.2445427], [76.9247675, 14.273658], [76.9565409, 14.2943119], [76.8849635, 14.3473651], [76.8852854, 14.3920973], [76.9156694, 14.4207154], [76.9425559, 14.400307], [76.9447017, 14.4508052], [76.9598508, 14.450535], [76.9747853, 14.4853005], [76.9007134, 14.4892634], [76.8680119, 14.4739723], [76.8558454, 14.5093521], [76.8065142, 14.5310592], [76.7819881, 14.5964582], [76.7650366, 14.602044], [76.7752558, 14.6810442], [76.8035531, 14.7424559], [76.78231, 14.7860863], [76.8366408, 14.7908995], [76.8372953, 14.8110332], [76.8542683, 14.8098404], [76.8457925, 14.8917566], [76.863817, 14.8954581], [76.8695569, 14.937767], [76.8672502, 14.9695166], [76.8288731, 14.9561249], [76.7666888, 14.9745434], [76.7600837, 14.989595], [76.790185, 15.020733], [76.7767525, 15.0784118], [76.8003559, 15.0961788], [76.8360937, 15.0796135], [76.8661022, 15.0600127], [76.8772817, 15.0306494], [76.9183838, 15.0358199], [76.9853103, 15.0155518], [77.004118, 15.0337994], [77.0495868, 15.0330844], [77.0442652, 15.0098523], [77.0825715, 15.0060658], [77.0847773, 15.0307012], [77.112844, 15.0339341], [77.1300101, 15.1004038], [77.1562743, 15.1229839], [77.1571653, 15.1403978], [77.1344036, 15.1482593], [77.1690362, 15.1713106], [77.1474927, 15.2238035], [77.1250051, 15.2269092], [77.167148, 15.2683552], [77.1476, 15.2727643], [77.151677, 15.292242], [77.1183103, 15.2948085], [77.1133536, 15.33382], [77.0621127, 15.3279015], [77.0647734, 15.3442287], [77.0404565, 15.3642842], [77.0310688, 15.4330801], [76.9746861, 15.4979555], [76.975708, 15.510651], [77.0297813, 15.5021529], [77.0304036, 15.6345056], [77.0831895, 15.6589803], [77.1213841, 15.6309927], [77.1289372, 15.6658501], [77.0785761, 15.6952273], [77.079606, 15.7274713], [77.0490932, 15.7302596], [77.0651865, 15.8278885], [77.0251855, 15.8375092], [77.0325494, 15.8569739], [77.0860648, 15.9196513], [77.1849632, 15.9567697], [77.2500014, 15.9649394], [77.5133402, 15.9280671], [77.5140765, 16.0087225], [77.4942492, 16.0366513], [77.5067714, 16.077969], [77.4923949, 16.0857707], [77.5139191, 16.1077628], [77.4896441, 16.1194905], [77.4862978, 16.1646846], [77.501342, 16.2230927], [77.5157501, 16.2254048], [77.4919713, 16.2294863], [77.4900118, 16.2552837], [77.5143579, 16.2779507], [77.5373517, 16.2669983], [77.5451552, 16.2923818], [77.5681765, 16.3045801], [77.5976293, 16.2932653], [77.5891895, 16.3441127], [77.5575716, 16.344538], [77.4910668, 16.3849805], [77.4189847, 16.3663029], [77.3482112, 16.3846153], [77.2874404, 16.4090716], [77.236585, 16.4699909], [77.2940933, 16.4768586], [77.2980482, 16.496531], [77.3694264, 16.4881829], [77.3773446, 16.5141141], [77.4173902, 16.5208487], [77.4179274, 16.5486625], [77.3922218, 16.569654], [77.4231961, 16.5685087], [77.4672468, 16.5991509], [77.4522028, 16.6155968], [77.4724645, 16.6520639], [77.4432929, 16.63831], [77.4184263, 16.6686017], [77.468687, 16.6843811], [77.4733268, 16.716152], [77.425547, 16.7225161], [77.4464448, 16.7681797], [77.4381988, 16.789988], [77.4687291, 16.7811335], [77.4791435, 16.8009082], [77.457055, 16.8296598], [77.4529551, 16.9145927], [77.4690936, 16.9191876], [77.4794903, 16.995695], [77.5031982, 17.0137339], [77.4620499, 17.1104337], [77.3660536, 17.1547739], [77.3716087, 17.1966093], [77.3939296, 17.1937826], [77.4019289, 17.2104587], [77.3788022, 17.2220507], [77.4197166, 17.2375301], [77.4580297, 17.2800071], [77.4360704, 17.2918573], [77.4557939, 17.3311064], [77.4528803, 17.3739303], [77.4787731, 17.3697306], [77.4833659, 17.3549902], [77.5284624, 17.3701379], [77.5375491, 17.4073073], [77.5137743, 17.4119209], [77.5133123, 17.4294861], [77.5375754, 17.4427944], [77.5760829, 17.430537], [77.5765591, 17.4568535], [77.6139006, 17.4467358], [77.6131262, 17.4719836], [77.6385235, 17.4733319], [77.6556826, 17.5049682], [77.6536651, 17.4830739], [77.6844212, 17.4745359], [77.6916687, 17.4968306], [77.6879902, 17.5115352], [77.6193413, 17.5290612], [77.6227276, 17.5481377], [77.6011801, 17.5413053], [77.5941773, 17.5644629], [77.5491474, 17.5507532], [77.5310478, 17.5740337], [77.5064311, 17.5413006], [77.4710304, 17.5863047], [77.4445196, 17.5835026], [77.4529389, 17.6948351], [77.5703231, 17.7418117], [77.5688694, 17.7664301], [77.5059815, 17.7863871], [77.5288974, 17.83005], [77.5536177, 17.8201121], [77.5763705, 17.8754353], [77.5983522, 17.8732783], [77.5862317, 17.9082835], [77.6189265, 17.9036895], [77.6245389, 17.9594949], [77.6334601, 17.9679494], [77.6495824, 17.9500428], [77.6559078, 17.9684465], [77.6496742, 17.9979809], [77.6274537, 17.9969847], [77.6048936, 18.0201473], [77.5884795, 18.012386], [77.5475089, 18.0556508], [77.6014625, 18.0932764], [77.5972343, 18.1565527], [77.5630683, 18.1954571], [77.5863998, 18.217605], [77.5728047, 18.2429819], [77.6034266, 18.2793438], [77.5131713, 18.3101532], [77.4938724, 18.2691931], [77.4654124, 18.2634144], [77.4477005, 18.2698727], [77.4376829, 18.3102948], [77.3657721, 18.3089444], [77.3563009, 18.3208867], [77.4005827, 18.3475285], [77.394938, 18.3694667], [77.41414, 18.3922787], [77.3726413, 18.4009351], [77.3661482, 18.4507161], [77.3400931, 18.4381545], [77.3210906, 18.4591753], [77.3150008, 18.4412645], [77.2401978, 18.4133307], [77.2333774, 18.3880455], [77.2485549, 18.374435], [77.2254004, 18.3651396], [77.2187546, 18.3256376], [77.1987557, 18.3145524], [77.2135787, 18.2807959], [77.1747463, 18.284758], [77.1511832, 18.2167321], [77.0969428, 18.1965518], [77.1120397, 18.1569213], [77.064272, 18.1518068], [77.0335734, 18.1821781], [77.0237539, 18.1585447], [77.0077634, 18.1600623], [76.9914136, 18.1907033], [76.9513324, 18.1883085], [76.9179532, 18.1241137], [76.9653511, 18.0988631], [76.9440158, 18.0833793], [76.953437, 18.041985], [76.9144717, 18.0355641], [76.9056888, 18.0098573], [76.9188657, 17.9164193], [76.9004064, 17.9175479], [76.8841747, 17.8942591], [76.8395874, 17.8997937], [76.8055981, 17.8708943], [76.7738041, 17.8784664], [76.7682525, 17.9024125], [76.7399633, 17.8995418], [76.7384463, 17.8560369], [76.7683474, 17.8516986], [76.7906956, 17.8250983], [76.7619149, 17.7873963], [76.7142707, 17.7813196], [76.7282942, 17.7375617], [76.6992647, 17.7283521], [76.7117638, 17.6945004], [76.6935099, 17.6959664], [76.6884022, 17.6798276], [76.6647248, 17.6874487], [76.6133934, 17.7710422], [76.5802543, 17.7055857], [76.571821, 17.7612916], [76.524352, 17.7598986], [76.5238949, 17.7160142], [76.4871448, 17.7135105], [76.4873504, 17.6582036], [76.4277, 17.6440639], [76.4184522, 17.6045526], [76.3306474, 17.5981303], [76.3413763, 17.5438796], [76.3660097, 17.5247284], [76.3446807, 17.4955067], [76.374464, 17.4938695], [76.3308191, 17.4708651], [76.3340163, 17.4353704], [76.3709235, 17.4369467], [76.3632631, 17.3786547], [76.4089036, 17.3712209], [76.4114785, 17.3523588], [76.3807726, 17.3162471], [76.3545513, 17.3152433], [76.3422346, 17.3563526], [76.3118291, 17.3471565], [76.3150263, 17.3342526], [76.2767029, 17.335584], [76.271553, 17.3612474], [76.2497091, 17.3634592], [76.2443018, 17.3804772], [76.1722898, 17.3551033], [76.1752939, 17.3027059], [76.1625266, 17.3450674], [76.1165643, 17.3717944], [76.0788309, 17.3331772], [76.0584243, 17.356147], [76.0141777, 17.3536745], [75.9315896, 17.3219672], [75.8911032, 17.3558699], [75.8846485, 17.418675], [75.8594505, 17.3853789], [75.8508286, 17.4106794], [75.8232156, 17.4218608], [75.8152741, 17.3764926], [75.7961731, 17.3689588], [75.7329335, 17.4207886], [75.6868675, 17.4121836], [75.6774899, 17.4543589], [75.633316, 17.4776398], [75.6079316, 17.4227593], [75.6142187, 17.3947293], [75.5752945, 17.3835489], [75.5817961, 17.3526456], [75.6099915, 17.3450674], [75.6036615, 17.3063115], [75.6324094, 17.272027], [75.657386, 17.270689], [75.6622922, 17.2082474], [75.6283398, 17.1892795], [75.6267464, 17.1627507], [75.6474424, 17.1150864], [75.6738885, 17.1136929], [75.6783486, 17.0628476], [75.6484222, 17.055718], [75.6410622, 17.0388547], [75.6691003, 17.038349], [75.6719113, 16.9630942], [75.6394904, 16.9563995], [75.6336593, 16.9714276], [75.6080912, 16.9726796], [75.6068304, 17.0064473], [75.5675645, 17.010308], [75.5665514, 16.9676916], [75.5295467, 16.9707709], [75.4892719, 16.9452516], [75.4663753, 16.9891588], [75.4257482, 16.9681486], [75.3915954, 16.9813289], [75.3415793, 16.9561723], [75.2831054, 16.9552401], [75.2844434, 16.8803109], [75.2144196, 16.8419542], [75.1818608, 16.8437383], [75.1896932, 16.873591], [75.1355859, 16.8749712], [75.1178472, 16.9126558], [75.098197, 16.913071], [75.0907463, 16.950638], [75.0246977, 16.9277986], [75.0270937, 16.9443351], [74.9956798, 16.9526274], [74.9678921, 16.9511495], [74.9651207, 16.9274869], [74.932144, 16.9450203], [74.9219101, 16.9294208], [74.9620933, 16.9105649], [74.9628692, 16.8794189], [74.9030558, 16.8624086], [74.9222821, 16.771485], [74.85042, 16.7717688], [74.7744392, 16.7503809], [74.7323513, 16.7184944], [74.6914744, 16.7164393], [74.6909439, 16.6767473], [74.651056, 16.6352327], [74.6882678, 16.6094003], [74.6417493, 16.611336], [74.6313044, 16.5783073], [74.5684331, 16.5544455], [74.5553097, 16.5632759], [74.5600526, 16.5931866], [74.5444221, 16.5955896], [74.5442679, 16.6340711], [74.49106, 16.6297227], [74.4586372, 16.648774], [74.4678444, 16.6055265], [74.3984864, 16.5824328], [74.3831635, 16.526953], [74.3581256, 16.539517], [74.3573828, 16.5584477], [74.3234376, 16.5565926], [74.3081098, 16.5014165], [74.3023741, 16.5297047], [74.2849797, 16.5234607], [74.2840918, 16.5394386], [74.2642712, 16.5393559], [74.278387, 16.5026712], [74.2488528, 16.4958081], [74.2644632, 16.4766297], [74.2925495, 16.5033902], [74.2916699, 16.4596813], [74.3342887, 16.4533057], [74.3380551, 16.401254], [74.3651662, 16.4031596], [74.3572335, 16.3655732], [74.3385011, 16.3914418], [74.3211066, 16.3798456], [74.3300268, 16.3410427], [74.3184305, 16.3258783], [74.3436628, 16.2915428], [74.3254974, 16.2872856], [74.3272814, 16.2689993], [74.3550836, 16.2815042], [74.3469059, 16.2926378], [74.3859533, 16.2897421], [74.3865749, 16.2758027], [74.4117356, 16.2821292], [74.4160377, 16.2582951], [74.4967658, 16.2319805], [74.506578, 16.1891636], [74.4804531, 16.1452732], [74.4829394, 16.0883655], [74.42808, 16.111558], [74.3722597, 16.0769203], [74.3616243, 16.0540227], [74.3818835, 16.0344575], [74.430397, 16.0590004], [74.4648351, 16.0421033], [74.4320266, 15.9533777], [74.3871784, 15.9025217], [74.4069614, 15.8542117], [74.3901016, 15.8539182], [74.3657578, 15.8928272], [74.3392966, 15.8537657], [74.3827587, 15.8478609], [74.3656438, 15.8229851], [74.3689277, 15.78648], [74.3487968, 15.7666177], [74.3242303, 15.7718166], [74.3213441, 15.7564801], [74.2562264, 15.7435458], [74.2321418, 15.7538041], [74.2361559, 15.7845789], [74.2087166, 15.7801827], [74.2014026, 15.7568603], [74.1613626, 15.75083], [74.1250991, 15.7226175], [74.1273737, 15.6814689], [74.0887069, 15.6710152], [74.1347122, 15.6483808], [74.1658044, 15.654817], [74.1814202, 15.6821558], [74.2050934, 15.6509326], [74.224019, 15.6690937], [74.2504549, 15.6578336], [74.2439103, 15.6258059], [74.2638874, 15.615804], [74.2448973, 15.5670273], [74.2619991, 15.5650223], [74.2823624, 15.532608], [74.2507124, 15.4912352], [74.2780065, 15.4410226], [74.2753028, 15.3917494], [74.3220377, 15.3681637], [74.3168449, 15.3301727], [74.3361139, 15.2959831], [74.2763757, 15.2835435], [74.2507124, 15.2590554], [74.3010735, 15.224937], [74.3181629, 15.1839554], [74.283328, 15.1450023], [74.2744445, 15.0971927], [74.2967605, 15.0409592], [74.253416, 14.9981835], [74.2642608, 14.9784624], [74.2538237, 14.9612039], [74.2359924, 14.9663242], [74.201188, 14.9264572], [74.1793012, 14.9580529], [74.1627359, 14.9582187], [74.1614485, 14.9124822], [74.1243481, 14.9255241], [74.0848741, 14.9002456]]], [[[74.0891308, 14.7952251], [74.0876233, 14.793804], [74.0886426, 14.7934721], [74.0891308, 14.7952251]]], [[[74.0870686, 14.7930511], [74.0871245, 14.7927615], [74.0871566, 14.7929742], [74.0870686, 14.7930511]]], [[[74.0921751, 14.8824999], [74.0927041, 14.8818908], [74.0934156, 14.883113], [74.0921751, 14.8824999]]], [[[74.0941036, 14.8386427], [74.0937817, 14.8360603], [74.09591, 14.83801], [74.0941036, 14.8386427]]], [[[74.0937254, 14.8823126], [74.0937549, 14.8822673], [74.093774, 14.8823198], [74.0937254, 14.8823126]]], [[[74.0947361, 14.8802983], [74.0953119, 14.8793296], [74.0954726, 14.8795723], [74.0947361, 14.8802983]]], [[[74.0946829, 14.877795], [74.0960656, 14.8766855], [74.0972739, 14.8782862], [74.0946829, 14.877795]]], [[[74.1013455, 14.8448808], [74.09745, 14.84265], [74.10106, 14.84164], [74.1013455, 14.8448808]]], [[[74.1071364, 14.8655175], [74.1063381, 14.8646598], [74.1073054, 14.8652868], [74.1071364, 14.8655175]]], [[[74.1278592, 14.758771], [74.1291118, 14.7576012], [74.1296697, 14.7584338], [74.1278592, 14.758771]]], [[[74.1472435, 14.7262952], [74.1470075, 14.7251434], [74.1484237, 14.7253198], [74.1472435, 14.7262952]]], [[[74.1555315, 14.7417503], [74.1568029, 14.737543], [74.1580421, 14.7388555], [74.1555315, 14.7417503]]], [[[74.1645518, 14.7351176], [74.1643774, 14.7338387], [74.1649756, 14.7349775], [74.1645518, 14.7351176]]], [[[74.2385995, 14.7107819], [74.2401177, 14.7086909], [74.2413434, 14.7112463], [74.2385995, 14.7107819]]], [[[74.2523861, 14.7048773], [74.2528582, 14.7043921], [74.2530861, 14.7044258], [74.2523861, 14.7048773]]], [[[74.2541537, 14.7045063], [74.2541617, 14.7042313], [74.2543521, 14.704335], [74.2541537, 14.7045063]]], [[[74.265697, 15.8273185], [74.2704298, 15.7944838], [74.314429, 15.7906545], [74.2942182, 15.8303141], [74.265697, 15.8273185]]], [[[74.272787, 14.6249928], [74.2730606, 14.6245568], [74.2730713, 14.6250603], [74.272787, 14.6249928]]], [[[74.2823195, 14.6349015], [74.2820996, 14.6345485], [74.2824912, 14.6347302], [74.2823195, 14.6349015]]], [[[74.3097667, 14.5213093], [74.3097036, 14.5211069], [74.3098444, 14.5211627], [74.3097667, 14.5213093]]], [[[74.3104666, 14.5235333], [74.3104626, 14.5234269], [74.3105002, 14.5235048], [74.3104666, 14.5235333]]], [[[74.3188378, 14.5178352], [74.3186913, 14.5176198], [74.3190982, 14.5176074], [74.3188378, 14.5178352]]], [[[74.3190175, 14.5174821], [74.3185897, 14.5170151], [74.3191156, 14.5168203], [74.3190175, 14.5174821]]], [[[74.3219479, 14.5185308], [74.3218526, 14.5184195], [74.3219504, 14.5184477], [74.3219479, 14.5185308]]], [[[74.3220364, 14.5175042], [74.3219492, 14.5173237], [74.3220484, 14.5173691], [74.3220364, 14.5175042]]], [[[74.3230435, 14.0112103], [74.3232259, 14.010155], [74.3236765, 14.010689], [74.3230435, 14.0112103]]], [[[74.3255124, 14.0204314], [74.3261562, 14.0141198], [74.3301112, 14.017698], [74.3255124, 14.0204314]]], [[[74.4026166, 14.3156891], [74.4015612, 14.3122169], [74.4055065, 14.3138103], [74.4026166, 14.3156891]]], [[[74.47036, 14.08453], [74.47027, 14.08309], [74.47172, 14.08424], [74.47036, 14.08453]]], [[[74.4788235, 14.0823712], [74.4787189, 14.0820109], [74.4789469, 14.0822867], [74.4788235, 14.0823712]]], [[[74.4792418, 14.0813762], [74.4792098, 14.0811875], [74.4793043, 14.0812714], [74.4792418, 14.0813762]]], [[[74.4798528, 14.0876414], [74.4797891, 14.087551], [74.479873, 14.0875633], [74.4798528, 14.0876414]]], [[[74.4799098, 14.0873246], [74.4800507, 14.0872297], [74.4799903, 14.0873533], [74.4799098, 14.0873246]]], [[[74.4799903, 14.0808103], [74.479934, 14.0807413], [74.4799769, 14.0807127], [74.4799903, 14.0808103]]], [[[74.4801901, 14.087162], [74.4801848, 14.0870892], [74.4802183, 14.087097], [74.4801901, 14.087162]]], [[[74.4805026, 14.0872454], [74.48063, 14.0869474], [74.4807976, 14.0870762], [74.4805026, 14.0872454]]], [[[74.4817577, 14.0863286], [74.4816613, 14.0862828], [74.4817498, 14.0862398], [74.4817577, 14.0863286]]], [[[74.4863809, 14.0246856], [74.4863515, 14.0227669], [74.4872031, 14.0244718], [74.4863809, 14.0246856]]], [[[74.4884737, 14.019921], [74.4882642, 14.019298], [74.4889739, 14.0197308], [74.4884737, 14.019921]]], [[[74.6279436, 13.7772732], [74.6274955, 13.7771576], [74.6279249, 13.7770857], [74.6279436, 13.7772732]]], [[[74.6358731, 13.6850009], [74.6364408, 13.6844318], [74.6366547, 13.6850879], [74.6358731, 13.6850009]]], [[[74.6520053, 13.6576631], [74.652244, 13.6569965], [74.6523526, 13.6576601], [74.6520053, 13.6576631]]], [[[74.6523446, 13.6593674], [74.6521765, 13.6580573], [74.6526168, 13.657809], [74.6523446, 13.6593674]]], [[[74.6587123, 13.4251566], [74.6585181, 13.4246704], [74.6589339, 13.4247304], [74.6587123, 13.4251566]]], [[[74.6590665, 13.4242139], [74.6590036, 13.4239373], [74.6591619, 13.4239399], [74.6590665, 13.4242139]]], [[[74.6651392, 13.4529259], [74.6648177, 13.4524357], [74.665343, 13.4524929], [74.6651392, 13.4529259]]], [[[74.6653591, 13.3836351], [74.6652532, 13.3830676], [74.6656394, 13.3831471], [74.6653591, 13.3836351]]], [[[74.665103, 13.3820656], [74.6651942, 13.3817916], [74.6653524, 13.3818307], [74.665103, 13.3820656]]], [[[74.6710159, 13.1994992], [74.6707088, 13.1986321], [74.6718098, 13.1991179], [74.6710159, 13.1994992]]], [[[74.6743485, 13.380599], [74.6743915, 13.3763117], [74.6756872, 13.376222], [74.6743485, 13.380599]]], [[[74.6751827, 13.1945714], [74.6753275, 13.1941249], [74.6753651, 13.1953444], [74.6751827, 13.1945714]]], [[[74.6755702, 13.1937124], [74.6753034, 13.1929758], [74.6753839, 13.1929419], [74.6755702, 13.1937124]]], [[[74.681451, 13.3444927], [74.6809897, 13.3446076], [74.6813223, 13.3441848], [74.681451, 13.3444927]]], [[[74.6814698, 13.347567], [74.6814993, 13.3471129], [74.6817997, 13.3471077], [74.6814698, 13.347567]]], [[[74.6824327, 13.3480472], [74.6822128, 13.3475462], [74.6828297, 13.3471338], [74.6824327, 13.3480472]]], [[[74.6845848, 13.3458093], [74.6855146, 13.3412905], [74.686617, 13.3421152], [74.6845848, 13.3458093]]], [[[74.6829531, 13.3604067], [74.6828029, 13.3598509], [74.6830014, 13.3599892], [74.6829531, 13.3604067]]], [[[74.6877161, 13.3407066], [74.6890905, 13.3365131], [74.6882683, 13.3409478], [74.6877161, 13.3407066]]], [[[74.6909933, 13.3331916], [74.6906627, 13.3308944], [74.6918728, 13.3309973], [74.6909933, 13.3331916]]], [[[74.6904203, 13.3333017], [74.6905813, 13.3331086], [74.6906242, 13.3333382], [74.6904203, 13.3333017]]], [[[74.6913189, 13.2669278], [74.6912545, 13.2665075], [74.6915469, 13.2665623], [74.6913189, 13.2669278]]], [[[74.7000682, 13.2807477], [74.6995506, 13.2789338], [74.700197, 13.2787223], [74.7000682, 13.2807477]]], [[[74.7005966, 13.2831067], [74.7002062, 13.2811963], [74.7004384, 13.281124], [74.7005966, 13.2831067]]], [[[74.7208728, 13.2434651], [74.7207333, 13.2424912], [74.7211276, 13.242439], [74.7208728, 13.2434651]]], [[[77.268393, 18.4546658], [77.2954367, 18.4572397], [77.3002553, 18.4760136], [77.2767053, 18.4766494], [77.268393, 18.4546658]]]]}, "properties": {"level": "state", "name": "Karnataka", "parent_level": null, "parent_name": null}}, {"type": "Feature", "geometry": {"type": "Polygon", "coordinates": [[[76.2341617, 16.1307114], [76.236723, 16.1300821], [76.2388777, 16.1296878], [76.2408268, 16.1292847], [76.242687, 16.1289178], [76.2445098, 16.1286186], [76.2461972, 16.1283284], [76.2464775, 16.1281068], [76.2468603, 16.127212], [76.2472197, 16.1263397], [76.2469248, 16.1256847], [76.2463169, 16.1252829], [76.24548, 16.1250394], [76.2453068, 16.1246193], [76.2453064, 16.1238105], [76.2447213, 16.1225231], [76.2452392, 16.1209051], [76.2448321, 16.120083], [76.2450182, 16.1187545], [76.2442369, 16.1174627], [76.2446427, 16.116134], [76.2441565, 16.1158497], [76.2442401, 16.1150634], [76.2447308, 16.1148463], [76.2447399, 16.1143177], [76.2442396, 16.1140558], [76.2441319, 16.1136763], [76.2453983, 16.1132238], [76.2469312, 16.1127982], [76.2477957, 16.1125582], [76.2481135, 16.1125174], [76.2489789, 16.1122263], [76.2511426, 16.1115205], [76.2541815, 16.1102301], [76.2538927, 16.1087297], [76.2532669, 16.1078527], [76.2532954, 16.1071072], [76.2525255, 16.1050961], [76.2529749, 16.1039531], [76.2536602, 16.099191], [76.2550203, 16.0991556], [76.2554504, 16.0989074], [76.2554626, 16.0970678], [76.2579818, 16.097033], [76.2601972, 16.0969077], [76.2618424, 16.0968138], [76.2620368, 16.0971986], [76.2620752, 16.0983998], [76.2640076, 16.1028108], [76.267799, 16.1097125], [76.269971, 16.1091703], [76.2753111, 16.1078275], [76.2756383, 16.1077237], [76.2809162, 16.1059143], [76.2853749, 16.1064675], [76.2882111, 16.105751], [76.2897819, 16.1049292], [76.2963194, 16.1031396], [76.2987803, 16.102434], [76.3010894, 16.1018249], [76.3044419, 16.101107], [76.3075682, 16.0996763], [76.3124765, 16.0973734], [76.3150754, 16.0963033], [76.3169078, 16.0955086], [76.3193196, 16.0949399], [76.3322759, 16.0919472], [76.3311368, 16.0866377], [76.3297452, 16.0820059], [76.3291147, 16.080334], [76.327957, 16.0775185], [76.323563, 16.078837], [76.3143837, 16.0816134], [76.3112195, 16.082358], [76.3058679, 16.0838293], [76.3048069, 16.0839962], [76.3024281, 16.0838462], [76.300529, 16.0839465], [76.2992883, 16.0848928], [76.2982783, 16.0861082], [76.2981942, 16.0861578], [76.2973948, 16.0865551], [76.297216, 16.0869124], [76.2950285, 16.0876255], [76.2938131, 16.0883932], [76.290878, 16.0884146], [76.2823485, 16.0888448], [76.2784133, 16.0888701], [76.2748565, 16.0892661], [76.2717904, 16.0895808], [76.2696049, 16.0899271], [76.2641176, 16.090096], [76.2607526, 16.090293], [76.2581382, 16.0904503], [76.2572374, 16.088421], [76.2567063, 16.0858044], [76.256913, 16.08383], [76.2569091, 16.08261], [76.2572889, 16.0803826], [76.2588116, 16.0739897], [76.2649616, 16.0740247], [76.2702328, 16.0745154], [76.2780089, 16.0749033], [76.2821868, 16.0750678], [76.2837148, 16.0753034], [76.2870329, 16.075228], [76.2939788, 16.0748104], [76.2963294, 16.0746938], [76.2987035, 16.074532], [76.2991242, 16.0745051], [76.3014691, 16.0739955], [76.3031995, 16.0734536], [76.3033268, 16.0706343], [76.30337, 16.0675482], [76.3033843, 16.0666897], [76.3050841, 16.0667943], [76.3055562, 16.0665143], [76.3058564, 16.0633695], [76.3055736, 16.0604641], [76.3050277, 16.0578251], [76.3045658, 16.0560763], [76.3046163, 16.0552448], [76.3041587, 16.0542325], [76.303385, 16.0488372], [76.3031906, 16.0473643], [76.3032615, 16.0451096], [76.3028613, 16.0399313], [76.3029217, 16.0382184], [76.3035434, 16.0375129], [76.3044948, 16.0291187], [76.3053244, 16.0256719], [76.3054226, 16.0252698], [76.3057078, 16.0250214], [76.3067829, 16.0231737], [76.3089759, 16.017942], [76.3100932, 16.0157871], [76.3105842, 16.014635], [76.3107465, 16.0142502], [76.311359, 16.0129084], [76.3111164, 16.0116522], [76.3106737, 16.008349], [76.3109016, 16.0073507], [76.31131, 16.0052539], [76.3115348, 16.0036364], [76.3115867, 16.0020956], [76.311649, 16.0017429], [76.3117787, 16.0010093], [76.3118923, 16.0001094], [76.3095202, 15.9999822], [76.3072733, 15.9997962], [76.3046012, 15.9996417], [76.3025552, 15.9995325], [76.3008595, 15.9994732], [76.2985145, 15.9992419], [76.2979073, 15.9990518], [76.2979072, 15.9990518], [76.2976412, 15.9987084], [76.2972957, 15.9981931], [76.2972491, 15.9978542], [76.2975399, 15.9950845], [76.2976669, 15.9934201], [76.2977465, 15.992378], [76.2978215, 15.9915693], [76.2980279, 15.9895315], [76.2985615, 15.9867484], [76.2991978, 15.9841505], [76.2998247, 15.9814939], [76.300461, 15.9789909], [76.3006389, 15.9779697], [76.3011301, 15.9759728], [76.301392, 15.9751641], [76.3020799, 15.973599], [76.3024392, 15.9727923], [76.3036219, 15.9702488], [76.3048138, 15.9676194], [76.3052345, 15.9666662], [76.306333, 15.9642763], [76.3075063, 15.9616966], [76.3082542, 15.9597765], [76.3089646, 15.9582179], [76.3094368, 15.957242], [76.3098337, 15.9572195], [76.3102261, 15.9571971], [76.3131218, 15.9570489], [76.3177316, 15.9566753], [76.3197913, 15.9564951], [76.3226872, 15.9559672], [76.3228556, 15.9551358], [76.323524, 15.953053], [76.3245898, 15.9495921], [76.3256695, 15.9463346], [76.3264547, 15.943592], [76.3273428, 15.9409083], [76.327824, 15.9397381], [76.3281561, 15.9378991], [76.3282265, 15.9362228], [76.3282269, 15.9349531], [76.3289694, 15.9348042], [76.3287502, 15.9336293], [76.328679, 15.9332494], [76.3284938, 15.9322602], [76.3240622, 15.9316445], [76.3214986, 15.9312915], [76.3185614, 15.9307982], [76.3159558, 15.9300383], [76.3132381, 15.9293914], [76.3130468, 15.9290073], [76.3130103, 15.9261877], [76.3127771, 15.9256364], [76.31239, 15.9239283], [76.3120496, 15.9226178], [76.3100836, 15.922807], [76.3094481, 15.9228625], [76.3064318, 15.9231266], [76.3023316, 15.9235861], [76.3022847, 15.9242955], [76.3021202, 15.927133], [76.3018013, 15.9306256], [76.2997793, 15.9304307], [76.2979208, 15.9302402], [76.2948342, 15.9299272], [76.2921445, 15.9296506], [76.2900993, 15.9294238], [76.2865923, 15.9290789], [76.2852848, 15.9289564], [76.2851872, 15.9279396], [76.2849413, 15.9245462], [76.2846951, 15.9217762], [76.2846302, 15.920755], [76.2844583, 15.9188979], [76.2844261, 15.9179038], [76.2846652, 15.9160197], [76.2848299, 15.9132364], [76.2849713, 15.9102633], [76.2850888, 15.908605], [76.2851785, 15.9064904], [76.2853478, 15.903924], [76.2853483, 15.9027131], [76.28537, 15.9026823], [76.2857454, 15.9022117], [76.286816, 15.8992345], [76.2875911, 15.8991444], [76.2874984, 15.8977391], [76.2877465, 15.8963611], [76.28855, 15.8953132], [76.2889847, 15.8943554], [76.2893259, 15.8933072], [76.2897884, 15.8927697], [76.2907318, 15.8922685], [76.2911564, 15.8927251], [76.2915439, 15.8929964], [76.2921694, 15.8933038], [76.2926315, 15.8934396], [76.2930564, 15.8935347], [76.2935467, 15.8935664], [76.2942469, 15.8936164], [76.2948585, 15.8937749], [76.2955775, 15.8939875], [76.2965672, 15.8943087], [76.2972954, 15.8945349], [76.2977436, 15.8946842], [76.2987893, 15.8950776], [76.2992655, 15.8952812], [76.2997463, 15.895435], [76.3002692, 15.8955797], [76.3006427, 15.8956567], [76.3009928, 15.895693], [76.3012543, 15.8957021], [76.3015252, 15.8957022], [76.3018146, 15.8956661], [76.3020948, 15.8955669], [76.302926, 15.8950701], [76.3032903, 15.8947224], [76.3038882, 15.8941803], [76.3047568, 15.8935841], [76.3051585, 15.8933448], [76.3054433, 15.893241], [76.3056114, 15.8931914], [76.3059523, 15.8931734], [76.3063958, 15.8931916], [76.3070168, 15.8933002], [76.3077823, 15.8935445], [76.3081232, 15.8936395], [76.3085853, 15.8936984], [76.3094258, 15.8938704], [76.3104108, 15.8941102], [76.3112279, 15.8943273], [76.3118021, 15.8944179], [76.3126005, 15.894513], [76.3131, 15.8945719], [76.3135762, 15.8947076], [76.3139683, 15.8949562], [76.3142297, 15.8951777], [76.3144631, 15.8954263], [76.3146357, 15.8956839], [76.3148038, 15.8959731], [76.3149344, 15.8962353], [76.3150463, 15.8965967], [76.3150555, 15.8969221], [76.3150134, 15.8974959], [76.3149339, 15.898002], [76.314873, 15.8983408], [76.3147515, 15.8989101], [76.3145924, 15.8997324], [76.3145652, 15.8998959], [76.3144522, 15.9005729], [76.3143259, 15.9011467], [76.3142744, 15.9015804], [76.3142649, 15.9020413], [76.3142835, 15.9024344], [76.3143581, 15.9028411], [76.3145353, 15.9033834], [76.31468, 15.9037449], [76.3148899, 15.904138], [76.3151699, 15.9045403], [76.315436, 15.9047754], [76.3156507, 15.9049019], [76.3159822, 15.9049834], [76.3165286, 15.9049518], [76.317187, 15.904812], [76.3177707, 15.9046405], [76.3183637, 15.9043514], [76.3197133, 15.9037734], [76.3205913, 15.9033986], [76.3212029, 15.9032452], [76.3217259, 15.903164], [76.3222209, 15.9031235], [76.3228372, 15.9031191], [76.3237103, 15.903169], [76.3244434, 15.9032505], [76.3249897, 15.903341], [76.3251485, 15.9033844], [76.3255686, 15.9034993], [76.3263576, 15.9037706], [76.3264524, 15.9038094], [76.327198, 15.9041142], [76.3283838, 15.9045709], [76.3289208, 15.9047699], [76.3294484, 15.9049371], [76.3304848, 15.9052446], [76.3316848, 15.9054301], [76.3323105, 15.90548], [76.3328707, 15.9055615], [76.3334171, 15.9055525], [76.3338747, 15.9054849], [76.3343977, 15.9053404], [76.3355044, 15.904848], [76.3360834, 15.9045816], [76.3364897, 15.9043196], [76.3376805, 15.9033845], [76.3380495, 15.9030864], [76.3384698, 15.9027882], [76.3389648, 15.9025352], [76.3394598, 15.9022507], [76.3400528, 15.9019436], [76.3405945, 15.9017041], [76.3409397, 15.9015769], [76.3420265, 15.9013579], [76.3431017, 15.9009023], [76.344853, 15.9004804], [76.3452454, 15.8992649], [76.3457129, 15.8953746], [76.3454617, 15.8896677], [76.34521, 15.8871644], [76.3435254, 15.8822345], [76.342415, 15.8781902], [76.3378644, 15.8717732], [76.3433504, 15.8684756], [76.3512033, 15.8637097], [76.3531824, 15.8659647], [76.355442, 15.8645867], [76.3560159, 15.8676594], [76.3569303, 15.8734974], [76.3572427, 15.8765971], [76.3580735, 15.8795975], [76.3588156, 15.8817393], [76.3573682, 15.8820735], [76.3577086, 15.8868993], [76.3582449, 15.8928322], [76.3587436, 15.9013903], [76.3534486, 15.9027679], [76.3538641, 15.9031565], [76.3543964, 15.9036084], [76.3547045, 15.9040197], [76.3549426, 15.9044535], [76.3551152, 15.904711], [76.3553114, 15.9049053], [76.3558109, 15.9052985], [76.356203, 15.905791], [76.3565532, 15.9062565], [76.3573096, 15.9071241], [76.3575944, 15.9075624], [76.3579911, 15.9082221], [76.3582106, 15.9086424], [76.3583647, 15.9089135], [76.3586867, 15.9092886], [76.3589203, 15.909501], [76.3591724, 15.9096862], [76.3595412, 15.9098716], [76.3599101, 15.9100026], [76.3603116, 15.9100885], [76.3604984, 15.9101382], [76.3607645, 15.9102241], [76.3612502, 15.9105313], [76.3615022, 15.9107619], [76.3619038, 15.911155], [76.3623147, 15.911503], [76.3628003, 15.9118193], [76.363291, 15.9120303], [76.3637948, 15.9122667], [76.3641404, 15.9123751], [76.3644532, 15.9123887], [76.3654151, 15.9123256], [76.3660969, 15.9122849], [76.3666291, 15.9122353], [76.367479, 15.9122398], [76.36803, 15.9122986], [76.3686884, 15.9124116], [76.3695616, 15.9126149], [76.3700145, 15.9127957], [76.3703693, 15.9130984], [76.3707195, 15.913356], [76.3712004, 15.9138982], [76.3714853, 15.9143275], [76.3716954, 15.9147116], [76.3721483, 15.9154526], [76.3723818, 15.915787], [76.3725078, 15.9160129], [76.3730401, 15.9168534], [76.3735304, 15.9173956], [76.3737826, 15.9153713], [76.3741936, 15.9121452], [76.3743758, 15.9089596], [76.3747215, 15.9049156], [76.3750903, 15.9022181], [76.3809455, 15.9021503], [76.3879586, 15.9028776], [76.39168, 15.9029677], [76.3971476, 15.9028182], [76.4036937, 15.9020584], [76.4037447, 15.8993926], [76.4095575, 15.8973539], [76.4130498, 15.8961651], [76.4153749, 15.8956496], [76.4178868, 15.8953464], [76.4224105, 15.892892], [76.4252769, 15.8913099], [76.4268081, 15.8903064], [76.4255845, 15.8891184], [76.4246086, 15.8884227], [76.4245431, 15.8879664], [76.4244819, 15.8859873], [76.424375, 15.8856711], [76.4240709, 15.8847719], [76.423851, 15.8831589], [76.4241682, 15.8814689], [76.4242005, 15.8798874], [76.4234763, 15.8775469], [76.4224392, 15.8744746], [76.4217152, 15.8724775], [76.4207112, 15.8714114], [76.4189512, 15.8711407], [76.4181758, 15.8689267], [76.4212749, 15.8655824], [76.4264839, 15.8619078], [76.428869, 15.8604161], [76.4328597, 15.8582869], [76.4399594, 15.8562246], [76.4443283, 15.8547955], [76.447011, 15.8540059], [76.4471067, 15.8539604], [76.4478478, 15.8537596], [76.451179, 15.8489508], [76.4513656, 15.8484447], [76.451458, 15.8459234], [76.4509577, 15.8437004], [76.4502339, 15.8427608], [76.4500138, 15.8406915], [76.449453, 15.838848], [76.4488547, 15.8364173], [76.4480983, 15.8355951], [76.4449889, 15.833495], [76.4456466, 15.8322522], [76.4439558, 15.8286063], [76.4421808, 15.8240386], [76.4421193, 15.8240488], [76.4379196, 15.8247176], [76.4365657, 15.8236244], [76.4342456, 15.8216123], [76.4341802, 15.8215556], [76.4268231, 15.8158143], [76.4265674, 15.8143383], [76.4250782, 15.8128396], [76.4224007, 15.8120696], [76.4222858, 15.8119745], [76.4222297, 15.8118525], [76.422211, 15.8116582], [76.422225, 15.8114504], [76.4222995, 15.8111522], [76.4223555, 15.8107906], [76.4224674, 15.8104065], [76.422584, 15.8097829], [76.4225372, 15.8093673], [76.4224158, 15.8090736], [76.4221403, 15.8086218], [76.4218462, 15.8081248], [76.4215148, 15.8077499], [76.4213234, 15.8075104], [76.4212113, 15.8072032], [76.4211552, 15.8068598], [76.4209955, 15.8059467], [76.4208913, 15.8057737], [76.4207423, 15.8056008], [76.4204533, 15.8053309], [76.4201188, 15.8052288], [76.4195495, 15.8054096], [76.4192835, 15.8055723], [76.4185976, 15.8059611], [76.4182289, 15.8062322], [76.4180609, 15.8063678], [76.4179396, 15.8064446], [76.4178463, 15.8065034], [76.4177389, 15.8065351], [76.4176269, 15.8065351], [76.4174635, 15.8064583], [76.4173282, 15.8063454], [76.4171834, 15.8061285], [76.4170294, 15.805758], [76.416908, 15.8055005], [76.4167259, 15.8052746], [76.4165579, 15.8051662], [76.4163339, 15.8051074], [76.4161566, 15.8051166], [76.4159232, 15.8051392], [76.4156106, 15.8051935], [76.4152279, 15.8052342], [76.4149058, 15.8052342], [76.4146351, 15.805189], [76.4142245, 15.8050807], [76.4138464, 15.804882], [76.4132116, 15.8044528], [76.4130941, 15.7995276], [76.4129676, 15.7967306], [76.4135647, 15.7956958], [76.4144467, 15.7946926], [76.4150438, 15.7937798], [76.4151414, 15.7915746], [76.4174607, 15.7913212], [76.4219452, 15.7909228], [76.4223931, 15.7902719], [76.4221681, 15.7855728], [76.423176, 15.7853195], [76.4276231, 15.7852463], [76.4304978, 15.785354], [76.4317672, 15.7861128], [76.4334101, 15.7870161], [76.4341568, 15.7869617], [76.437185, 15.7858222], [76.4394851, 15.7844254], [76.4395966, 15.7826179], [76.4393718, 15.7799792], [76.4386366, 15.7742812], [76.4390327, 15.7695731], [76.4392558, 15.7665095], [76.4391436, 15.7653889], [76.4384712, 15.7637262], [76.4382093, 15.7620996], [76.4382832, 15.7592439], [76.4386188, 15.7583762], [76.4389545, 15.7574318], [76.4392302, 15.7510301], [76.439111, 15.7499507], [76.4397502, 15.7491186], [76.442911, 15.7477705], [76.4444335, 15.7467094], [76.4474185, 15.7440244], [76.4463586, 15.741273], [76.4452431, 15.7400126], [76.4432177, 15.7381968], [76.4457735, 15.7362376], [76.4466055, 15.7352475], [76.4472269, 15.7342471], [76.4494164, 15.7335046], [76.4530496, 15.7302862], [76.4563847, 15.7287667], [76.461581, 15.7270884], [76.4672019, 15.7256855], [76.4736988, 15.7220454], [76.4755924, 15.7212266], [76.4759746, 15.7204583], [76.4821936, 15.7192209], [76.4821977, 15.7192077], [76.4825327, 15.7185982], [76.4827377, 15.7181688], [76.4834836, 15.7172286], [76.4840942, 15.7162252], [76.4844015, 15.7150909], [76.4846998, 15.7144898], [76.4847311, 15.7144448], [76.4848909, 15.7142275], [76.4853293, 15.7140331], [76.4861268, 15.7138564], [76.4872558, 15.7137519], [76.4877409, 15.7138059], [76.4891449, 15.7137646], [76.4901525, 15.7135969], [76.4905069, 15.7133843], [76.4906607, 15.7131719], [76.4907165, 15.7128375], [76.490693, 15.7125754], [76.4905949, 15.7122772], [76.4902775, 15.7118391], [76.4899414, 15.7113919], [76.489876, 15.7110847], [76.4899317, 15.7107683], [76.4900808, 15.7104068], [76.4909944, 15.7090689], [76.4913168, 15.7083357], [76.4914115, 15.7081061], [76.4914902, 15.707458], [76.4989595, 15.7120402], [76.4996317, 15.7124494], [76.501012, 15.7132003], [76.5019354, 15.7136437], [76.5034463, 15.7145121], [76.5044163, 15.7151046], [76.5049852, 15.7153896], [76.5065523, 15.7158468], [76.5073452, 15.7160823], [76.5080028, 15.7162543], [76.5092995, 15.7166346], [76.509808, 15.7167117], [76.5103537, 15.7167436], [76.5109509, 15.7166762], [76.5114975, 15.7165643], [76.5118093, 15.7165004], [76.5123692, 15.7162747], [76.5126373, 15.71603], [76.512864, 15.7158232], [76.5143013, 15.7147168], [76.5146468, 15.7143194], [76.5147358, 15.7137095], [76.5147362, 15.7130272], [76.5146992, 15.7122906], [76.5147696, 15.7116445], [76.5148025, 15.7110842], [76.5147983, 15.7103658], [76.516626, 15.7120838], [76.5175211, 15.7128659], [76.5180811, 15.7125409], [76.5187483, 15.7123198], [76.5192895, 15.7121122], [76.5199568, 15.7118595], [76.5205027, 15.7116202], [76.5215526, 15.7108843], [76.5220286, 15.7104417], [76.522976, 15.7095565], [76.5235174, 15.7092315], [76.5250293, 15.708107], [76.5261072, 15.7074614], [76.5264713, 15.7069283], [76.5267701, 15.7063863], [76.5270877, 15.7057222], [76.5276483, 15.7038654], [76.5284704, 15.7014437], [76.5288536, 15.7003188], [76.5291335, 15.7001653], [76.5294134, 15.7000118], [76.5306264, 15.6995514], [76.5318673, 15.6992402], [76.5331361, 15.6991549], [76.5343443, 15.6990154], [76.5356971, 15.6988984], [76.5356589, 15.7008007], [76.5356019, 15.7030917], [76.535639, 15.70353], [76.5363945, 15.7037698], [76.5371784, 15.7034945], [76.5378452, 15.7039376], [76.5387409, 15.7038792], [76.5392446, 15.7040466], [76.5399489, 15.7041373], [76.5404946, 15.7040968], [76.5417215, 15.7038262], [76.5424306, 15.7037045], [76.5429998, 15.7035827], [76.5436855, 15.7034836], [76.544334, 15.7033799], [76.543024, 15.7013686], [76.5421524, 15.6997913], [76.5415138, 15.6987156], [76.5427359, 15.6986573], [76.5434123, 15.6985943], [76.544098, 15.6986804], [76.5447137, 15.6987847], [76.5465514, 15.6990022], [76.5471858, 15.6991064], [76.5474862, 15.6991025], [76.5478714, 15.6990976], [76.549877, 15.6994192], [76.5510898, 15.6994693], [76.5529835, 15.6998586], [76.553424, 15.7000484], [76.5536131, 15.7001299], [76.555348, 15.7008941], [76.5566306, 15.7013509], [76.5595503, 15.7024363], [76.5614066, 15.7031147], [76.5616021, 15.7044342], [76.5618443, 15.7056723], [76.5642328, 15.7047693], [76.5661082, 15.7041011], [76.5678483, 15.7034238], [76.5702322, 15.7025162], [76.5707108, 15.7023631], [76.5708106, 15.7023312], [76.5725741, 15.7015951], [76.5736518, 15.7011209], [76.5760449, 15.7002133], [76.5766888, 15.6999107], [76.5785267, 15.699292], [76.5797956, 15.6989218], [76.5821793, 15.6982536], [76.5828323, 15.6981362], [76.5848288, 15.6977932], [76.5860416, 15.697554], [76.5861099, 15.6975685], [76.587371, 15.6978208], [76.5877274, 15.6978778], [76.5886723, 15.698029], [76.5911025, 15.6985038], [76.5923991, 15.6987571], [76.5956689, 15.6993586], [76.5969795, 15.6996254], [76.5972178, 15.6971356], [76.5972647, 15.6958208], [76.5973721, 15.695021], [76.597489, 15.6927707], [76.5977506, 15.6905025], [76.5979048, 15.688311], [76.5981011, 15.6859568], [76.5984046, 15.683553], [76.5985169, 15.6813344], [76.598811, 15.6793463], [76.598965, 15.6789848], [76.5992123, 15.6775705], [76.5993666, 15.6756772], [76.5994508, 15.6739376], [76.6012884, 15.6734047], [76.6032147, 15.6729711], [76.6063443, 15.6723388], [76.6076409, 15.6720814], [76.6083965, 15.6716883], [76.6093852, 15.6715529], [76.6102434, 15.670952], [76.610943, 15.6711328], [76.6128413, 15.670663], [76.6146555, 15.6701977], [76.6159288, 15.6699945], [76.6166098, 15.6699402], [76.6178923, 15.6699584], [76.6185664, 15.6699656], [76.6191562, 15.669972], [76.6203828, 15.6700037], [76.6223043, 15.6701709], [76.6235449, 15.6702162], [76.6255131, 15.6701846], [76.6275279, 15.6703337], [76.6287218, 15.6704196], [76.6299903, 15.670397], [76.6306153, 15.6703473], [76.6318792, 15.6701258], [76.6337262, 15.6696965], [76.6351066, 15.6693395], [76.6369115, 15.668874], [76.6375085, 15.6688063], [76.6381428, 15.6686887], [76.6400362, 15.6683271], [76.6411789, 15.668056], [76.6424381, 15.6677305], [76.643161, 15.6675905], [76.6443549, 15.6674231], [76.6463697, 15.6670434], [76.6477222, 15.66684], [76.6486922, 15.6666038], [76.6495596, 15.6663924], [76.6502125, 15.6663247], [76.65205, 15.6659991], [76.6532999, 15.6657052], [76.6538596, 15.6657097], [76.6536448, 15.6635589], [76.6535512, 15.6614804], [76.6534251, 15.660301], [76.6554072, 15.6599935], [76.6578696, 15.6596814], [76.6591941, 15.6595457], [76.6624212, 15.6591656], [76.6630041, 15.6591972], [76.6637177, 15.6589893], [76.6651354, 15.6588806], [76.6654898, 15.6588534], [76.6667863, 15.6587311], [76.6680827, 15.658609], [76.6698875, 15.6584188], [76.6711326, 15.6582965], [76.6718136, 15.6582242], [76.6717058, 15.6562992], [76.6716122, 15.654406], [76.6714159, 15.6524268], [76.6713222, 15.650005], [76.6711584, 15.6475514], [76.6708922, 15.6456401], [76.670696, 15.6436971], [76.6703831, 15.6416999], [76.6701868, 15.6397389], [76.6702007, 15.638903], [76.6709889, 15.6393772], [76.6719914, 15.6394629], [76.6726398, 15.6401767], [76.6736937, 15.6403979], [76.6742349, 15.6412428], [76.6751628, 15.6410574], [76.676128, 15.6410887], [76.6769393, 15.6406819], [76.6774432, 15.6415358], [76.6783946, 15.6418022], [76.6791502, 15.642412], [76.6798498, 15.6429676], [76.6801112, 15.6439481], [76.6811977, 15.6442325], [76.6819161, 15.6449146], [76.6829374, 15.6451223], [76.6836232, 15.6457864], [76.6846443, 15.6455149], [76.685344, 15.6462965], [76.6859411, 15.6469787], [76.686734, 15.6475569], [76.6874522, 15.6476561], [76.6886321, 15.6478274], [76.6896999, 15.647556], [76.6905815, 15.6481658], [76.6913212, 15.6453672], [76.691555, 15.6444829], [76.6923886, 15.640696], [76.6932921, 15.6369092], [76.6938787, 15.6341797], [76.6939155, 15.6322051], [76.6938162, 15.6283192], [76.6935586, 15.6246366], [76.6917216, 15.6250076], [76.6889334, 15.6256184], [76.6872643, 15.62603], [76.6842008, 15.6265505], [76.6827974, 15.6266909], [76.6809696, 15.6269625], [76.6804007, 15.6270395], [76.6801857, 15.6251868], [76.6800126, 15.6225299], [76.6799699, 15.6195115], [76.6798573, 15.6170218], [76.6796797, 15.6151828], [76.6795672, 15.6126931], [76.6798277, 15.6102755], [76.6801671, 15.6066244], [76.6813188, 15.6069586], [76.6825125, 15.6071978], [76.683072, 15.606922], [76.6837247, 15.6067184], [76.6843353, 15.6064788], [76.6849321, 15.6062437], [76.6854589, 15.6060041], [76.6875938, 15.604535], [76.6881532, 15.6041597], [76.6886099, 15.6036807], [76.6896633, 15.6026592], [76.6903578, 15.6017327], [76.6908146, 15.6012581], [76.6901802, 15.6001692], [76.689513, 15.5989404], [76.6890838, 15.5977431], [76.6887662, 15.5958364], [76.6897776, 15.5951492], [76.6909337, 15.5944349], [76.6920244, 15.5936484], [76.6924765, 15.5933772], [76.6930592, 15.5931375], [76.6936746, 15.5930017], [76.6949006, 15.5925947], [76.6961919, 15.5922464], [76.697418, 15.592011], [76.6985786, 15.5915679], [76.6997721, 15.5912602], [76.7002988, 15.5910205], [76.7006069, 15.5922585], [76.7008875, 15.5944861], [76.7028454, 15.5941737], [76.7047055, 15.5938657], [76.7059362, 15.5935581], [76.7091575, 15.5929379], [76.7110876, 15.5927158], [76.7149056, 15.5921314], [76.7174323, 15.5917192], [76.7199683, 15.5914064], [76.7212877, 15.5913019], [76.7229008, 15.5913374], [76.7264269, 15.5911998], [76.726649, 15.5911911], [76.7274742, 15.5912269], [76.7289336, 15.5915516], [76.7307089, 15.5919365], [76.7307847, 15.5919529], [76.7324724, 15.5921916], [76.7339131, 15.5922587], [76.7353444, 15.5923529], [76.737242, 15.5926954], [76.7382212, 15.5927943], [76.739559, 15.5923192], [76.741866, 15.5911387], [76.7425, 15.5908808], [76.7430266, 15.5907449], [76.7436933, 15.590609], [76.74436, 15.5905725], [76.7452365, 15.5907077], [76.7459638, 15.5907705], [76.7465279, 15.5907521], [76.7474041, 15.5903585], [76.7489333, 15.5898472], [76.7503606, 15.5892153], [76.7517642, 15.5887056], [76.7534663, 15.5879067], [76.75439, 15.5868635], [76.7550437, 15.5851874], [76.7553432, 15.5831994], [76.7552982, 15.5805289], [76.7552248, 15.5786807], [76.7552409, 15.5783576], [76.755456, 15.5740718], [76.7555313, 15.572784], [76.7558307, 15.5709135], [76.7565073, 15.5699198], [76.7575244, 15.5684021], [76.7582802, 15.5673135], [76.7588538, 15.5668981], [76.7605558, 15.5659772], [76.7627335, 15.5646906], [76.7655133, 15.5637634], [76.7685427, 15.5626827], [76.769741, 15.5620508], [76.7707718, 15.5611024], [76.7713221, 15.5605469], [76.7719468, 15.5603258], [76.7731217, 15.5597931], [76.7761338, 15.5581995], [76.777332, 15.5578114], [76.7783624, 15.557107], [76.7789312, 15.5570259], [76.7800453, 15.556936], [76.7812248, 15.5564349], [76.7817098, 15.5559923], [76.7825209, 15.5560424], [76.7834904, 15.5559253], [76.7843948, 15.5558941], [76.7851683, 15.5562469], [76.7861285, 15.5564642], [76.7889957, 15.5553177], [76.7943754, 15.55391], [76.7953126, 15.5533681], [76.7972382, 15.5517692], [76.7984411, 15.5510647], [76.7990426, 15.5507487], [76.8004177, 15.5504554], [76.8043987, 15.5493181], [76.8081281, 15.5480586], [76.8107235, 15.5474362], [76.8108431, 15.5476104], [76.8112975, 15.548272], [76.8117915, 15.5487105], [76.8126443, 15.5493614], [76.81332, 15.5497683], [76.8137301, 15.5501164], [76.8140143, 15.5504057], [76.8144477, 15.5509571], [76.8150767, 15.5515808], [76.8157618, 15.5520781], [76.8162884, 15.5524532], [76.8173556, 15.5529325], [76.8179662, 15.5531632], [76.8185209, 15.5534118], [76.8191173, 15.55376], [76.819644, 15.5541351], [76.8204781, 15.5548312], [76.8214894, 15.5556312], [76.8225521, 15.5561556], [76.8241832, 15.557358], [76.8259262, 15.5584474], [76.8267046, 15.5588272], [76.8272733, 15.5589855], [76.8278699, 15.5590851], [76.8285924, 15.5592163], [76.8295012, 15.5593475], [76.8302517, 15.5595646], [76.8305873, 15.5597544], [76.8310208, 15.5600166], [76.8315148, 15.5604234], [76.8320368, 15.5608889], [76.8334068, 15.5625701], [76.8342736, 15.5635735], [76.834665, 15.56431], [76.8350018, 15.5659448], [76.8352888, 15.5685351], [76.8351762, 15.5720731], [76.8352872, 15.5758598], [76.8351466, 15.5794701], [76.835025, 15.5813725], [76.8347031, 15.5827506], [76.8344254, 15.5839225], [76.833856, 15.5875041], [76.8333093, 15.590675], [76.8332, 15.5922423], [76.8332911, 15.5935544], [76.8329084, 15.5947025], [76.8322247, 15.5957185], [76.8322526, 15.5958903], [76.832411, 15.5961524], [76.8329517, 15.5969794], [76.8334877, 15.5977205], [76.8336695, 15.5978968], [76.8338326, 15.5982312], [76.8339537, 15.5986921], [76.8343498, 15.5995643], [76.8349324, 15.6007212], [76.8352492, 15.6012318], [76.8362049, 15.602303], [76.8364379, 15.6026238], [76.8364886, 15.6053079], [76.8364746, 15.6056558], [76.8364279, 15.6057733], [76.835817, 15.6066723], [76.8350893, 15.6080369], [76.8346229, 15.609198], [76.8343523, 15.6100565], [76.8341515, 15.6114483], [76.8337641, 15.6128127], [76.8329757, 15.6146833], [76.8323828, 15.61828], [76.8323727, 15.6216328], [76.8324937, 15.6228936], [76.8336212, 15.6266532], [76.8342971, 15.627783], [76.8345209, 15.6279999], [76.8348053, 15.6281762], [76.8355233, 15.6284791], [76.8364139, 15.6288136], [76.8372951, 15.6293199], [76.8381622, 15.6299889], [76.8388662, 15.6306849], [76.8400411, 15.6319187], [76.8408802, 15.6329355], [76.841449, 15.633514], [76.8419245, 15.6338484], [76.8427359, 15.6342823], [76.8444331, 15.6351682], [76.845386, 15.6357941], [76.8491377, 15.6382461], [76.8502753, 15.6390144], [76.8509795, 15.6395341], [76.8515483, 15.6400584], [76.8523829, 15.640813], [76.8527466, 15.6410164], [76.8531709, 15.6411611], [76.8535439, 15.6412063], [76.8539636, 15.6412786], [76.8548497, 15.6413058], [76.8555818, 15.6413376], [76.8561367, 15.6414371], [76.8565237, 15.6415817], [76.8571206, 15.6419748], [76.8576242, 15.6423951], [76.8583562, 15.6433803], [76.8590463, 15.6447313], [76.8593213, 15.6457029], [76.8598992, 15.6497787], [76.8603001, 15.6518257], [76.8605565, 15.6524944], [76.8615963, 15.6538863], [76.864716, 15.6577183], [76.8682088, 15.6616225], [76.8698829, 15.6634074], [76.8720328, 15.6656849], [76.8727511, 15.6662226], [76.8734693, 15.6666022], [76.8746073, 15.6670767], [76.8767992, 15.6683555], [76.878758, 15.6694716], [76.8802085, 15.6706464], [76.8808615, 15.6713152], [76.8830675, 15.6744646], [76.8844761, 15.6762629], [76.8851618, 15.6774106], [76.8855442, 15.6783098], [76.8863698, 15.6801669], [76.8874847, 15.6825301], [76.8886368, 15.6840529], [76.8894158, 15.6848526], [76.8901574, 15.6854897], [76.8909504, 15.6860273], [76.8918926, 15.6864475], [76.893152, 15.6868857], [76.8948638, 15.6872607], [76.8967808, 15.6875045], [76.8990617, 15.6878974], [76.9002603, 15.6880238], [76.9017903, 15.6882858], [76.9033436, 15.6887374], [76.9042811, 15.6890988], [76.9058531, 15.6898532], [76.9067814, 15.6903457], [76.907803, 15.6909103], [76.9087219, 15.691606], [76.9093657, 15.6922431], [76.9097529, 15.6926361], [76.9101868, 15.6932913], [76.9109286, 15.6945519], [76.9121697, 15.6966438], [76.9129162, 15.6975836], [76.91342, 15.6979766], [76.9140778, 15.6982972], [76.9152906, 15.6987895], [76.9163403, 15.6992548], [76.9168768, 15.6996614], [76.9175439, 15.7005876], [76.9182206, 15.7021826], [76.918804, 15.7038407], [76.9189433, 15.7054037], [76.9187442, 15.7080746], [76.918847, 15.7089603], [76.9189963, 15.7093941], [76.9199344, 15.7113684], [76.9204571, 15.7128053], [76.9205925, 15.7133701], [76.9205413, 15.7140976], [76.9203317, 15.7154622], [76.9197862, 15.7172019], [76.9192781, 15.7186525], [76.9193248, 15.719014], [76.9200003, 15.7206885], [76.9211731, 15.7235684], [76.9212572, 15.7243682], [76.9219856, 15.7273864], [76.9222703, 15.7280957], [76.9226156, 15.7286334], [76.922975, 15.72904], [76.9233483, 15.7293878], [76.9246128, 15.7304178], [76.9254387, 15.7313484], [76.9257841, 15.731868], [76.9262695, 15.7330292], [76.9275208, 15.7369013], [76.9290098, 15.7401362], [76.9302094, 15.7422688], [76.9311755, 15.7437913], [76.9323284, 15.7453589], [76.9329584, 15.7461433], [76.9349886, 15.7485032], [76.9369642, 15.7510468], [76.9375838, 15.7521111], [76.9380365, 15.7530056], [76.9386107, 15.7537556], [76.9396935, 15.7548849], [76.9402583, 15.7558788], [76.9405432, 15.7567373], [76.9409728, 15.7577583], [76.9413322, 15.7584315], [76.9418179, 15.759561], [76.9421634, 15.7602387], [76.9425743, 15.7613276], [76.9428311, 15.7618833], [76.9434566, 15.7626332], [76.94404, 15.7632882], [76.9448801, 15.7638301], [76.9456967, 15.7642185], [76.9466861, 15.7645706], [76.9481233, 15.7649814], [76.9492248, 15.7656181], [76.9501862, 15.7663046], [76.9507463, 15.766693], [76.9517403, 15.7671626], [76.9530284, 15.7679755], [76.9539386, 15.7685988], [76.9547693, 15.7690503], [76.955684, 15.7694115], [76.9565894, 15.7698359], [76.9575602, 15.7704998], [76.9583117, 15.7710734], [76.9589931, 15.7714933], [76.9598736, 15.7719068], [76.9599545, 15.7719448], [76.9610652, 15.7723149], [76.9626099, 15.7725855], [76.9635431, 15.7726574], [76.9635432, 15.7726574], [76.9646071, 15.7728829], [76.9653118, 15.7731718], [76.9660633, 15.7735692], [76.9669921, 15.7742737], [76.9672935, 15.7746475], [76.9677532, 15.7752177], [76.9682201, 15.7758908], [76.9687245, 15.7768079], [76.9692225, 15.77773], [76.9694857, 15.7782173], [76.9694857, 15.7782174], [76.9704244, 15.7798436], [76.9710033, 15.7805934], [76.971587, 15.7813885], [76.9717232, 15.7815529], [76.972208, 15.7821383], [76.9728196, 15.7828474], [76.9734919, 15.7835339], [76.9742621, 15.7841752], [76.9742622, 15.7841753], [76.9750511, 15.784812], [76.975714, 15.785372], [76.9765076, 15.7859726], [76.9773059, 15.7865913], [76.9780668, 15.7871332], [76.978795, 15.7876976], [76.9796027, 15.7884428], [76.9799936, 15.7888648], [76.980247, 15.7891384], [76.9808541, 15.7900328], [76.9812464, 15.790629], [76.9818396, 15.7915505], [76.9822413, 15.7923546], [76.9826151, 15.7933124], [76.9826152, 15.7933124], [76.9829561, 15.7939086], [76.9829561, 15.7939087], [76.9832409, 15.7942068], [76.9834959, 15.7944041], [76.9838478, 15.7946764], [76.9841421, 15.7949132], [76.9844875, 15.7951912], [76.9854631, 15.7958188], [76.9862474, 15.7963155], [76.9870083, 15.7968166], [76.9877833, 15.797372], [76.9882361, 15.7977106], [76.9882362, 15.7977107], [76.9887777, 15.7980764], [76.9889223, 15.7981419], [76.9890765, 15.7982118], [76.9894218, 15.7982929], [76.9894219, 15.798293], [76.9897253, 15.7984193], [76.9899634, 15.7985819], [76.9900519, 15.7986833], [76.9902155, 15.7988709], [76.990449, 15.7991736], [76.9907776, 15.7995752], [76.9907853, 15.7995846], [76.991271, 15.8001627], [76.9919294, 15.8009305], [76.9926765, 15.8017163], [76.9932183, 15.8023803], [76.993648, 15.8030533], [76.9940404, 15.8038212], [76.9942461, 15.8043859], [76.9943258, 15.8049552], [76.9943819, 15.8052037], [76.9945128, 15.8055787], [76.9946576, 15.8057729], [76.9948724, 15.8060394], [76.995344, 15.8063916], [76.9959649, 15.8067663], [76.9962544, 15.8069695], [76.996572, 15.8073172], [76.9967728, 15.8076425], [76.9969598, 15.8080445], [76.9974457, 15.8090519], [76.9977027, 15.8095623], [76.9982166, 15.8104025], [76.9985716, 15.8109806], [76.9987584, 15.8111929], [76.9988991, 15.8113138], [76.999945, 15.8115549], [77.0012889, 15.811881], [77.003286, 15.8126188], [77.0049889, 15.8136635], [77.0070929, 15.8150744], [77.0094675, 15.8167657], [77.0104238, 15.8175615], [77.0125513, 15.8190583], [77.0146132, 15.8208171], [77.0159799, 15.8221643], [77.0170341, 15.8233804], [77.0176142, 15.8241953], [77.0176357, 15.8242256], [77.0181861, 15.8250076], [77.0186149, 15.8260064], [77.0202244, 15.8274576], [77.0213021, 15.828502], [77.0220202, 15.829632], [77.0228036, 15.8312364], [77.0233921, 15.8325988], [77.0234283, 15.8326827], [77.0242812, 15.8351772], [77.0249709, 15.8371748], [77.0251855, 15.8375092], [77.0256936, 15.8393146], [77.0266378, 15.8412964], [77.0284617, 15.8440315], [77.0299423, 15.847324], [77.0304787, 15.8487586], [77.0309495, 15.8509115], [77.0309615, 15.8524122], [77.0325494, 15.8569739], [77.033515, 15.8586046], [77.0349741, 15.8608131], [77.0373988, 15.862774], [77.03933, 15.8644872], [77.0408106, 15.8662622], [77.0427418, 15.8683056], [77.0467114, 15.8721859], [77.0517754, 15.8768916], [77.0551872, 15.8808543], [77.056539, 15.8831865], [77.0574188, 15.8860346], [77.0582342, 15.8884698], [77.0605302, 15.8928038], [77.062397, 15.8963121], [77.0652509, 15.9007697], [77.0681691, 15.9046906], [77.0696711, 15.9071669], [77.0718169, 15.9096639], [77.0740056, 15.911356], [77.0760655, 15.9124909], [77.0789838, 15.9144307], [77.080872, 15.9158958], [77.0837688, 15.9180624], [77.0860648, 15.9196513], [77.0889187, 15.9208894], [77.0923519, 15.9227052], [77.0975876, 15.9260892], [77.1023941, 15.9287716], [77.1050548, 15.9297621], [77.1098614, 15.9312683], [77.1140885, 15.9328158], [77.1196246, 15.9341364], [77.1212768, 15.9343633], [77.1242809, 15.9344046], [77.1280145, 15.9356219], [77.1315551, 15.936633], [77.1358681, 15.937644], [77.1367693, 15.9380979], [77.1387696, 15.9400407], [77.1413306, 15.9430192], [77.1454167, 15.9458557], [77.1496224, 15.9480427], [77.1549225, 15.9497757], [77.1581197, 15.950766], [77.1627331, 15.9508073], [77.1665954, 15.9501471], [77.1714234, 15.9501884], [77.1743202, 15.9507454], [77.1779036, 15.9526848], [77.1820664, 15.9553256], [77.1838259, 15.9563984], [77.1849632, 15.9567697], [77.1898556, 15.956584], [77.1937823, 15.9565222], [77.1994257, 15.955635], [77.203331, 15.9551605], [77.20788, 15.9553256], [77.2122788, 15.9560683], [77.2142315, 15.9565428], [77.2179436, 15.9579251], [77.2207331, 15.9579869], [77.2232008, 15.9579457], [77.2290587, 15.9575537], [77.2318697, 15.9572855], [77.2355604, 15.9577187], [77.2378778, 15.9583789], [77.2399163, 15.9593486], [77.2427702, 15.9611847], [77.2446584, 15.9625876], [77.247405, 15.9640729], [77.2500014, 15.9649394], [77.2521257, 15.9642173], [77.2565031, 15.9622368], [77.2612667, 15.9599262], [77.2621884, 15.9594001], [77.2684739, 15.9575951], [77.2854862, 15.9532039], [77.299154, 15.9581593], [77.3263263, 15.9495694], [77.356402, 15.9500796], [77.3679113, 15.9475888], [77.3769733, 15.9403899], [77.3890686, 15.9409452], [77.4020076, 15.9441845], [77.4134016, 15.9428021], [77.4274539, 15.9483614], [77.4505533, 15.9404934], [77.4665248, 15.9345308], [77.4889111, 15.9335019], [77.4988782, 15.9330428], [77.5114453, 15.9283309], [77.5133402, 15.9280671], [77.5138993, 15.9299013], [77.5144246, 15.9317008], [77.5144515, 15.9318285], [77.5144896, 15.9319687], [77.5150715, 15.9345147], [77.5151042, 15.9346356], [77.515515, 15.9367951], [77.516061, 15.9389643], [77.5160752, 15.9391118], [77.5161311, 15.9393614], [77.5161317, 15.9395073], [77.516504, 15.9417145], [77.5165302, 15.9417982], [77.5165322, 15.9418886], [77.5167993, 15.9432026], [77.5170413, 15.9447947], [77.5174, 15.9464359], [77.5174222, 15.9465794], [77.5177257, 15.9491825], [77.5179658, 15.9515275], [77.5179979, 15.9528656], [77.5179955, 15.9529568], [77.5182872, 15.957846], [77.5184705, 15.95942], [77.5185965, 15.9617745], [77.5187144, 15.9625037], [77.5189741, 15.9638753], [77.519203, 15.9660299], [77.5192136, 15.9672522], [77.5178811, 15.9673607], [77.5177102, 15.9673956], [77.5165738, 15.9675779], [77.5157166, 15.967708], [77.5155509, 15.9677393], [77.5153295, 15.9688578], [77.5151804, 15.9694734], [77.5150878, 15.9696358], [77.5146474, 15.9698993], [77.5145551, 15.9700599], [77.514279, 15.9707443], [77.5140639, 15.9714989], [77.5139771, 15.9717795], [77.5139284, 15.9718858], [77.5138849, 15.9720628], [77.5136733, 15.9725673], [77.5130499, 15.9729581], [77.5126107, 15.9732045], [77.5124591, 15.9732979], [77.5123888, 15.9734167], [77.5122333, 15.9736995], [77.5112329, 15.9758031], [77.5108725, 15.976552], [77.5108193, 15.9766536], [77.5107959, 15.9767157], [77.510787, 15.9767686], [77.5107598, 15.9771073], [77.5108083, 15.9776914], [77.5108439, 15.9783141], [77.5107831, 15.9791609], [77.5107697, 15.9793001], [77.5106945, 15.9796898], [77.5107282, 15.9797956], [77.5106034, 15.9798246], [77.5095681, 15.9803126], [77.5094647, 15.9803842], [77.5094722, 15.9805275], [77.5096344, 15.9816508], [77.5096808, 15.9817648], [77.5096241, 15.9819594], [77.5096564, 15.9840049], [77.5096644, 15.9841103], [77.5096677, 15.9842628], [77.5098301, 15.986135], [77.5098685, 15.986292], [77.5099672, 15.9871133], [77.5100763, 15.9876098], [77.5101708, 15.9884778], [77.510196, 15.9885962], [77.5102126, 15.9887615], [77.5103416, 15.9895161], [77.5104887, 15.9903042], [77.5105176, 15.9904307], [77.5105165, 15.9906298], [77.5106044, 15.9911174], [77.5106442, 15.9913173], [77.5107897, 15.9924801], [77.5108208, 15.9926944], [77.5108562, 15.9928506], [77.5110856, 15.9949552], [77.511147, 15.9952187], [77.5113279, 15.995833], [77.5113832, 15.9959663], [77.511446, 15.996146], [77.5118141, 15.9979615], [77.5118604, 15.9980965], [77.511886, 15.9982796], [77.5120458, 15.999025], [77.5120998, 15.9991823], [77.5120943, 15.9993483], [77.5121743, 15.9998748], [77.5121671, 15.9999881], [77.5122027, 16.0001794], [77.5122811, 16.0006638], [77.5123167, 16.000806], [77.5123545, 16.0011298], [77.5123302, 16.0013027], [77.5124004, 16.0022905], [77.5124057, 16.0025954], [77.5124383, 16.0027479], [77.5125901, 16.0036955], [77.5126335, 16.0038222], [77.5126674, 16.0039672], [77.5127494, 16.0042751], [77.5129481, 16.0046382], [77.5133044, 16.0056522], [77.513374, 16.0058174], [77.5133872, 16.0059987], [77.5137075, 16.0071717], [77.5139469, 16.00769], [77.5139943, 16.007817], [77.5140416, 16.007995], [77.514104, 16.0084178], [77.5140765, 16.0087225], [77.5135424, 16.008619], [77.5129808, 16.0086517], [77.5127738, 16.0086725], [77.5126601, 16.0087021], [77.5117874, 16.0088626], [77.5111623, 16.0090144], [77.51104, 16.0090572], [77.5108858, 16.0090532], [77.5093873, 16.0094717], [77.5080867, 16.0102779], [77.5079529, 16.0103147], [77.5078021, 16.0103128], [77.5066645, 16.0103755], [77.5065175, 16.0103731], [77.5065589, 16.0105134], [77.5066908, 16.0110003], [77.5067299, 16.0111219], [77.5066379, 16.0111195], [77.5056199, 16.0112743], [77.5054588, 16.011296], [77.5054892, 16.0114437], [77.5054998, 16.0118089], [77.5052538, 16.0132043], [77.5048857, 16.0134076], [77.50483, 16.0144065], [77.5048566, 16.0154849], [77.5044756, 16.0172825], [77.5039925, 16.0174171], [77.5041575, 16.0190593], [77.5042008, 16.019171], [77.5039703, 16.0192921], [77.5021924, 16.0197017], [77.5020086, 16.0196944], [77.5020071, 16.0198285], [77.5017714, 16.0215989], [77.5017204, 16.0220934], [77.5017169, 16.0226986], [77.5017345, 16.0228208], [77.5016122, 16.0229183], [77.500593, 16.0247207], [77.5000271, 16.026827], [77.4999936, 16.0269648], [77.4998808, 16.0270517], [77.497871, 16.0283553], [77.4966268, 16.0292077], [77.496507, 16.0292697], [77.4965732, 16.0293943], [77.4969343, 16.0301182], [77.4970127, 16.0302327], [77.4968852, 16.0303137], [77.4948302, 16.0311258], [77.4947093, 16.0311599], [77.4947302, 16.0313098], [77.4950544, 16.0325753], [77.4944768, 16.0339466], [77.4944239, 16.0340781], [77.4943929, 16.0341923], [77.4942885, 16.0357755], [77.4942492, 16.0366513], [77.4946786, 16.0375868], [77.4947383, 16.0376659], [77.4947105, 16.0385116], [77.4948805, 16.0394568], [77.4949343, 16.04019], [77.4951122, 16.0409119], [77.4955053, 16.0420506], [77.4970506, 16.0430312], [77.4980559, 16.0436176], [77.4981353, 16.0438866], [77.4982207, 16.0440371], [77.4982391, 16.0441442], [77.49828, 16.0451157], [77.4983114, 16.0452554], [77.4981901, 16.045328], [77.4971041, 16.0458562], [77.4972214, 16.0472441], [77.4973581, 16.0483226], [77.497814, 16.0491187], [77.4980452, 16.050547], [77.4981282, 16.0508559], [77.4979321, 16.0515444], [77.4978808, 16.051667], [77.4980556, 16.051666], [77.4989498, 16.0515144], [77.4991017, 16.0515294], [77.4997195, 16.0534231], [77.4997754, 16.0535616], [77.4996502, 16.0536443], [77.4977586, 16.0542397], [77.4976064, 16.0542678], [77.4975242, 16.0542967], [77.4972017, 16.0543706], [77.4970331, 16.054416], [77.4969189, 16.054459], [77.4963288, 16.0546466], [77.4963725, 16.0547922], [77.4970062, 16.0560617], [77.4970584, 16.0561874], [77.4970882, 16.0563423], [77.4974681, 16.0575578], [77.4978013, 16.0574228], [77.4978196, 16.0576342], [77.4978518, 16.0578021], [77.4978927, 16.0579237], [77.4981889, 16.0585036], [77.4983789, 16.0589237], [77.4985607, 16.0594088], [77.4990682, 16.0603831], [77.4989098, 16.0606373], [77.4992195, 16.0611856], [77.4996101, 16.0611595], [77.5000806, 16.0618668], [77.5003935, 16.0623851], [77.5007482, 16.0630942], [77.5012377, 16.0640117], [77.5030371, 16.0635508], [77.5034367, 16.0635031], [77.5035534, 16.0639471], [77.5041027, 16.0651997], [77.5042811, 16.0669468], [77.504282, 16.067096], [77.5043228, 16.0672569], [77.5046355, 16.0681635], [77.5041285, 16.0682869], [77.5042425, 16.0696865], [77.5035959, 16.0699767], [77.5036944, 16.0702763], [77.5037192, 16.0704932], [77.5039044, 16.0710075], [77.5044752, 16.0715982], [77.5051915, 16.0721885], [77.5053621, 16.072281], [77.5053786, 16.0725022], [77.5054882, 16.073394], [77.5055378, 16.0735546], [77.5056003, 16.0737061], [77.5062557, 16.0757357], [77.5062995, 16.0758622], [77.5063299, 16.0761085], [77.5067714, 16.077969], [77.5064691, 16.0781309], [77.5057641, 16.0793685], [77.5048908, 16.0807515], [77.5028823, 16.0812812], [77.5022584, 16.0813269], [77.5020672, 16.08136], [77.5018982, 16.0814346], [77.5013536, 16.0817028], [77.5012099, 16.0817937], [77.5010715, 16.0818335], [77.5009346, 16.0819135], [77.5007384, 16.0819655], [77.5002521, 16.0822257], [77.5001196, 16.0823019], [77.4999075, 16.0824015], [77.4991499, 16.0827347], [77.4974573, 16.0837805], [77.4961841, 16.0848953], [77.4951323, 16.0851236], [77.4944255, 16.0853386], [77.4923949, 16.0857707], [77.4934804, 16.0888682], [77.494426, 16.0912901], [77.4963462, 16.0934972], [77.4964241, 16.0936142], [77.496485, 16.0937677], [77.4973466, 16.0964252], [77.4974228, 16.0967908], [77.497509, 16.0969069], [77.4975644, 16.0970662], [77.4976661, 16.097478], [77.4976701, 16.0975899], [77.497851, 16.0982421], [77.4981231, 16.0989725], [77.4981581, 16.0990967], [77.4983823, 16.099713], [77.4987194, 16.1003168], [77.4987163, 16.1004913], [77.4987913, 16.1008235], [77.4989383, 16.1013968], [77.4993099, 16.1024259], [77.4993493, 16.102543], [77.4994142, 16.1026536], [77.4999023, 16.1038026], [77.5004659, 16.1057145], [77.5004561, 16.1058427], [77.5004806, 16.1059566], [77.5006601, 16.1065713], [77.5031661, 16.1069079], [77.503895, 16.106921], [77.5050025, 16.1079119], [77.5068361, 16.1089913], [77.5070426, 16.1091068], [77.5071595, 16.1091375], [77.5074889, 16.1092704], [77.5076416, 16.1092779], [77.5081421, 16.1093645], [77.5082868, 16.1093995], [77.5084774, 16.109405], [77.5096728, 16.1093783], [77.5107354, 16.108881], [77.5110944, 16.1087195], [77.5112976, 16.1086405], [77.5114114, 16.1085751], [77.5118401, 16.1082639], [77.5127148, 16.1077365], [77.5130854, 16.1076674], [77.5136976, 16.107547], [77.5138871, 16.107518], [77.5139191, 16.1077628], [77.5123202, 16.1097773], [77.5122224, 16.1098779], [77.5120419, 16.1099813], [77.5108466, 16.1109262], [77.5106564, 16.1110594], [77.5108037, 16.111959], [77.5107838, 16.1126574], [77.5108482, 16.1128289], [77.5109187, 16.1129537], [77.5108131, 16.1129917], [77.5106796, 16.1130278], [77.5105107, 16.1130825], [77.5088601, 16.113377], [77.5083528, 16.1136534], [77.5081464, 16.1138722], [77.5074392, 16.1150778], [77.5069356, 16.1150444], [77.5067814, 16.1150603], [77.5067991, 16.1152566], [77.5068373, 16.1154193], [77.5065413, 16.1156081], [77.5066216, 16.1157276], [77.5057993, 16.1159978], [77.505493, 16.1162402], [77.5051368, 16.1164831], [77.5043755, 16.1169532], [77.5043567, 16.1171056], [77.5030391, 16.1180052], [77.502341, 16.1193068], [77.5022844, 16.1194037], [77.5021985, 16.1194347], [77.5014446, 16.1197649], [77.501351, 16.1198439], [77.5006188, 16.1200163], [77.5004666, 16.1202536], [77.4998326, 16.1203466], [77.4984672, 16.1204841], [77.4981024, 16.1205329], [77.4978294, 16.1205902], [77.496573, 16.1208375], [77.4952232, 16.1200958], [77.4945154, 16.1200351], [77.4927662, 16.1210213], [77.4926491, 16.1210832], [77.4925312, 16.1209865], [77.4897838, 16.1195562], [77.4896441, 16.1194905], [77.4896259, 16.1196313], [77.4895759, 16.1206147], [77.4898012, 16.1235371], [77.4909333, 16.1259098], [77.4911771, 16.1274544], [77.491574, 16.1300555], [77.4916271, 16.1301827], [77.4917676, 16.1307914], [77.4916674, 16.1321901], [77.4916489, 16.1323328], [77.4917068, 16.1325039], [77.4919148, 16.1331727], [77.4917582, 16.1337098], [77.4918456, 16.1341251], [77.4919879, 16.1345224], [77.4919768, 16.1345623], [77.4920177, 16.1347443], [77.4920287, 16.1349395], [77.4920572, 16.135113], [77.4919667, 16.1351513], [77.4913137, 16.1353346], [77.4912606, 16.1359152], [77.4912555, 16.1360632], [77.4912409, 16.1361852], [77.4912633, 16.137589], [77.4912846, 16.1376952], [77.4912613, 16.137767], [77.4911292, 16.1382508], [77.4911394, 16.1396167], [77.4909182, 16.1414777], [77.4909397, 16.1415745], [77.4910067, 16.1421985], [77.4910422, 16.1424312], [77.4916953, 16.1456041], [77.4917098, 16.145758], [77.4916589, 16.1458812], [77.4910795, 16.1474464], [77.4910306, 16.1476266], [77.4909642, 16.1476972], [77.4899116, 16.1489079], [77.4899911, 16.1491189], [77.4902006, 16.1494151], [77.490315, 16.1495502], [77.4903741, 16.1496656], [77.4909036, 16.1503837], [77.4910108, 16.1505024], [77.4910522, 16.1506111], [77.4914983, 16.1523182], [77.4916802, 16.1534224], [77.491664, 16.1549718], [77.491463, 16.1567455], [77.491363, 16.1584596], [77.4907729, 16.1605207], [77.4907639, 16.1606525], [77.490702, 16.1607513], [77.4905948, 16.1609361], [77.4905193, 16.1610415], [77.4904675, 16.1611406], [77.4900315, 16.1616571], [77.4896112, 16.1616929], [77.4894828, 16.1616871], [77.4893445, 16.1617515], [77.4884225, 16.1619576], [77.4876257, 16.1622395], [77.4873338, 16.1623894], [77.4871924, 16.1625475], [77.4871227, 16.1626574], [77.4869271, 16.1627063], [77.4868192, 16.1627634], [77.4866879, 16.1628074], [77.4866055, 16.163489], [77.4865536, 16.1639857], [77.4862978, 16.1646846], [77.4868701, 16.1650753], [77.4870631, 16.1665739], [77.4875338, 16.1674878], [77.4876471, 16.1681064], [77.4876508, 16.1681803], [77.4876909, 16.1683281], [77.4886354, 16.1705395], [77.4886835, 16.1706222], [77.4888188, 16.1706987], [77.4893392, 16.1710157], [77.4890453, 16.1723262], [77.4890223, 16.1726058], [77.4890589, 16.1727647], [77.4891542, 16.1730558], [77.4892409, 16.173196], [77.4892437, 16.1733426], [77.4892744, 16.1735246], [77.48932, 16.1739289], [77.4893545, 16.1740598], [77.4892428, 16.1745034], [77.4893248, 16.1746329], [77.4893499, 16.1748258], [77.4894376, 16.1750976], [77.4894371, 16.1752334], [77.4895372, 16.1759219], [77.4896197, 16.1762996], [77.4896329, 16.1764915], [77.4897902, 16.1767726], [77.4898862, 16.1772832], [77.4900053, 16.1780745], [77.4900114, 16.179043], [77.4900564, 16.1793499], [77.490056, 16.1794589], [77.4900799, 16.1796762], [77.4900212, 16.1798151], [77.4899911, 16.1804393], [77.4900163, 16.1806925], [77.4900627, 16.1808306], [77.4900397, 16.1809311], [77.4900659, 16.1811876], [77.4902655, 16.1821317], [77.4905567, 16.1831728], [77.4906765, 16.1834101], [77.4909954, 16.1839044], [77.4910769, 16.1840156], [77.4910866, 16.1841416], [77.4915437, 16.1850491], [77.4916452, 16.1852178], [77.4916473, 16.1852855], [77.4916042, 16.1864291], [77.4918079, 16.1875325], [77.4918414, 16.1876416], [77.4927362, 16.1891446], [77.492912, 16.1894286], [77.4932165, 16.1896934], [77.4933399, 16.1898255], [77.4934139, 16.1899285], [77.4939015, 16.1906868], [77.4939533, 16.190825], [77.494522, 16.1921258], [77.4946555, 16.1923463], [77.4950317, 16.1928655], [77.4952873, 16.1932739], [77.4953348, 16.1934074], [77.4966251, 16.195827], [77.4966892, 16.1959158], [77.4971028, 16.1965945], [77.4975052, 16.1972085], [77.4979914, 16.1979807], [77.4980682, 16.1980833], [77.4981834, 16.1981566], [77.4984155, 16.1982533], [77.4996972, 16.1993901], [77.4998688, 16.1994687], [77.4998271, 16.1996281], [77.4999541, 16.2013004], [77.4999578, 16.2014319], [77.4999535, 16.2015518], [77.4999637, 16.2016858], [77.4999402, 16.2027964], [77.4999643, 16.2028913], [77.4999327, 16.2029674], [77.4994216, 16.2038973], [77.4993928, 16.2039277], [77.4994037, 16.2039915], [77.4993847, 16.2045965], [77.4994013, 16.2051641], [77.4993932, 16.2054432], [77.4994009, 16.2055699], [77.4993939, 16.206603], [77.4994071, 16.2082746], [77.4994454, 16.2083769], [77.4994085, 16.2085064], [77.4992815, 16.209012], [77.4991402, 16.2099175], [77.4989657, 16.209965], [77.4991406, 16.2101721], [77.4991225, 16.2102943], [77.4991617, 16.2108292], [77.4992264, 16.211267], [77.4993536, 16.2125845], [77.4994466, 16.2131298], [77.4993583, 16.2134698], [77.499021, 16.2137878], [77.4991251, 16.2138933], [77.4993645, 16.214279], [77.49972, 16.2147156], [77.4997417, 16.2148484], [77.4997495, 16.2150202], [77.499741, 16.2153747], [77.499754, 16.215955], [77.4998556, 16.2165497], [77.4997365, 16.2172049], [77.4997294, 16.217332], [77.4997037, 16.2174915], [77.4997722, 16.2177305], [77.50014, 16.2186858], [77.5002253, 16.2188689], [77.5002365, 16.2189794], [77.5003108, 16.2192099], [77.5001106, 16.2203443], [77.5001702, 16.2204882], [77.5002496, 16.220632], [77.5008306, 16.2220022], [77.501342, 16.2230927], [77.5014079, 16.223211], [77.5019285, 16.2242113], [77.5019856, 16.2243341], [77.5021207, 16.2243143], [77.5031083, 16.223934], [77.5048189, 16.2229114], [77.5050614, 16.2227377], [77.5051873, 16.2226828], [77.5070787, 16.222036], [77.5071925, 16.2219836], [77.5073094, 16.2219457], [77.5078777, 16.2218466], [77.5085946, 16.2216499], [77.508754, 16.2216476], [77.5089107, 16.2216654], [77.5099843, 16.2216841], [77.5112963, 16.2210209], [77.5114956, 16.2209259], [77.5119401, 16.2208042], [77.5120286, 16.2207705], [77.5128229, 16.2219029], [77.5132499, 16.2218154], [77.514832, 16.2222326], [77.5151497, 16.2225497], [77.5156804, 16.2239871], [77.5157501, 16.2254048], [77.5156434, 16.2258443], [77.515599, 16.2263445], [77.5155141, 16.2276783], [77.5146107, 16.2294333], [77.5143823, 16.230373], [77.5137484, 16.2307883], [77.5130926, 16.2306353], [77.5112606, 16.2309866], [77.5102663, 16.2311694], [77.5100725, 16.2311113], [77.5092608, 16.2311257], [77.5083179, 16.2310057], [77.5071495, 16.2310791], [77.5069659, 16.2310606], [77.5050871, 16.2305102], [77.5044944, 16.2305], [77.5041637, 16.2304703], [77.503957, 16.2305365], [77.503408, 16.2307954], [77.5025749, 16.2303007], [77.5011587, 16.2297105], [77.5009549, 16.2296612], [77.4992815, 16.2286937], [77.4986598, 16.2283935], [77.4977436, 16.2279665], [77.4952937, 16.2267323], [77.4948747, 16.2269671], [77.4945446, 16.2272833], [77.4943902, 16.2273978], [77.4931257, 16.2284218], [77.4921126, 16.2293966], [77.4919713, 16.2294863], [77.4919585, 16.2296071], [77.4922588, 16.2310892], [77.492217, 16.2313985], [77.4922442, 16.2317564], [77.4921931, 16.2321443], [77.4921237, 16.232826], [77.4924046, 16.2351033], [77.4924062, 16.2352719], [77.4923866, 16.2354317], [77.4922907, 16.2366519], [77.4922117, 16.2368306], [77.4923129, 16.2372756], [77.4924468, 16.2376148], [77.492434, 16.2382087], [77.4922118, 16.2398775], [77.4924545, 16.240965], [77.4925803, 16.2425023], [77.4926687, 16.2437216], [77.4923288, 16.2454827], [77.4918448, 16.2491535], [77.4917285, 16.2497208], [77.4916828, 16.2502607], [77.4915465, 16.2512878], [77.49146, 16.2512923], [77.4914388, 16.2515052], [77.4914298, 16.2521597], [77.4914163, 16.2523243], [77.4914405, 16.252535], [77.4913433, 16.2526414], [77.4907006, 16.2537825], [77.4905649, 16.2539574], [77.4900963, 16.2551157], [77.4900118, 16.2552837], [77.4901676, 16.2553653], [77.4937044, 16.2568456], [77.4938708, 16.256882], [77.4956592, 16.2577041], [77.4969317, 16.258481], [77.497101, 16.2585963], [77.4990099, 16.2600298], [77.5003518, 16.2609356], [77.5007175, 16.2611337], [77.5017152, 16.2616052], [77.5018138, 16.2616694], [77.5019188, 16.2617064], [77.50195, 16.2618151], [77.5023252, 16.2622542], [77.5023996, 16.2623778], [77.5024805, 16.2625325], [77.5033305, 16.2639345], [77.5037555, 16.2642528], [77.5038846, 16.2643319], [77.5039645, 16.264537], [77.5042648, 16.2651304], [77.5048018, 16.2657252], [77.5049449, 16.2662416], [77.5054509, 16.2677565], [77.5054735, 16.2678879], [77.5054864, 16.268022], [77.5055158, 16.2681776], [77.5054579, 16.2696197], [77.5053848, 16.2706758], [77.505312, 16.2711002], [77.5052549, 16.2712939], [77.5052735, 16.2715068], [77.5052116, 16.2723724], [77.5051159, 16.2728625], [77.5065075, 16.2754825], [77.5074174, 16.2759183], [77.5087956, 16.2749663], [77.5100714, 16.2750048], [77.5106674, 16.2747138], [77.5108211, 16.2746141], [77.5130788, 16.2756135], [77.5132407, 16.2756412], [77.5133727, 16.2758361], [77.5143055, 16.2770223], [77.5144097, 16.2771415], [77.5143957, 16.2773115], [77.5143821, 16.277772], [77.5143579, 16.2779507], [77.5145383, 16.2779234], [77.514901, 16.2779593], [77.5159839, 16.2781122], [77.516121, 16.2781601], [77.5168267, 16.2783799], [77.5172678, 16.2784931], [77.517496, 16.2786558], [77.5178487, 16.2787146], [77.5184681, 16.2788061], [77.519336, 16.278672], [77.5203916, 16.278219], [77.522012, 16.2782101], [77.5222349, 16.2782367], [77.5223663, 16.2781391], [77.5251615, 16.2767025], [77.5253068, 16.2766245], [77.525442, 16.2765936], [77.5256436, 16.2765037], [77.5260059, 16.2760975], [77.526786, 16.2757992], [77.5269354, 16.2757171], [77.5271287, 16.2756313], [77.5278693, 16.2752075], [77.5289558, 16.2748883], [77.5295354, 16.2754998], [77.5298351, 16.2747761], [77.5297876, 16.2737742], [77.5297939, 16.2736107], [77.529844, 16.2734496], [77.5300377, 16.2727677], [77.5300395, 16.2725695], [77.530191, 16.2724582], [77.5307868, 16.271769], [77.5318388, 16.2709236], [77.5319398, 16.2707921], [77.5320847, 16.2707152], [77.5332248, 16.2698055], [77.5333954, 16.2696861], [77.5334945, 16.269565], [77.5353918, 16.2678601], [77.5373517, 16.2669983], [77.5381056, 16.2700802], [77.5388315, 16.2724373], [77.5389691, 16.2736188], [77.5391641, 16.2748217], [77.5394824, 16.2770284], [77.5396715, 16.2782111], [77.5399975, 16.2801183], [77.5402322, 16.2810979], [77.5402472, 16.2812049], [77.5404395, 16.2820148], [77.5405831, 16.2828486], [77.5407089, 16.2834318], [77.5407717, 16.2835655], [77.5407835, 16.2851793], [77.5407631, 16.2853836], [77.5409393, 16.2861171], [77.5412336, 16.2861288], [77.5413234, 16.2861462], [77.5415749, 16.2873092], [77.5433194, 16.2888715], [77.5434603, 16.2889644], [77.5439068, 16.2903458], [77.5439194, 16.2904596], [77.5442168, 16.2910073], [77.5443087, 16.2911083], [77.5444347, 16.2913838], [77.544503, 16.2914698], [77.5448497, 16.2919785], [77.5451552, 16.2923818], [77.5463959, 16.2926627], [77.5465088, 16.2926524], [77.5469628, 16.2926923], [77.5470798, 16.2928258], [77.5478364, 16.2937632], [77.5485069, 16.2942548], [77.5486417, 16.2943062], [77.5487644, 16.2943407], [77.549681, 16.2944781], [77.5501176, 16.2945143], [77.5510884, 16.2941472], [77.551266, 16.2941134], [77.5513531, 16.2942202], [77.5514948, 16.294423], [77.5518155, 16.2950563], [77.5518677, 16.2958869], [77.5518845, 16.296062], [77.551976, 16.2962127], [77.552374, 16.2965867], [77.5528379, 16.2969043], [77.5529696, 16.2969312], [77.5538584, 16.2973168], [77.5553566, 16.2972929], [77.5555237, 16.2972367], [77.5556831, 16.2973922], [77.555838, 16.2979064], [77.5572945, 16.2989472], [77.5579993, 16.2993629], [77.5587145, 16.2996119], [77.5610809, 16.3010033], [77.5632723, 16.3016132], [77.5641278, 16.3014751], [77.5649215, 16.301581], [77.5652144, 16.3015759], [77.5658919, 16.3017186], [77.5672902, 16.3025876], [77.5682263, 16.3036764], [77.5681765, 16.3045801], [77.5686356, 16.3036989], [77.5689645, 16.3035497], [77.5696269, 16.3033283], [77.5711776, 16.3023157], [77.5717889, 16.3017397], [77.5719648, 16.3016181], [77.5720837, 16.301482], [77.573713, 16.2999487], [77.5738404, 16.2998727], [77.5764556, 16.2974815], [77.5772581, 16.2956365], [77.5782747, 16.2939528], [77.5799398, 16.2927784], [77.5811511, 16.2922381], [77.5817392, 16.2917089], [77.582302, 16.2908744], [77.5828908, 16.2916456], [77.5845032, 16.2917969], [77.5852634, 16.2918735], [77.585616, 16.2915526], [77.5858287, 16.2912509], [77.5878758, 16.2916576], [77.5888246, 16.2917257], [77.5891737, 16.2918147], [77.5896148, 16.2918712], [77.590643, 16.2921721], [77.591511, 16.2923409], [77.5922331, 16.2924977], [77.5926774, 16.2925249], [77.5941101, 16.2926833], [77.5959502, 16.2929554], [77.5964451, 16.2931037], [77.5973328, 16.2932564], [77.5974711, 16.293244], [77.5976293, 16.2932653], [77.5964938, 16.2944219], [77.5956768, 16.2952434], [77.5954964, 16.2954046], [77.5954187, 16.2954688], [77.5944622, 16.2961314], [77.5939409, 16.296766], [77.5938899, 16.2968824], [77.5938042, 16.2969216], [77.5926645, 16.2975167], [77.5925083, 16.2976537], [77.5921851, 16.2989762], [77.5917025, 16.3012457], [77.5915113, 16.3028339], [77.5924826, 16.3049656], [77.5925301, 16.306232], [77.5930712, 16.3069653], [77.593687, 16.3074803], [77.5937191, 16.3080049], [77.594044, 16.3085597], [77.5941493, 16.3094037], [77.594525, 16.3113004], [77.5944803, 16.3118661], [77.5946606, 16.3131266], [77.5950314, 16.3143491], [77.5955508, 16.3153424], [77.5960128, 16.3161449], [77.5958088, 16.3174925], [77.5938336, 16.3210888], [77.592116, 16.3232048], [77.5917954, 16.3236401], [77.5916721, 16.3241543], [77.589881, 16.325137], [77.5896231, 16.3256872], [77.5895676, 16.3259758], [77.5898475, 16.3263835], [77.589961, 16.3269149], [77.5902975, 16.3272195], [77.5902546, 16.327935], [77.5901417, 16.3284478], [77.5902928, 16.3288121], [77.590139, 16.3296189], [77.5900959, 16.3301297], [77.5900692, 16.3302825], [77.5893755, 16.331318], [77.588697, 16.3320106], [77.5883371, 16.3326214], [77.5891275, 16.3325998], [77.5898567, 16.3332726], [77.5912343, 16.3336233], [77.591771, 16.3339685], [77.5916198, 16.3343096], [77.5914899, 16.3346587], [77.5912817, 16.3349661], [77.5902745, 16.3393693], [77.5891895, 16.3441127], [77.58781, 16.3439341], [77.5864318, 16.3439127], [77.5853398, 16.3437136], [77.5840473, 16.3430741], [77.5834282, 16.3428276], [77.5825637, 16.3425773], [77.5796149, 16.3415114], [77.5768738, 16.3407119], [77.5736758, 16.340255], [77.5708775, 16.340255], [77.5686503, 16.3405405], [77.5653381, 16.34134], [77.562083, 16.3428248], [77.5575716, 16.344538], [77.555116, 16.346651], [77.5532681, 16.3478822], [77.5519368, 16.3491592], [77.5490576, 16.3512807], [77.5473343, 16.3519684], [77.5441053, 16.3532431], [77.5403797, 16.3568137], [77.5351627, 16.3603444], [77.5272817, 16.3654341], [77.5287975, 16.3675753], [77.5256964, 16.3721663], [77.5240621, 16.3737803], [77.5236397, 16.3746203], [77.5211274, 16.3754838], [77.5191404, 16.3753157], [77.5172608, 16.374896], [77.5158446, 16.3752184], [77.5142054, 16.3762627], [77.5129843, 16.3765857], [77.5111681, 16.3765512], [77.5100498, 16.3767978], [77.5087267, 16.3770855], [77.5079508, 16.3771927], [77.5058706, 16.3776626], [77.5048, 16.3778748], [77.5038333, 16.3779928], [77.5008613, 16.3793595], [77.4994247, 16.3798591], [77.4982917, 16.3800214], [77.4973197, 16.3804995], [77.4945804, 16.3818247], [77.492601, 16.3839642], [77.4910668, 16.3849805], [77.4833051, 16.3839979], [77.4805867, 16.3834717], [77.4780232, 16.3825751], [77.477402, 16.381918], [77.4766537, 16.3812534], [77.4747976, 16.3807867], [77.4740543, 16.3806659], [77.4730833, 16.3806503], [77.4716562, 16.3808888], [77.4692394, 16.3808936], [77.4663495, 16.3808253], [77.4636956, 16.3807172], [77.4594716, 16.3807364], [77.4540474, 16.3809321], [77.4503465, 16.3810787], [77.450168, 16.3810858], [77.4484508, 16.3811234], [77.4475735, 16.3809132], [77.446516, 16.3806782], [77.4453384, 16.3808552], [77.4442756, 16.3809252], [77.4424282, 16.3806556], [77.4408965, 16.380413], [77.4399519, 16.3801798], [77.4391921, 16.37971], [77.4370962, 16.3777239], [77.4339165, 16.3748402], [77.433144, 16.3738038], [77.4324168, 16.372768], [77.4315128, 16.3711082], [77.4309605, 16.3704021], [77.4304736, 16.3698278], [77.4298486, 16.3694037], [77.4289741, 16.3690409], [77.426976, 16.3683548], [77.4258102, 16.3678566], [77.4250919, 16.3676053], [77.4243089, 16.3671786], [77.423571, 16.3667527], [77.4222231, 16.3663386], [77.4206334, 16.366308], [77.4196621, 16.366314], [77.4189847, 16.3663029], [77.4180789, 16.3664407], [77.4169462, 16.36664], [77.4159711, 16.3668638], [77.4151081, 16.3671329], [77.4142957, 16.3670979], [77.4134821, 16.3671281], [77.4121178, 16.3676505], [77.4100677, 16.3680177], [77.4070242, 16.3689919], [77.4024758, 16.3707692], [77.3995987, 16.371952], [77.3985485, 16.3725884], [77.397454, 16.3731804], [77.3959461, 16.3741578], [77.3937699, 16.3758867], [77.393378, 16.3763378], [77.3926217, 16.3769571], [77.3914123, 16.3776562], [77.3888672, 16.3792802], [77.3870135, 16.380644], [77.3836633, 16.3836171], [77.3817069, 16.3850326], [77.3796374, 16.3858263], [77.3782752, 16.3862178], [77.3774351, 16.3864653], [77.3763718, 16.3865567], [77.373891, 16.3863415], [77.3726938, 16.3863435], [77.36984, 16.385512], [77.3683958, 16.3850502], [77.3663725, 16.3845157], [77.3627245, 16.3838889], [77.3596895, 16.3836646], [77.3573648, 16.3835607], [77.355199, 16.3834158], [77.3540899, 16.3835499], [77.3514421, 16.3838327], [77.349865, 16.3843378], [77.3482112, 16.3846153], [77.3470257, 16.3852274], [77.3459266, 16.3860587], [77.3448291, 16.386803], [77.3437277, 16.387765], [77.3417484, 16.3898234], [77.3401085, 16.3915704], [77.3393727, 16.3922988], [77.3386621, 16.3928752], [77.3379527, 16.3933862], [77.3371071, 16.3939385], [77.3351, 16.3950161], [77.3319082, 16.3962762], [77.3306144, 16.3966249], [77.3291384, 16.3970577], [77.3278481, 16.3972104], [77.3245133, 16.3974176], [77.3232238, 16.3975267], [77.3216878, 16.3975228], [77.3200405, 16.3974298], [77.3179855, 16.3973954], [77.3159146, 16.3976891], [77.3144156, 16.3981432], [77.3127612, 16.3984422], [77.311287, 16.398766], [77.3085349, 16.399809], [77.3048609, 16.4014339], [77.30363, 16.402045], [77.3030112, 16.4025356], [77.3004041, 16.4042999], [77.297439, 16.4065905], [77.296844, 16.4070162], [77.2960207, 16.4075687], [77.2951345, 16.4078587], [77.2943639, 16.4079982], [77.2927105, 16.4082317], [77.2882192, 16.408718], [77.2880561, 16.4086606], [77.2879585, 16.4086423], [77.2877289, 16.4085884], [77.286512, 16.4082626], [77.2847662, 16.4078326], [77.2835539, 16.4075113], [77.2817192, 16.4070586], [77.280081, 16.4066422], [77.2788968, 16.4063615], [77.278162, 16.4061397], [77.277811, 16.4060221], [77.2774904, 16.4058728], [77.2771698, 16.4057236], [77.2768891, 16.4055563], [77.276042, 16.4051131], [77.2751061, 16.4046472], [77.2743011, 16.4043757], [77.2732433, 16.4041403], [77.2720779, 16.4039093], [77.271034, 16.4038319], [77.2700277, 16.4037275], [77.2691196, 16.4036999], [77.2682583, 16.4036859], [77.267824, 16.4036922], [77.2673502, 16.403699], [77.2664701, 16.4037889], [77.2659707, 16.4038397], [77.2654543, 16.4038922], [77.2651068, 16.403948], [77.2644993, 16.4040454], [77.2638031, 16.4041655], [77.2634553, 16.4042255], [77.2625985, 16.4044736], [77.2621984, 16.4046709], [77.2619945, 16.4047715], [77.2611235, 16.4054171], [77.2611234, 16.4054171], [77.2603975, 16.405986], [77.2596857, 16.4065187], [77.258927, 16.4071328], [77.25866, 16.4073393], [77.2581215, 16.4077559], [77.257227, 16.4084557], [77.2564729, 16.4090381], [77.2560865, 16.4093417], [77.2555878, 16.4097334], [77.2548572, 16.4103114], [77.2542483, 16.4107906], [77.2540993, 16.4109079], [77.2535551, 16.4113363], [77.2525108, 16.4121218], [77.2516256, 16.4128306], [77.2516255, 16.4128307], [77.2507684, 16.4135079], [77.2501502, 16.4139955], [77.2494383, 16.4145553], [77.2488611, 16.4148631], [77.2482095, 16.4153732], [77.248087, 16.4154565], [77.2478773, 16.4155993], [77.247438, 16.4158814], [77.2471379, 16.4160741], [77.2468096, 16.4162338], [77.2464125, 16.4164269], [77.2461224, 16.4165536], [77.245439, 16.4167528], [77.2451114, 16.4168343], [77.2442314, 16.4170517], [77.2434217, 16.4173503], [77.2428742, 16.4175901], [77.2428741, 16.4175901], [77.2427688, 16.4176194], [77.2424669, 16.4177033], [77.2417555, 16.4179115], [77.2414887, 16.4180246], [77.2408381, 16.418156], [77.2403935, 16.4182556], [77.2397708, 16.4183057], [77.2394713, 16.4183917], [77.2390701, 16.4184293], [77.238404, 16.4184917], [77.2379546, 16.4185573], [77.2377206, 16.4185914], [77.2373742, 16.4187091], [77.2368079, 16.4188811], [77.2365739, 16.418958], [77.2364416, 16.4189743], [77.236279, 16.4189943], [77.2358484, 16.4191662], [77.235605, 16.4192748], [77.2351073, 16.4193936], [77.2348654, 16.4194514], [77.2344722, 16.4194922], [77.2336907, 16.4194852], [77.2335219, 16.4194837], [77.2328614, 16.4194966], [77.2328104, 16.4194976], [77.2324359, 16.419552], [77.2315324, 16.4196022], [77.2309323, 16.4196483], [77.2305868, 16.4196749], [77.2302902, 16.4197241], [77.2295757, 16.4198426], [77.2289391, 16.4199378], [77.2287688, 16.4199712], [77.2286395, 16.4199967], [77.2279889, 16.4201958], [77.2276519, 16.4202592], [77.2267359, 16.4203554], [77.2267016, 16.420359], [77.2256577, 16.420486], [77.2237807, 16.420889], [77.2237047, 16.4209147], [77.2228399, 16.4212148], [77.2221332, 16.4215811], [77.2215596, 16.4217761], [77.2213749, 16.421839], [77.2207149, 16.4219748], [77.219994, 16.4219977], [77.2190296, 16.4220524], [77.2183555, 16.4220978], [77.2180559, 16.4221883], [77.2174474, 16.4223151], [77.2173421, 16.4223485], [77.2171338, 16.4224146], [77.21653, 16.4226499], [77.2162632, 16.4227539], [77.2156313, 16.4230117], [77.215402, 16.4230886], [77.2146483, 16.4232471], [77.2145397, 16.4232803], [77.2143675, 16.423333], [77.2140726, 16.4234371], [77.2136606, 16.4234914], [77.2134753, 16.4235139], [77.2133611, 16.4235277], [77.2124107, 16.4234648], [77.2113199, 16.4234653], [77.2109412, 16.4234679], [77.2106271, 16.4234701], [77.2103321, 16.4235335], [77.2099266, 16.4235543], [77.2096253, 16.4235699], [77.2083146, 16.4237285], [77.2083145, 16.4237285], [77.2076264, 16.4238192], [77.2075421, 16.4238444], [77.207294, 16.4239187], [77.2064001, 16.4243934], [77.205684, 16.424972], [77.2051177, 16.4253292], [77.204879, 16.4254784], [77.2041862, 16.4257362], [77.2038679, 16.4257815], [77.2030909, 16.4259354], [77.2022344, 16.4260486], [77.2022342, 16.4260487], [77.2013213, 16.4260896], [77.201141, 16.4261255], [77.201003, 16.426153], [77.2006527, 16.4262124], [77.2003616, 16.4262617], [77.200048, 16.4263612], [77.1994161, 16.4265105], [77.1989994, 16.4265784], [77.1983488, 16.4266509], [77.1983487, 16.4266509], [77.1979929, 16.4267052], [77.1974078, 16.4267868], [77.1970848, 16.4268366], [77.1964528, 16.4268142], [77.1961157, 16.4268459], [77.1957683, 16.4268595], [77.1955305, 16.4268687], [77.1952169, 16.4269321], [77.1925253, 16.4275745], [77.1925252, 16.4275745], [77.1919672, 16.4277107], [77.1915422, 16.4278143], [77.1913315, 16.4278776], [77.1905121, 16.4282231], [77.1904843, 16.4282348], [77.1896043, 16.4285965], [77.1888505, 16.4287549], [77.1885884, 16.4288092], [77.1879846, 16.4289811], [77.1878854, 16.4290116], [77.1876756, 16.4290761], [77.1871982, 16.4292976], [77.1871981, 16.4292976], [77.1869032, 16.4294378], [77.1863322, 16.429718], [77.1860701, 16.429813], [77.18541, 16.430012], [77.1845018, 16.430202], [77.1841367, 16.4302654], [77.1841366, 16.4302654], [77.1835047, 16.4304191], [77.1833708, 16.4304609], [77.1832004, 16.4305141], [77.1827276, 16.4306724], [77.1823905, 16.4308035], [77.1818429, 16.4310657], [77.1817071, 16.4311061], [77.1815386, 16.4311561], [77.1812837, 16.4312316], [77.1811875, 16.4312602], [77.1806023, 16.431319], [77.1795208, 16.4313148], [77.1784534, 16.4313151], [77.1778542, 16.4313559], [77.1775686, 16.4314147], [77.1766277, 16.4316001], [77.1763189, 16.4316723], [77.1757569, 16.4318037], [77.1749734, 16.4320124], [77.1742121, 16.4322151], [77.174212, 16.4322152], [77.1739791, 16.4322936], [77.1739031, 16.4323192], [77.1733414, 16.4325768], [77.1730277, 16.4328073], [77.1725129, 16.4332276], [77.1722742, 16.4334898], [77.1718623, 16.4338965], [77.1716189, 16.434136], [77.1712117, 16.4346196], [77.1710592, 16.4348036], [77.1710244, 16.4348455], [77.170636, 16.4352657], [77.170636, 16.4352658], [77.1704019, 16.4355686], [77.1700977, 16.4360701], [77.1699433, 16.4363955], [77.1696812, 16.4369016], [77.1695408, 16.4372405], [77.1691992, 16.4378415], [77.1690541, 16.4380449], [77.1685767, 16.4385194], [77.1682958, 16.438795], [77.1675609, 16.4393735], [77.1670506, 16.4397576], [77.1668152, 16.4398981], [77.1667323, 16.4399475], [77.1662314, 16.4403226], [77.1659974, 16.4405259], [77.1652952, 16.4411631], [77.1641531, 16.4423968], [77.1639658, 16.4426409], [77.1633339, 16.4434181], [77.1628658, 16.4440327], [77.1627675, 16.4441728], [77.1626105, 16.4444403], [77.1624306, 16.4447467], [77.1623905, 16.4448386], [77.1622948, 16.4450584], [77.1622442, 16.4451631], [77.1621965, 16.4452618], [77.1621622, 16.4455787], [77.1621451, 16.4457363], [77.1621598, 16.445867], [77.162178, 16.4460299], [77.1624075, 16.4466218], [77.1625901, 16.4469516], [77.1626979, 16.4471955], [77.1628443, 16.4473797], [77.1629133, 16.4474666], [77.1631662, 16.4477693], [77.1634331, 16.4480629], [77.1637047, 16.4482797], [77.1637047, 16.4482798], [77.1639716, 16.4484559], [77.1644258, 16.4488263], [77.1645034, 16.4489497], [77.1645991, 16.4491019], [77.1647583, 16.449373], [77.1647932, 16.449477], [77.1648614, 16.4496802], [77.1649223, 16.449888], [77.1650677, 16.4509227], [77.1650203, 16.4516085], [77.1649883, 16.4520704], [77.1649588, 16.4523134], [77.1649088, 16.4527255], [77.1648655, 16.452948], [77.164848, 16.4530373], [77.1646562, 16.4536835], [77.1645766, 16.4539636], [77.1643848, 16.4545826], [77.1643146, 16.4548311], [77.1642274, 16.4551017], [77.1641181, 16.4554411], [77.1640245, 16.4557258], [77.164067, 16.4577771], [77.1641795, 16.4585452], [77.1642038, 16.4589261], [77.1642406, 16.4595031], [77.1641143, 16.4601582], [77.1640113, 16.46047], [77.1639723, 16.4605606], [77.1638615, 16.4608179], [77.1636779, 16.4609986], [77.1636228, 16.4610529], [77.1633934, 16.4612156], [77.1628737, 16.4615862], [77.162649, 16.4617263], [77.1623368, 16.46197], [77.1621106, 16.4621466], [77.1618671, 16.4623816], [77.1614936, 16.46276], [77.1612024, 16.4630549], [77.1612023, 16.463055], [77.1606406, 16.4639767], [77.1604529, 16.4643391], [77.1603364, 16.4645642], [77.1602615, 16.4648534], [77.1599668, 16.4666923], [77.1598593, 16.4677451], [77.159747, 16.4683461], [77.1596969, 16.4685089], [77.1596581, 16.4686352], [77.1593632, 16.4692136], [77.1591712, 16.4695344], [77.1589479, 16.4698378], [77.158792, 16.4700496], [77.1586629, 16.4702119], [77.1585907, 16.4703026], [77.1581506, 16.4707365], [77.1580472, 16.4708341], [77.1579353, 16.4709398], [77.157748, 16.4711148], [77.1574905, 16.4713556], [77.1572845, 16.4715725], [77.156821, 16.4720289], [77.1567045, 16.4721132], [77.1565962, 16.4721916], [77.1563729, 16.4723825], [77.1560625, 16.472648], [77.1557488, 16.4728559], [77.1554283, 16.4730643], [77.1548872, 16.4734162], [77.1524103, 16.4748307], [77.1514972, 16.4753686], [77.1498397, 16.4763085], [77.1492356, 16.4766384], [77.1490609, 16.4767396], [77.1489079, 16.4768282], [77.1486677, 16.4769598], [77.1484209, 16.4770949], [77.1482865, 16.4771784], [77.1481446, 16.4772666], [77.1475452, 16.4775919], [77.1472362, 16.4777591], [77.1471398, 16.4778432], [77.1470911, 16.4778857], [77.1465104, 16.478202], [77.1461828, 16.4783729], [77.1459298, 16.4785048], [77.1458334, 16.4785565], [77.1456769, 16.4786404], [77.1450682, 16.4789793], [77.1447732, 16.4791239], [77.1441036, 16.4794628], [77.1437665, 16.479621], [77.1437664, 16.479621], [77.1435698, 16.479734], [77.1430393, 16.4799151], [77.143007, 16.4799261], [77.1421322, 16.479969], [77.1419518, 16.4799804], [77.1417014, 16.4799961], [77.1411907, 16.4799813], [77.1407742, 16.4799691], [77.1397908, 16.4799511], [77.1392054, 16.4799421], [77.138798, 16.4799285], [77.1379129, 16.4799015], [77.1369062, 16.4799377], [77.1352906, 16.4799739], [77.1351064, 16.4799621], [77.1349394, 16.4799513], [77.1347026, 16.4799459], [77.1343446, 16.4799377], [77.1339607, 16.4799378], [77.1334081, 16.4799243], [77.1322206, 16.4800323], [77.1315209, 16.480096], [77.1311604, 16.4801321], [77.1308954, 16.4801489], [77.130589, 16.4801683], [77.1304347, 16.4801824], [77.1302425, 16.4801999], [77.1296525, 16.4803219], [77.1293809, 16.4803852], [77.1287674, 16.4805479], [77.1283788, 16.4806156], [77.1277466, 16.4807512], [77.1275521, 16.4807878], [77.1273626, 16.4808235], [77.1266883, 16.4809681], [77.1265742, 16.4809898], [77.1263089, 16.4810403], [77.1253677, 16.4812211], [77.1246793, 16.4813521], [77.1243983, 16.4813882], [77.1242435, 16.4814133], [77.1236725, 16.4815057], [77.1233634, 16.4815735], [77.1231631, 16.4816054], [77.1227968, 16.4816638], [77.1225205, 16.4817497], [77.1224687, 16.4817653], [77.1222715, 16.4818246], [77.1219024, 16.4819349], [77.1216074, 16.4820659], [77.1209798, 16.4824274], [77.1208052, 16.4825365], [77.1207269, 16.4825855], [77.1198185, 16.4830418], [77.1189943, 16.4834168], [77.1189942, 16.4834168], [77.1180811, 16.4838098], [77.1175985, 16.4840225], [77.1171585, 16.4842164], [77.1171585, 16.4842165], [77.1163249, 16.4847179], [77.1157442, 16.4850613], [77.1154117, 16.485251], [77.1149256, 16.4854787], [77.1147655, 16.4855537], [77.1147654, 16.4855537], [77.1141754, 16.4858157], [77.1138663, 16.4858564], [77.1137149, 16.4858811], [77.11359, 16.4859015], [77.1128736, 16.4859241], [77.1128735, 16.4859241], [77.1125738, 16.485915], [77.1119978, 16.4858969], [77.1118293, 16.4858879], [77.1118292, 16.4858879], [77.1115529, 16.4858698], [77.1110659, 16.4858471], [77.11071, 16.4858064], [77.1105695, 16.485829], [77.1103728, 16.4858742], [77.1100637, 16.4859916], [77.1099161, 16.4860514], [77.1097734, 16.4861091], [77.1094562, 16.4862599], [77.1091177, 16.4864208], [77.1087806, 16.4865925], [77.1082654, 16.4868499], [77.1082654, 16.48685], [77.1079891, 16.486999], [77.1075161, 16.4872882], [77.1071871, 16.4874644], [77.1071367, 16.4874914], [77.1071367, 16.4874915], [77.106734, 16.4877354], [77.1064483, 16.4878845], [77.1062375, 16.4880245], [77.1060007, 16.4881413], [77.105816, 16.4882323], [77.1055397, 16.4883633], [77.1052306, 16.488535], [77.1051046, 16.4885902], [77.1049731, 16.4886479], [77.1046921, 16.4887156], [77.1044064, 16.4887518], [77.1040364, 16.4887517], [77.103812, 16.4887956], [77.1036899, 16.4888194], [77.1032778, 16.4889821], [77.1030108, 16.4891944], [77.1028188, 16.489357], [77.1023083, 16.4897907], [77.1020881, 16.489994], [77.1015402, 16.490265], [77.1012685, 16.4904005], [77.1006738, 16.4906761], [77.0999947, 16.4912227], [77.0999946, 16.4912227], [77.0998494, 16.4914215], [77.0997276, 16.4917061], [77.0995496, 16.4921037], [77.0994278, 16.4923206], [77.099217, 16.492569], [77.0989875, 16.4928491], [77.0988002, 16.4930163], [77.0984911, 16.4932512], [77.098271, 16.4934409], [77.0976574, 16.4937345], [77.0976574, 16.4937346], [77.0974747, 16.4938023], [77.0973796, 16.4938112], [77.0973296, 16.4938158], [77.0969737, 16.4938067], [77.0968029, 16.4937879], [77.0966458, 16.4937705], [77.0959153, 16.4937207], [77.0958103, 16.4937138], [77.0955734, 16.493698], [77.0952073, 16.4936562], [77.0948616, 16.4936166], [77.0945396, 16.4935821], [77.0945244, 16.4935804], [77.0939109, 16.4935261], [77.0936206, 16.4934719], [77.0936195, 16.4934718], [77.0930773, 16.4934221], [77.0929488, 16.4934083], [77.0927823, 16.4933904], [77.0925523, 16.4934027], [77.0923608, 16.4934129], [77.0922222, 16.4934391], [77.0921453, 16.4934535], [77.0919891, 16.4935726], [77.0918784, 16.4936568], [77.0915687, 16.4939484], [77.0912882, 16.4942124], [77.0910592, 16.4944846], [77.0907636, 16.4948359], [77.090578, 16.4950326], [77.0901968, 16.4954367], [77.0896836, 16.4958864], [77.0895832, 16.4959743], [77.0890305, 16.4966745], [77.0880327, 16.4981337], [77.0879015, 16.498328], [77.0874658, 16.4986577], [77.0873476, 16.4987337], [77.0872129, 16.4988203], [77.0870156, 16.4989437], [77.08696, 16.4989784], [77.0866181, 16.4991365], [77.0865452, 16.4991691], [77.0864261, 16.4992223], [77.0863331, 16.4992671], [77.086145, 16.4993578], [77.0859062, 16.4994526], [77.0857095, 16.4995248], [77.0856014, 16.4995575], [77.0854846, 16.4995926], [77.0851662, 16.49971], [77.0849367, 16.4997823], [77.0847212, 16.4998229], [77.0844262, 16.4998861], [77.0843241, 16.4999177], [77.0841639, 16.4999674], [77.0839812, 16.5000351], [77.0837517, 16.5001299], [77.0832599, 16.5003783], [77.0830023, 16.5005455], [77.0820289, 16.5009859], [77.0820266, 16.5009873], [77.0820263, 16.5009874], [77.08148, 16.5013244], [77.0801358, 16.5018121], [77.0796305, 16.5020711], [77.0788055, 16.502494], [77.0770256, 16.5034876], [77.0755642, 16.5041153], [77.0746931, 16.5045588], [77.0739763, 16.5049237], [77.0728382, 16.5052442], [77.0718622, 16.5056833], [77.0717843, 16.5057183], [77.0711988, 16.5059124], [77.0707865, 16.5061638], [77.0703322, 16.5064408], [77.0687254, 16.50757], [77.0681332, 16.5081817], [77.0674792, 16.5088573], [77.066425, 16.5101537], [77.0650951, 16.5121712], [77.0648647, 16.5125208], [77.0633794, 16.5143457], [77.0633794, 16.5143458], [77.0628873, 16.5150414], [77.0622032, 16.5160488], [77.0612895, 16.5170199], [77.0596731, 16.5185827], [77.0589102, 16.5191593], [77.0586752, 16.5193369], [77.0582655, 16.5195146], [77.0576446, 16.5197839], [77.0556725, 16.5204067], [77.0545436, 16.5207452], [77.0536021, 16.5208669], [77.0525015, 16.5207129], [77.0525014, 16.5207129], [77.0518927, 16.5205319], [77.0518926, 16.5205319], [77.0518923, 16.5205319], [77.0506375, 16.5203823], [77.0487876, 16.5199479], [77.0469189, 16.5194412], [77.0458043, 16.5190928], [77.0439733, 16.5182969], [77.0428512, 16.5175854], [77.0428511, 16.5175853], [77.0422549, 16.5172073], [77.0406348, 16.5161448], [77.0392442, 16.5150689], [77.0381909, 16.5141468], [77.0381908, 16.5141467], [77.0379273, 16.5138886], [77.0372218, 16.5131975], [77.0348302, 16.5110553], [77.0340992, 16.5102276], [77.0337856, 16.5098389], [77.0327838, 16.508849], [77.0325123, 16.5085687], [77.0314123, 16.5072534], [77.0310499, 16.5067953], [77.0308366, 16.5065257], [77.0306195, 16.506206], [77.0302563, 16.5056715], [77.0299577, 16.5053215], [77.0297087, 16.5050296], [77.0285945, 16.5041345], [77.0275551, 16.5034653], [77.02699, 16.5028891], [77.0267172, 16.5026109], [77.0255797, 16.5015983], [77.0252635, 16.5014888], [77.0239596, 16.5010373], [77.0236491, 16.5009897], [77.0171211, 16.4995805], [77.0132151, 16.4995784], [77.013111, 16.5004433], [77.0130455, 16.5009879], [77.0124657, 16.5027075], [77.0112894, 16.5039765], [77.0109684, 16.5044903], [77.0106768, 16.5049569], [77.0106768, 16.504957], [77.0102424, 16.5056523], [77.009297, 16.5071653], [77.0083097, 16.5092309], [77.0079887, 16.5099026], [77.0077539, 16.5104719], [77.0073554, 16.5114384], [77.0070797, 16.5118559], [77.0068632, 16.5121836], [77.0065633, 16.5126475], [77.0059959, 16.5135251], [77.0055317, 16.5144329], [77.0054308, 16.5149258], [77.0053015, 16.5155579], [77.0051271, 16.5172928], [77.005159, 16.5187025], [77.0053314, 16.5201258], [77.0053724, 16.5219196], [77.0055433, 16.5228027], [77.0057319, 16.5237768], [77.0060499, 16.5246128], [77.0064146, 16.5256206], [77.006657, 16.5275275], [77.0067167, 16.5293709], [77.0068146, 16.5300487], [77.0069459, 16.5304591], [77.0071325, 16.5310429], [77.0074787, 16.5318654], [77.0077964, 16.5331217], [77.0081141, 16.5345361], [77.0087914, 16.537514], [77.0089547, 16.537971], [77.0091047, 16.5383907], [77.0095112, 16.5400943], [77.0099457, 16.5419515], [77.0101045, 16.5427559], [77.010029, 16.5437182], [77.0097707, 16.5447528], [77.0093767, 16.5456471], [77.0080586, 16.5484838], [77.0075574, 16.5496747], [77.0074065, 16.5500332], [77.0071701, 16.5503757], [77.0068392, 16.5508552], [77.0063328, 16.5515146], [77.0052363, 16.5521329], [77.0045847, 16.5525343], [77.0038585, 16.5529815], [77.0017307, 16.5545887], [77.0017306, 16.5545888], [77.000779, 16.555546], [76.9999683, 16.5560199], [76.9999683, 16.55602], [76.9988865, 16.5574865], [76.9986208, 16.5575692], [76.9968645, 16.5582931], [76.9968645, 16.5582932], [76.9958015, 16.5589308], [76.9953899, 16.5594035], [76.9951835, 16.5596405], [76.9943125, 16.5601877], [76.9923827, 16.5606858], [76.9915349, 16.5609122], [76.9882138, 16.5616369], [76.9852204, 16.5620451], [76.9841615, 16.5617745], [76.9834776, 16.5617749], [76.9825504, 16.5616442], [76.9798044, 16.5612571], [76.978847, 16.56095], [76.9784363, 16.5609189], [76.9759858, 16.5601746], [76.9759857, 16.5601746], [76.9740738, 16.5589782], [76.9729438, 16.5571036], [76.9722829, 16.5561777], [76.9705861, 16.5541859], [76.9692637, 16.5514755], [76.9691603, 16.5506759], [76.9688546, 16.5482407], [76.9680519, 16.5445767], [76.9688045, 16.5413233], [76.9691827, 16.5386574], [76.9696491, 16.5344055], [76.9704493, 16.5326882], [76.9713571, 16.5308489], [76.9728513, 16.5279513], [76.9736969, 16.5263115], [76.9745633, 16.5239916], [76.9745764, 16.523954], [76.975437, 16.5216524], [76.9757817, 16.5201319], [76.9762361, 16.5181278], [76.9764252, 16.5172639], [76.9765585, 16.5166547], [76.9763755, 16.5157737], [76.9755217, 16.5132258], [76.9751462, 16.5115768], [76.9752079, 16.5110735], [76.9752908, 16.5103975], [76.9742078, 16.5076767], [76.973401, 16.5056497], [76.9726673, 16.5049778], [76.97133, 16.503753], [76.9709855, 16.5037146], [76.9706012, 16.5036718], [76.9689196, 16.5034846], [76.9685011, 16.503438], [76.968314, 16.5034471], [76.9676038, 16.503482], [76.9647825, 16.5036203], [76.9631055, 16.5034983], [76.9604596, 16.5033057], [76.9589282, 16.5033064], [76.9564554, 16.5031943], [76.9552036, 16.5029651], [76.9542399, 16.5027885], [76.9496732, 16.5015025], [76.9479037, 16.501224], [76.9465216, 16.5010065], [76.9416173, 16.4997453], [76.9412004, 16.499619], [76.9373409, 16.4982059], [76.9365112, 16.4979097], [76.9359499, 16.4977093], [76.9352122, 16.497401], [76.9340482, 16.4969146], [76.9327641, 16.4965169], [76.9321092, 16.4963142], [76.9305215, 16.4957814], [76.9295566, 16.4952846], [76.9286947, 16.4945981], [76.9277439, 16.4939703], [76.9270413, 16.4936587], [76.9265027, 16.4934555], [76.9261096, 16.493283], [76.925669, 16.4930897], [76.924381, 16.49248], [76.9242954, 16.4924412], [76.9241421, 16.4923716], [76.9231914, 16.4918884], [76.922634, 16.4916174], [76.9204628, 16.4904091], [76.9198098, 16.4900457], [76.9180674, 16.4888486], [76.9170698, 16.4879362], [76.9170335, 16.4878979], [76.9159269, 16.48673], [76.9150276, 16.4859847], [76.9145639, 16.4857136], [76.9145218, 16.4856956], [76.9139551, 16.4854291], [76.9130325, 16.4850904], [76.9130324, 16.4850904], [76.9118336, 16.4848873], [76.9113, 16.4848388], [76.9105927, 16.4847745], [76.9095122, 16.4846799], [76.9087382, 16.4846121], [76.9081294, 16.4845716], [76.9076477, 16.4846196], [76.9069493, 16.4846892], [76.9066158, 16.4847277], [76.9063218, 16.4847616], [76.9057552, 16.4849379], [76.9057551, 16.4849379], [76.9054929, 16.485078], [76.9054368, 16.4851277], [76.9047812, 16.4853717], [76.904336, 16.4856058], [76.9041537, 16.4857017], [76.9032078, 16.486122], [76.9030346, 16.4862079], [76.9025335, 16.4863615], [76.9004637, 16.4870214], [76.899451, 16.4873063], [76.8988247, 16.4874825], [76.8972875, 16.4880253], [76.8963803, 16.4883457], [76.894997, 16.4888097], [76.8939686, 16.4891547], [76.8931397, 16.4894258], [76.8910792, 16.4900179], [76.8900583, 16.4903161], [76.8884989, 16.4907997], [76.8883026, 16.4908519], [76.8880915, 16.4909082], [76.8877637, 16.4911025], [76.8870612, 16.4913329], [76.886326, 16.4915453], [76.8846541, 16.4918933], [76.8836192, 16.4921554], [76.8822517, 16.4923813], [76.8807438, 16.4922729], [76.8794934, 16.4920786], [76.8792633, 16.4919864], [76.8788868, 16.4918305], [76.8784771, 16.491663], [76.8778836, 16.4915323], [76.8775124, 16.4914506], [76.8762386, 16.4912925], [76.8746604, 16.4909807], [76.8730073, 16.4904611], [76.8707314, 16.4897426], [76.8698463, 16.4893043], [76.8693608, 16.4890118], [76.8688114, 16.4886807], [76.8682916, 16.4883373], [76.86743, 16.4878041], [76.8674299, 16.4878041], [76.8671231, 16.4874747], [76.8668493, 16.4871806], [76.8664934, 16.4868824], [76.8658753, 16.4861007], [76.8648779, 16.4850117], [76.864049, 16.4841351], [76.8633607, 16.4832178], [76.8632624, 16.4827465], [76.863225, 16.4825672], [76.8631267, 16.4815144], [76.8631642, 16.4808051], [76.8630616, 16.4805734], [76.8629442, 16.4803081], [76.8627803, 16.4794089], [76.862757, 16.4785911], [76.8628431, 16.4784193], [76.8628928, 16.47832], [76.8631165, 16.4780726], [76.8632768, 16.4778953], [76.8639512, 16.4770911], [76.8640844, 16.4768595], [76.8642369, 16.4765941], [76.864546, 16.4757989], [76.8645694, 16.4749721], [76.864621, 16.4741046], [76.8646318, 16.4737525], [76.8646445, 16.4733365], [76.8648495, 16.4720135], [76.8650989, 16.4704042], [76.8651973, 16.4696586], [76.8653238, 16.4687098], [76.865764, 16.4671827], [76.8658998, 16.4668302], [76.8659139, 16.466026], [76.8658593, 16.4654731], [76.8658156, 16.465032], [76.8658625, 16.464544], [76.8659141, 16.4636449], [76.8659141, 16.4630891], [76.8659656, 16.4625334], [76.8659883, 16.4623908], [76.8661108, 16.4616207], [76.8661249, 16.4610424], [76.86605, 16.4604957], [76.8659751, 16.4603059], [76.8656193, 16.459714], [76.8652354, 16.4592079], [76.8650809, 16.4585798], [76.8649171, 16.4580196], [76.864772, 16.4575226], [76.8647719, 16.4575225], [76.864772, 16.4570752], [76.8647465, 16.4569712], [76.8647111, 16.4568267], [76.8646264, 16.4567399], [76.8645613, 16.4566731], [76.8642897, 16.4564246], [76.8636858, 16.456045], [76.863035, 16.4557016], [76.8624544, 16.4552407], [76.8622734, 16.4550618], [76.8620611, 16.4548521], [76.8619928, 16.4547861], [76.8619347, 16.4547301], [76.8618739, 16.4543912], [76.8618739, 16.454093], [76.8619114, 16.4539529], [76.8618597, 16.4536704], [76.861799, 16.4533384], [76.8617736, 16.4531637], [76.8617522, 16.4530176], [76.8615041, 16.4525296], [76.8609751, 16.4516982], [76.8608541, 16.4514868], [76.8604087, 16.4507087], [76.859964, 16.4498999], [76.8599639, 16.4498999], [76.8586344, 16.447984], [76.8584518, 16.44774], [76.8583395, 16.4476044], [76.8579511, 16.4468176], [76.8572067, 16.445309], [76.8550159, 16.442024], [76.8544541, 16.4412875], [76.8538128, 16.4406729], [76.8519684, 16.4386395], [76.8519684, 16.4386394], [76.851182, 16.4377131], [76.8494547, 16.4360908], [76.8482563, 16.4348708], [76.8482563, 16.4348707], [76.8469034, 16.4340889], [76.8458548, 16.4336414], [76.8449138, 16.4332572], [76.8444129, 16.4330312], [76.8441803, 16.4328597], [76.8436593, 16.4324753], [76.843357, 16.4322408], [76.8431818, 16.4321048], [76.8424983, 16.4315534], [76.8418571, 16.4309885], [76.8412111, 16.4305908], [76.8410098, 16.4304417], [76.8404808, 16.4301795], [76.8404479, 16.4301672], [76.8403966, 16.4301478], [76.8399144, 16.4299354], [76.8391514, 16.4295422], [76.8376347, 16.4288461], [76.8362912, 16.4282766], [76.8353979, 16.4280213], [76.8351677, 16.4279555], [76.8350377, 16.4279481], [76.834133, 16.4278966], [76.8335582, 16.4277051], [76.8333185, 16.4276253], [76.8319001, 16.4270873], [76.8317457, 16.427024], [76.8317456, 16.427024], [76.8311746, 16.4267167], [76.8311745, 16.4267167], [76.8302477, 16.4263189], [76.8297983, 16.4261154], [76.8296018, 16.4259934], [76.8294894, 16.4259482], [76.8288575, 16.4257673], [76.8279446, 16.4256812], [76.8276198, 16.4257461], [76.8272891, 16.4258121], [76.8261609, 16.4258389], [76.8244053, 16.425843], [76.8240589, 16.425843], [76.8237368, 16.4257028], [76.8235393, 16.4256169], [76.82287, 16.4250474], [76.8218823, 16.4246089], [76.8217543, 16.4245932], [76.8214751, 16.4245591], [76.8203374, 16.4245814], [76.8194736, 16.4243818], [76.8191625, 16.4243099], [76.8186751, 16.4241544], [76.8180858, 16.4239663], [76.8171497, 16.4236226], [76.8145797, 16.4230796], [76.8135171, 16.423007], [76.813517, 16.423007], [76.8110267, 16.4222336], [76.8106851, 16.4221973], [76.8105255, 16.4221766], [76.8104417, 16.4221657], [76.8104416, 16.4221657], [76.810362, 16.4221657], [76.8095896, 16.4221338], [76.8088406, 16.4220386], [76.8079558, 16.4220609], [76.8075126, 16.4220535], [76.8068557, 16.4220425], [76.8067509, 16.4220361], [76.8067059, 16.4220334], [76.8061114, 16.421979], [76.8044542, 16.4217073], [76.8027503, 16.421413], [76.8001384, 16.4206711], [76.8001383, 16.4206711], [76.7997311, 16.4205354], [76.7993801, 16.4204404], [76.7990899, 16.4203499], [76.7989822, 16.4203408], [76.7982894, 16.4201734], [76.7967728, 16.4199153], [76.7962706, 16.4198012], [76.7959162, 16.4197206], [76.7955558, 16.4195669], [76.7944652, 16.4190423], [76.7931031, 16.4186577], [76.7926304, 16.418522], [76.7922418, 16.4184767], [76.7914695, 16.418386], [76.7906362, 16.4183721], [76.7906361, 16.4183721], [76.7902055, 16.4183719], [76.7898029, 16.4183762], [76.7897399, 16.4183762], [76.7896999, 16.4183762], [76.7895903, 16.4183691], [76.7894191, 16.418358], [76.7892025, 16.4182994], [76.7891911, 16.4182963], [76.788951, 16.4182313], [76.7888365, 16.4182362], [76.7887403, 16.4182402], [76.7886046, 16.4182266], [76.7872189, 16.4181312], [76.7869522, 16.4180457], [76.7862875, 16.4178326], [76.785487, 16.4177599], [76.7852243, 16.4178087], [76.7848316, 16.4178816], [76.7839746, 16.4185093], [76.7834688, 16.4188299], [76.7824434, 16.4192225], [76.7817505, 16.4194345], [76.7807111, 16.4195967], [76.7799152, 16.4197364], [76.779514, 16.4198348], [76.779124, 16.4199303], [76.7786557, 16.4202554], [76.7781687, 16.4205941], [76.7781686, 16.4205941], [76.7771713, 16.4211268], [76.7771712, 16.4211268], [76.7759959, 16.421813], [76.7759958, 16.421813], [76.7753403, 16.4221877], [76.7753402, 16.4221877], [76.7747549, 16.422463], [76.7742864, 16.4227495], [76.7741789, 16.4228151], [76.7741789, 16.4228152], [76.7738278, 16.4229866], [76.7736873, 16.4230724], [76.7736076, 16.4231402], [76.7730331, 16.4234465], [76.7729895, 16.4234697], [76.7720623, 16.4240295], [76.771238, 16.4245668], [76.7709412, 16.4247596], [76.7705637, 16.4250047], [76.7698097, 16.4254787], [76.7698097, 16.4254788], [76.7695193, 16.4256503], [76.7686905, 16.4259707], [76.7683877, 16.4260883], [76.7678196, 16.4263091], [76.7666349, 16.4267829], [76.7642235, 16.4274548], [76.7623972, 16.4283213], [76.7614186, 16.428628], [76.7607912, 16.4286412], [76.7599629, 16.4280941], [76.7599629, 16.428094], [76.759751, 16.4280107], [76.7593076, 16.4278362], [76.7586523, 16.4276189], [76.7585843, 16.4275812], [76.7579504, 16.4272299], [76.7573093, 16.4267868], [76.7559195, 16.4257151], [76.7549308, 16.4248601], [76.7529811, 16.4231741], [76.7504362, 16.4204436], [76.7489161, 16.4183795], [76.7486669, 16.4177338], [76.7483086, 16.4168058], [76.7477602, 16.4155816], [76.747632, 16.4152478], [76.7472397, 16.4142265], [76.7467144, 16.4126047], [76.7460677, 16.4112903], [76.7460676, 16.4112902], [76.7456131, 16.4104953], [76.7449715, 16.4100077], [76.7449714, 16.4100076], [76.7448992, 16.4099609], [76.7442737, 16.4095562], [76.7435406, 16.4093423], [76.7428364, 16.4091368], [76.7419224, 16.4088363], [76.7414645, 16.4086857], [76.7399335, 16.4082076], [76.7389874, 16.4077482], [76.738688, 16.4076028], [76.7369932, 16.4071926], [76.7364831, 16.4070933], [76.7356262, 16.4069267], [76.7342826, 16.4065704], [76.7342825, 16.4065704], [76.7341448, 16.4065337], [76.7340625, 16.4065118], [76.7337095, 16.4063531], [76.7333696, 16.4062004], [76.7328498, 16.4059657], [76.7318618, 16.4053291], [76.7303916, 16.4046656], [76.7283127, 16.4036726], [76.7262713, 16.4027022], [76.7250318, 16.4021842], [76.7245109, 16.4019665], [76.7229471, 16.4012127], [76.7221399, 16.4008885], [76.7201708, 16.4000979], [76.7179656, 16.3990145], [76.7162427, 16.3982561], [76.7153835, 16.3979168], [76.7144824, 16.397561], [76.7133354, 16.3971097], [76.7113551, 16.3964146], [76.7109697, 16.3962427], [76.709665, 16.3956608], [76.7082278, 16.3950875], [76.7076235, 16.3948007], [76.7064394, 16.3942387], [76.7054393, 16.3937926], [76.7047493, 16.3934848], [76.7040653, 16.3932493], [76.7034385, 16.3930334], [76.7026146, 16.3927672], [76.7026146, 16.3927671], [76.7015894, 16.392257], [76.7007279, 16.3918009], [76.7000537, 16.3913448], [76.6991923, 16.39083], [76.6991639, 16.3908048], [76.6986117, 16.3903151], [76.6979094, 16.3897641], [76.6970432, 16.3890641], [76.6962754, 16.3883956], [76.6953203, 16.387664], [76.6953202, 16.3876639], [76.6941311, 16.386842], [76.6929841, 16.3860246], [76.6903906, 16.3845659], [76.6891126, 16.3838072], [76.6885261, 16.3834555], [76.6882466, 16.3832879], [76.6870341, 16.3826195], [76.6870189, 16.3826107], [76.6870107, 16.382606], [76.6848948, 16.3815041], [76.6831066, 16.380628], [76.6814448, 16.3798106], [76.6804853, 16.3794223], [76.6804852, 16.3794223], [76.6796567, 16.3790882], [76.6785052, 16.378605], [76.6770073, 16.3779683], [76.6770073, 16.3779682], [76.6767247, 16.37779], [76.676087, 16.3773875], [76.6755328, 16.3770378], [76.6750842, 16.3768041], [76.6741894, 16.3763378], [76.6733281, 16.375981], [76.6722562, 16.3756243], [76.6721486, 16.3755882], [76.6703981, 16.3753581], [76.6689331, 16.3749653], [76.6674961, 16.3744279], [76.6667274, 16.3739962], [76.665928, 16.3735471], [76.6657455, 16.3734207], [76.6641072, 16.3723004], [76.6641071, 16.3723004], [76.6627918, 16.3711485], [76.6625044, 16.3708918], [76.6612892, 16.3698068], [76.6604514, 16.3689981], [76.659459, 16.3679591], [76.6588513, 16.3675887], [76.658214, 16.3672002], [76.6576558, 16.3668382], [76.6567723, 16.3662651], [76.655649, 16.3651989], [76.6552946, 16.3648695], [76.6545022, 16.3641328], [76.6538937, 16.3636132], [76.6533789, 16.3634009], [76.6528407, 16.363654], [76.6526817, 16.363898], [76.6526816, 16.363898], [76.652424, 16.3642071], [76.6523728, 16.3642685], [76.6523728, 16.3642686], [76.6521482, 16.3641782], [76.6520551, 16.3640406], [76.6518579, 16.363749], [76.6517236, 16.363223], [76.6516941, 16.3631074], [76.6514927, 16.3624026], [76.6511417, 16.3618785], [76.6509846, 16.3616588], [76.6508187, 16.3614267], [76.650243, 16.3609704], [76.6495082, 16.3607807], [76.6493486, 16.3607328], [76.6492221, 16.3606929], [76.648516, 16.3604826], [76.6476877, 16.3604556], [76.646134, 16.3602253], [76.6461339, 16.3602253], [76.6449498, 16.3596516], [76.6436441, 16.3591095], [76.6434917, 16.3590524], [76.6419431, 16.3584726], [76.6414726, 16.3582964], [76.6403915, 16.3579666], [76.6395585, 16.3579124], [76.6395584, 16.3579124], [76.6385149, 16.3581655], [76.637875, 16.3579395], [76.6377473, 16.3578944], [76.6374997, 16.357787], [76.6366335, 16.357411], [76.6358005, 16.3570496], [76.6345182, 16.3568418], [76.6340127, 16.3563855], [76.6334699, 16.3564216], [76.6322578, 16.3560647], [76.6313639, 16.3554231], [76.6307228, 16.3546912], [76.6306941, 16.3546304], [76.6303624, 16.3539276], [76.6301893, 16.3537875], [76.6295622, 16.353286], [76.6295621, 16.353286], [76.6288274, 16.3527664], [76.6281863, 16.3522829], [76.6271639, 16.3514939], [76.6268105, 16.3512211], [76.6264577, 16.3509754], [76.6255001, 16.3503084], [76.625046, 16.350031], [76.6243537, 16.349608], [76.6236445, 16.3492644], [76.6231416, 16.3490207], [76.622215, 16.3488128], [76.6221605, 16.3487781], [76.6218313, 16.3485687], [76.620975, 16.3485462], [76.6203011, 16.348275], [76.6196272, 16.3475114], [76.6189581, 16.3469014], [76.6178724, 16.3466348], [76.6170722, 16.3460248], [76.6162112, 16.345112], [76.6152473, 16.344136], [76.6137733, 16.3431645], [76.6134079, 16.3428903], [76.6125567, 16.3422517], [76.6112465, 16.3416145], [76.6106978, 16.3414438], [76.6091408, 16.3409592], [76.6077416, 16.3406654], [76.607513, 16.3406758], [76.6075129, 16.3406758], [76.6069461, 16.3407015], [76.6064998, 16.3408183], [76.6063424, 16.3408595], [76.6061503, 16.3409447], [76.6053644, 16.3412932], [76.6047667, 16.3413415], [76.6044705, 16.3413654], [76.603165, 16.3411574], [76.6022104, 16.3408907], [76.601195, 16.3410487], [76.600493, 16.3412429], [76.5998566, 16.3412157], [76.5988739, 16.3408858], [76.5983593, 16.3405514], [76.5976901, 16.3403389], [76.5967075, 16.3402258], [76.5967074, 16.3402258], [76.5956219, 16.339959], [76.5951072, 16.3395342], [76.5939561, 16.3391771], [76.5938764, 16.3391703], [76.5929407, 16.3390911], [76.5925217, 16.3390701], [76.5918551, 16.3390367], [76.5909941, 16.3388287], [76.5907695, 16.3388061], [76.5903462, 16.3387657], [76.590105, 16.3387427], [76.5891786, 16.3382907], [76.5881586, 16.3374094], [76.5874147, 16.336831], [76.5874147, 16.3368309], [76.5863902, 16.3357012], [76.5858972, 16.3348208], [76.5856184, 16.3343229], [76.5850229, 16.3331269], [76.584552, 16.332181], [76.5845519, 16.332181], [76.5832747, 16.3314217], [76.5819038, 16.3310012], [76.5807981, 16.3309639], [76.5796109, 16.3309239], [76.5774492, 16.3308195], [76.5755681, 16.3306473], [76.57394, 16.3306828], [76.5733128, 16.3306964], [76.5733127, 16.3306964], [76.5715673, 16.3307999], [76.5698455, 16.330447], [76.5681565, 16.3298772], [76.5673252, 16.329505], [76.5670055, 16.3293618], [76.5656675, 16.3286024], [76.5649682, 16.3282381], [76.5637494, 16.3276032], [76.5629493, 16.3273002], [76.5617703, 16.3270017], [76.5609749, 16.3266716], [76.5603013, 16.326093], [76.5602328, 16.3260272], [76.5595669, 16.3253879], [76.5589429, 16.3247568], [76.5586642, 16.3244749], [76.5578971, 16.323684], [76.5575067, 16.323251], [76.5567886, 16.3224546], [76.5564883, 16.3221845], [76.5556379, 16.3214195], [76.5546744, 16.320502], [76.5546744, 16.3205019], [76.5541423, 16.3202031], [76.5526301, 16.3193536], [76.5504595, 16.3182007], [76.548359, 16.3174182], [76.5452339, 16.3163959], [76.5435901, 16.3159459], [76.5424737, 16.3156402], [76.5415343, 16.3151951], [76.540813, 16.3148534], [76.539218, 16.3137593], [76.5386755, 16.3134564], [76.5386754, 16.3134563], [76.5381164, 16.3131483], [76.5372393, 16.312665], [76.5369821, 16.3125113], [76.5346807, 16.3111457], [76.5328985, 16.310422], [76.5300217, 16.3090923], [76.5266724, 16.3077262], [76.5238706, 16.3063965], [76.5238706, 16.3063964], [76.5222056, 16.3052977], [76.5211346, 16.3045606], [76.5211345, 16.3045606], [76.5210228, 16.3044841], [76.5207978, 16.30433], [76.5190722, 16.3028652], [76.5178133, 16.3022293], [76.5155861, 16.3014309], [76.5132059, 16.3005776], [76.5084253, 16.2990749], [76.5073531, 16.2990066], [76.5067084, 16.2989655], [76.5057716, 16.2989988], [76.5035428, 16.2990782], [76.4989477, 16.2992416], [76.4983578, 16.298964], [76.497483, 16.298969], [76.4964117, 16.2991594], [76.4953638, 16.2990973], [76.4950503, 16.2990788], [76.4950502, 16.2990788], [76.4947245, 16.2990117], [76.4941752, 16.2988985], [76.4935946, 16.2987502], [76.493099, 16.2986235], [76.4925898, 16.2985712], [76.4922241, 16.2985336], [76.4914474, 16.2983488], [76.4912929, 16.2982962], [76.4912927, 16.2982962], [76.4906952, 16.2980934], [76.4903711, 16.2979834], [76.4893931, 16.2975185], [76.489393, 16.2975185], [76.4885179, 16.2970581], [76.4876943, 16.2966474], [76.4865383, 16.2960064], [76.4850316, 16.2954559], [76.483436, 16.2949009], [76.482107, 16.2942962], [76.4806515, 16.2933842], [76.4791493, 16.2925038], [76.4782275, 16.2921518], [76.4768797, 16.2913572], [76.476102, 16.2908744], [76.4753307, 16.2903955], [76.4745212, 16.2899441], [76.4737912, 16.2895016], [76.473543, 16.2891267], [76.4731638, 16.288553], [76.4724759, 16.288079], [76.4724759, 16.2880789], [76.4714838, 16.2874016], [76.4713127, 16.2871972], [76.4710718, 16.2869093], [76.4708574, 16.2864862], [76.4706551, 16.2860872], [76.4705092, 16.2857941], [76.4704256, 16.2856264], [76.4699059, 16.2847094], [76.4697093, 16.2845077], [76.4694613, 16.2842532], [76.4693651, 16.2841853], [76.4686938, 16.2837114], [76.4681462, 16.2830655], [76.4680598, 16.2828988], [76.467898, 16.2825866], [76.4672241, 16.2820131], [76.4663725, 16.2814848], [76.464122, 16.2807673], [76.4628995, 16.2804782], [76.4618904, 16.2802396], [76.4606365, 16.2800051], [76.4597382, 16.2797208], [76.4591627, 16.2793596], [76.4589689, 16.2792381], [76.4584421, 16.278908], [76.4577018, 16.2783555], [76.4570383, 16.2778603], [76.4560653, 16.2769821], [76.4556671, 16.2766227], [76.4549371, 16.2758414], [76.4545112, 16.275349], [76.454097, 16.2751599], [76.4532947, 16.2747937], [76.4521532, 16.2742565], [76.4521531, 16.2742564], [76.4517882, 16.2740848], [76.4502985, 16.2734237], [76.4497436, 16.2731774], [76.4477271, 16.2722518], [76.4459165, 16.2713758], [76.4448403, 16.2707526], [76.4441151, 16.2702784], [76.4435115, 16.2696867], [76.4428984, 16.2686973], [76.4424724, 16.26783], [76.4424724, 16.2678299], [76.4418126, 16.2670666], [76.440961, 16.2662219], [76.439721, 16.2651198], [76.4383876, 16.2641533], [76.436736, 16.2630874], [76.4348741, 16.2621797], [76.4336531, 16.2617824], [76.4325538, 16.2615116], [76.431861, 16.261482], [76.4318194, 16.2614802], [76.4312862, 16.2613989], [76.4299248, 16.26083], [76.4286102, 16.2602068], [76.4277073, 16.2597145], [76.4265624, 16.2588807], [76.4258033, 16.2583278], [76.4249143, 16.2576683], [76.4235671, 16.2569412], [76.4207742, 16.2554191], [76.4186084, 16.2542854], [76.4183604, 16.2541544], [76.4166389, 16.252989], [76.4166329, 16.2529842], [76.4153945, 16.2519907], [76.4149173, 16.2515615], [76.4144257, 16.2509908], [76.4145149, 16.2505171], [76.4147253, 16.2502956], [76.4150802, 16.250189], [76.4152819, 16.2501284], [76.416484, 16.2500965], [76.4174891, 16.24989], [76.418135, 16.2497573], [76.4184893, 16.2496305], [76.4188927, 16.2494861], [76.4190409, 16.2492267], [76.4191405, 16.2490522], [76.418855, 16.2484559], [76.4180925, 16.2476201], [76.4172785, 16.2468974], [76.4157721, 16.2455015], [76.4141396, 16.2444806], [76.4132368, 16.2440244], [76.4131228, 16.2439514], [76.41203, 16.243252], [76.4113122, 16.2428648], [76.4107904, 16.2425834], [76.4096959, 16.2419104], [76.4091156, 16.2413761], [76.408793, 16.2410791], [76.4084779, 16.2407769], [76.4081195, 16.2404331], [76.4075815, 16.2398955], [76.406501, 16.2392811], [76.4054298, 16.2388791], [76.4047891, 16.2385855], [76.4043558, 16.2385889], [76.4041998, 16.2385901], [76.4041997, 16.2385901], [76.4026938, 16.2391144], [76.4013421, 16.2385543], [76.400299, 16.2374022], [76.3990034, 16.2369189], [76.397661, 16.2365485], [76.3976563, 16.2360877], [76.3977638, 16.235681], [76.3977137, 16.2353344], [76.3976468, 16.2348722], [76.3968189, 16.2337925], [76.3968189, 16.2337924], [76.3962809, 16.232577], [76.3958038, 16.2320394], [76.3955185, 16.2317186], [76.3944194, 16.23105], [76.3932922, 16.2302684], [76.3925626, 16.2298663], [76.3914962, 16.2294416], [76.3909956, 16.229146], [76.3905935, 16.2289085], [76.3900788, 16.2285245], [76.389443, 16.2280501], [76.3893987, 16.2280362], [76.3884188, 16.2277293], [76.3872683, 16.2275487], [76.3871453, 16.2273451], [76.3870718, 16.2272234], [76.3869399, 16.2268479], [76.3868099, 16.2264778], [76.3867645, 16.2263503], [76.3867023, 16.2261751], [76.3860241, 16.2253392], [76.3852057, 16.2250998], [76.3832461, 16.225005], [76.3815624, 16.2245803], [76.3806365, 16.2237444], [76.3798742, 16.223157], [76.3795201, 16.2231244], [76.3790885, 16.2230847], [76.3774937, 16.2229582], [76.3768624, 16.2222579], [76.3766031, 16.2218939], [76.375726, 16.2206629], [76.3751554, 16.2200619], [76.3746878, 16.2195649], [76.3745365, 16.2195425], [76.3739863, 16.219461], [76.3728358, 16.2190588], [76.3698896, 16.218512], [76.3687112, 16.2179743], [76.3685106, 16.2176295], [76.3684352, 16.2174998], [76.3682529, 16.217179], [76.3682014, 16.2170886], [76.3672849, 16.2157647], [76.3665461, 16.2140116], [76.3658354, 16.2123397], [76.3645354, 16.2105594], [76.362665, 16.2090592], [76.3620712, 16.2082458], [76.3614399, 16.2074641], [76.361309, 16.2073015], [76.361309, 16.2073014], [76.3608554, 16.206845], [76.3600137, 16.2066054], [76.3574932, 16.2066233], [76.3557256, 16.2062797], [76.3542948, 16.2050958], [76.3536122, 16.2041017], [76.3533457, 16.2034556], [76.353131, 16.2027461], [76.3529437, 16.2021271], [76.3529437, 16.202127], [76.3525612, 16.2017192], [76.3518122, 16.2009205], [76.3513961, 16.2005409], [76.3505497, 16.2001432], [76.3503955, 16.2000901], [76.3494602, 16.199768], [76.3490879, 16.1995843], [76.3483334, 16.1992121], [76.3475572, 16.1987105], [76.3470041, 16.1984795], [76.3457383, 16.1979511], [76.3440831, 16.1975352], [76.3428814, 16.1972684], [76.3417264, 16.1970061], [76.3412542, 16.1966582], [76.3383396, 16.1953086], [76.3373229, 16.1949082], [76.3362396, 16.1944816], [76.3355165, 16.1941969], [76.3345119, 16.1938012], [76.3337116, 16.193785], [76.3324966, 16.1937602], [76.3314816, 16.1940361], [76.322873, 16.1905001], [76.3133965, 16.1903544], [76.3034826, 16.1865638], [76.2993094, 16.1859987], [76.2971408, 16.1845954], [76.2949175, 16.1822445], [76.293759, 16.1787072], [76.2891951, 16.1646948], [76.2883932, 16.1594463], [76.2850036, 16.1552184], [76.2808121, 16.1525577], [76.2752519, 16.1510046], [76.267545, 16.1528857], [76.2643376, 16.1560202], [76.2602736, 16.1573141], [76.2507607, 16.1626355], [76.2497766, 16.1642939], [76.2480271, 16.1644579], [76.2428515, 16.1665901], [76.2403366, 16.1669182], [76.238683, 16.1667264], [76.2386802, 16.1666997], [76.2382568, 16.1647374], [76.2375487, 16.1608971], [76.2370656, 16.1580598], [76.236667, 16.155837], [76.2363713, 16.1538445], [76.236146, 16.1521954], [76.2359954, 16.1502933], [76.2356808, 16.1476004], [76.2354361, 16.1446726], [76.2351774, 16.1418579], [76.2348201, 16.1380851], [76.2346131, 16.1354645], [76.2342795, 16.1324374], [76.2341617, 16.1307114]]]}, "properties": {"level": "district", "name": "Raichur", "parent_level": "state", "parent_name": "Karnataka"}}, {"type": "Feature", "geometry": {"type": "Polygon", "coordinates": [[[77.1449928, 16.2336152], [77.1594607, 16.2196135], [77.1639104, 16.2174771], [77.1637551, 16.2059768], [77.1536436, 16.1969368], [77.1514809, 16.1914887], [77.1703639, 16.190757], [77.1740078, 16.1846432], [77.1784414, 16.1821709], [77.1930294, 16.1798359], [77.2113359, 16.1827203], [77.234552, 16.1801106], [77.2361252, 16.1763333], [77.2484249, 16.1677483], [77.2569166, 16.1655206], [77.2659825, 16.1452853], [77.2661403, 16.1310602], [77.2570943, 16.1309915], [77.2553066, 16.1244168], [77.2507299, 16.1112954], [77.2492344, 16.0965452], [77.249878, 16.0891591], [77.2579279, 16.0877648], [77.2550675, 16.0784202], [77.2559256, 16.0583551], [77.2795238, 16.0485967], [77.2811093, 16.0026512], [77.2828971, 15.9994892], [77.2826825, 15.9834034], [77.2733863, 15.9711664], [77.2719561, 15.9643601], [77.2684739, 15.9575951], [77.2854862, 15.9532039], [77.299154, 15.9581593], [77.3263263, 15.9495694], [77.356402, 15.9500796], [77.3679113, 15.9475888], [77.3769733, 15.9403899], [77.3890686, 15.9409452], [77.4020076, 15.9441845], [77.4134016, 15.9428021], [77.4274539, 15.9483614], [77.4505533, 15.9404934], [77.4665248, 15.9345308], [77.4889111, 15.9335019], [77.4988782, 15.9330428], [77.5114453, 15.9283309], [77.5133402, 15.9280671], [77.5138993, 15.9299013], [77.5144246, 15.9317008], [77.5144515, 15.9318285], [77.5144896, 15.9319687], [77.5150715, 15.9345147], [77.5151042, 15.9346356], [77.515515, 15.9367951], [77.516061, 15.9389643], [77.5160752, 15.9391118], [77.5161311, 15.9393614], [77.5161317, 15.9395073], [77.516504, 15.9417145], [77.5165302, 15.9417982], [77.5165322, 15.9418886], [77.5167993, 15.9432026], [77.5170413, 15.9447947], [77.5174, 15.9464359], [77.5174222, 15.9465794], [77.5177257, 15.9491825], [77.5179658, 15.9515275], [77.5179979, 15.9528656], [77.5179955, 15.9529568], [77.5182872, 15.957846], [77.5184705, 15.95942], [77.5185965, 15.9617745], [77.5187144, 15.9625037], [77.5189741, 15.9638753], [77.519203, 15.9660299], [77.5192136, 15.9672522], [77.5178811, 15.9673607], [77.5177102, 15.9673956], [77.5165738, 15.9675779], [77.5157166, 15.967708], [77.5155509, 15.9677393], [77.5153295, 15.9688578], [77.5151804, 15.9694734], [77.5150878, 15.9696358], [77.5146474, 15.9698993], [77.5145551, 15.9700599], [77.514279, 15.9707443], [77.5140639, 15.9714989], [77.5139771, 15.9717795], [77.5139284, 15.9718858], [77.5138849, 15.9720628], [77.5136733, 15.9725673], [77.5130499, 15.9729581], [77.5126107, 15.9732045], [77.5124591, 15.9732979], [77.5123888, 15.9734167], [77.5122333, 15.9736995], [77.5112329, 15.9758031], [77.5108725, 15.976552], [77.5108193, 15.9766536], [77.5107959, 15.9767157], [77.510787, 15.9767686], [77.5107598, 15.9771073], [77.5108083, 15.9776914], [77.5108439, 15.9783141], [77.5107831, 15.9791609], [77.5107697, 15.9793001], [77.5106945, 15.9796898], [77.5107282, 15.9797956], [77.5106034, 15.9798246], [77.5095681, 15.9803126], [77.5094647, 15.9803842], [77.5094722, 15.9805275], [77.5096344, 15.9816508], [77.5096808, 15.9817648], [77.5096241, 15.9819594], [77.5096564, 15.9840049], [77.5096644, 15.9841103], [77.5096677, 15.9842628], [77.5098301, 15.986135], [77.5098685, 15.986292], [77.5099672, 15.9871133], [77.5100763, 15.9876098], [77.5101708, 15.9884778], [77.510196, 15.9885962], [77.5102126, 15.9887615], [77.5103416, 15.9895161], [77.5104887, 15.9903042], [77.5105176, 15.9904307], [77.5105165, 15.9906298], [77.5106044, 15.9911174], [77.5106442, 15.9913173], [77.5107897, 15.9924801], [77.5108208, 15.9926944], [77.5108562, 15.9928506], [77.5110856, 15.9949552], [77.511147, 15.9952187], [77.5113279, 15.995833], [77.5113832, 15.9959663], [77.511446, 15.996146], [77.5118141, 15.9979615], [77.5118604, 15.9980965], [77.511886, 15.9982796], [77.5120458, 15.999025], [77.5120998, 15.9991823], [77.5120943, 15.9993483], [77.5121743, 15.9998748], [77.5121671, 15.9999881], [77.5122027, 16.0001794], [77.5122811, 16.0006638], [77.5123167, 16.000806], [77.5123545, 16.0011298], [77.5123302, 16.0013027], [77.5124004, 16.0022905], [77.5124057, 16.0025954], [77.5124383, 16.0027479], [77.5125901, 16.0036955], [77.5126335, 16.0038222], [77.5126674, 16.0039672], [77.5127494, 16.0042751], [77.5129481, 16.0046382], [77.5133044, 16.0056522], [77.513374, 16.0058174], [77.5133872, 16.0059987], [77.5137075, 16.0071717], [77.5139469, 16.00769], [77.5139943, 16.007817], [77.5140416, 16.007995], [77.514104, 16.0084178], [77.5140765, 16.0087225], [77.5135424, 16.008619], [77.5129808, 16.0086517], [77.5127738, 16.0086725], [77.5126601, 16.0087021], [77.5117874, 16.0088626], [77.5111623, 16.0090144], [77.51104, 16.0090572], [77.5108858, 16.0090532], [77.5093873, 16.0094717], [77.5080867, 16.0102779], [77.5079529, 16.0103147], [77.5078021, 16.0103128], [77.5066645, 16.0103755], [77.5065175, 16.0103731], [77.5065589, 16.0105134], [77.5066908, 16.0110003], [77.5067299, 16.0111219], [77.5066379, 16.0111195], [77.5056199, 16.0112743], [77.5054588, 16.011296], [77.5054892, 16.0114437], [77.5054998, 16.0118089], [77.5052538, 16.0132043], [77.5048857, 16.0134076], [77.50483, 16.0144065], [77.5048566, 16.0154849], [77.5044756, 16.0172825], [77.5039925, 16.0174171], [77.5041575, 16.0190593], [77.5042008, 16.019171], [77.5039703, 16.0192921], [77.5021924, 16.0197017], [77.5020086, 16.0196944], [77.5020071, 16.0198285], [77.5017714, 16.0215989], [77.5017204, 16.0220934], [77.5017169, 16.0226986], [77.5017345, 16.0228208], [77.5016122, 16.0229183], [77.500593, 16.0247207], [77.5000271, 16.026827], [77.4999936, 16.0269648], [77.4998808, 16.0270517], [77.497871, 16.0283553], [77.4966268, 16.0292077], [77.496507, 16.0292697], [77.4965732, 16.0293943], [77.4969343, 16.0301182], [77.4970127, 16.0302327], [77.4968852, 16.0303137], [77.4948302, 16.0311258], [77.4947093, 16.0311599], [77.4947302, 16.0313098], [77.4950544, 16.0325753], [77.4944768, 16.0339466], [77.4944239, 16.0340781], [77.4943929, 16.0341923], [77.4942885, 16.0357755], [77.4942492, 16.0366513], [77.4946786, 16.0375868], [77.4947383, 16.0376659], [77.4947105, 16.0385116], [77.4948805, 16.0394568], [77.4949343, 16.04019], [77.4951122, 16.0409119], [77.4955053, 16.0420506], [77.4970506, 16.0430312], [77.4980559, 16.0436176], [77.4981353, 16.0438866], [77.4982207, 16.0440371], [77.4982391, 16.0441442], [77.49828, 16.0451157], [77.4983114, 16.0452554], [77.4981901, 16.045328], [77.4971041, 16.0458562], [77.4972214, 16.0472441], [77.4973581, 16.0483226], [77.497814, 16.0491187], [77.4980452, 16.050547], [77.4981282, 16.0508559], [77.4979321, 16.0515444], [77.4978808, 16.051667], [77.4980556, 16.051666], [77.4989498, 16.0515144], [77.4991017, 16.0515294], [77.4997195, 16.0534231], [77.4997754, 16.0535616], [77.4996502, 16.0536443], [77.4977586, 16.0542397], [77.4976064, 16.0542678], [77.4975242, 16.0542967], [77.4972017, 16.0543706], [77.4970331, 16.054416], [77.4969189, 16.054459], [77.4963288, 16.0546466], [77.4963725, 16.0547922], [77.4970062, 16.0560617], [77.4970584, 16.0561874], [77.4970882, 16.0563423], [77.4974681, 16.0575578], [77.4978013, 16.0574228], [77.4978196, 16.0576342], [77.4978518, 16.0578021], [77.4978927, 16.0579237], [77.4981889, 16.0585036], [77.4983789, 16.0589237], [77.4985607, 16.0594088], [77.4990682, 16.0603831], [77.4989098, 16.0606373], [77.4992195, 16.0611856], [77.4996101, 16.0611595], [77.5000806, 16.0618668], [77.5003935, 16.0623851], [77.5007482, 16.0630942], [77.5012377, 16.0640117], [77.5030371, 16.0635508], [77.5034367, 16.0635031], [77.5035534, 16.0639471], [77.5041027, 16.0651997], [77.5042811, 16.0669468], [77.504282, 16.067096], [77.5043228, 16.0672569], [77.5046355, 16.0681635], [77.5041285, 16.0682869], [77.5042425, 16.0696865], [77.5035959, 16.0699767], [77.5036944, 16.0702763], [77.5037192, 16.0704932], [77.5039044, 16.0710075], [77.5044752, 16.0715982], [77.5051915, 16.0721885], [77.5053621, 16.072281], [77.5053786, 16.0725022], [77.5054882, 16.073394], [77.5055378, 16.0735546], [77.5056003, 16.0737061], [77.5062557, 16.0757357], [77.5062995, 16.0758622], [77.5063299, 16.0761085], [77.5067714, 16.077969], [77.5064691, 16.0781309], [77.5057641, 16.0793685], [77.5048908, 16.0807515], [77.5028823, 16.0812812], [77.5022584, 16.0813269], [77.5020672, 16.08136], [77.5018982, 16.0814346], [77.5013536, 16.0817028], [77.5012099, 16.0817937], [77.5010715, 16.0818335], [77.5009346, 16.0819135], [77.5007384, 16.0819655], [77.5002521, 16.0822257], [77.5001196, 16.0823019], [77.4999075, 16.0824015], [77.4991499, 16.0827347], [77.4974573, 16.0837805], [77.4961841, 16.0848953], [77.4951323, 16.0851236], [77.4944255, 16.0853386], [77.4923949, 16.0857707], [77.4934804, 16.0888682], [77.494426, 16.0912901], [77.4963462, 16.0934972], [77.4964241, 16.0936142], [77.496485, 16.0937677], [77.4973466, 16.0964252], [77.4974228, 16.0967908], [77.497509, 16.0969069], [77.4975644, 16.0970662], [77.4976661, 16.097478], [77.4976701, 16.0975899], [77.497851, 16.0982421], [77.4981231, 16.0989725], [77.4981581, 16.0990967], [77.4983823, 16.099713], [77.4987194, 16.1003168], [77.4987163, 16.1004913], [77.4987913, 16.1008235], [77.4989383, 16.1013968], [77.4993099, 16.1024259], [77.4993493, 16.102543], [77.4994142, 16.1026536], [77.4999023, 16.1038026], [77.5004659, 16.1057145], [77.5004561, 16.1058427], [77.5004806, 16.1059566], [77.5006601, 16.1065713], [77.5031661, 16.1069079], [77.503895, 16.106921], [77.5050025, 16.1079119], [77.5068361, 16.1089913], [77.5070426, 16.1091068], [77.5071595, 16.1091375], [77.5074889, 16.1092704], [77.5076416, 16.1092779], [77.5081421, 16.1093645], [77.5082868, 16.1093995], [77.5084774, 16.109405], [77.5096728, 16.1093783], [77.5107354, 16.108881], [77.5110944, 16.1087195], [77.5112976, 16.1086405], [77.5114114, 16.1085751], [77.5118401, 16.1082639], [77.5127148, 16.1077365], [77.5130854, 16.1076674], [77.5136976, 16.107547], [77.5138871, 16.107518], [77.5139191, 16.1077628], [77.5123202, 16.1097773], [77.5122224, 16.1098779], [77.5120419, 16.1099813], [77.5108466, 16.1109262], [77.5106564, 16.1110594], [77.5108037, 16.111959], [77.5107838, 16.1126574], [77.5108482, 16.1128289], [77.5109187, 16.1129537], [77.5108131, 16.1129917], [77.5106796, 16.1130278], [77.5105107, 16.1130825], [77.5088601, 16.113377], [77.5083528, 16.1136534], [77.5081464, 16.1138722], [77.5074392, 16.1150778], [77.5069356, 16.1150444], [77.5067814, 16.1150603], [77.5067991, 16.1152566], [77.5068373, 16.1154193], [77.5065413, 16.1156081], [77.5066216, 16.1157276], [77.5057993, 16.1159978], [77.505493, 16.1162402], [77.5051368, 16.1164831], [77.5043755, 16.1169532], [77.5043567, 16.1171056], [77.5030391, 16.1180052], [77.502341, 16.1193068], [77.5022844, 16.1194037], [77.5021985, 16.1194347], [77.5014446, 16.1197649], [77.501351, 16.1198439], [77.5006188, 16.1200163], [77.5004666, 16.1202536], [77.4998326, 16.1203466], [77.4984672, 16.1204841], [77.4981024, 16.1205329], [77.4978294, 16.1205902], [77.496573, 16.1208375], [77.4952232, 16.1200958], [77.4945154, 16.1200351], [77.4927662, 16.1210213], [77.4926491, 16.1210832], [77.4925312, 16.1209865], [77.4897838, 16.1195562], [77.4896441, 16.1194905], [77.4896259, 16.1196313], [77.4895759, 16.1206147], [77.4898012, 16.1235371], [77.4909333, 16.1259098], [77.4911771, 16.1274544], [77.491574, 16.1300555], [77.4916271, 16.1301827], [77.4917676, 16.1307914], [77.4916674, 16.1321901], [77.4916489, 16.1323328], [77.4917068, 16.1325039], [77.4919148, 16.1331727], [77.4917582, 16.1337098], [77.4918456, 16.1341251], [77.4919879, 16.1345224], [77.4919768, 16.1345623], [77.4920177, 16.1347443], [77.4920287, 16.1349395], [77.4920572, 16.135113], [77.4919667, 16.1351513], [77.4913137, 16.1353346], [77.4912606, 16.1359152], [77.4912555, 16.1360632], [77.4912409, 16.1361852], [77.4912633, 16.137589], [77.4912846, 16.1376952], [77.4912613, 16.137767], [77.4911292, 16.1382508], [77.4911394, 16.1396167], [77.4909182, 16.1414777], [77.4909397, 16.1415745], [77.4910067, 16.1421985], [77.4910422, 16.1424312], [77.4916953, 16.1456041], [77.4917098, 16.145758], [77.4916589, 16.1458812], [77.4910795, 16.1474464], [77.4910306, 16.1476266], [77.4909642, 16.1476972], [77.4899116, 16.1489079], [77.4899911, 16.1491189], [77.4902006, 16.1494151], [77.490315, 16.1495502], [77.4903741, 16.1496656], [77.4909036, 16.1503837], [77.4910108, 16.1505024], [77.4910522, 16.1506111], [77.4914983, 16.1523182], [77.4916802, 16.1534224], [77.491664, 16.1549718], [77.491463, 16.1567455], [77.491363, 16.1584596], [77.4907729, 16.1605207], [77.4907639, 16.1606525], [77.490702, 16.1607513], [77.4905948, 16.1609361], [77.4905193, 16.1610415], [77.4904675, 16.1611406], [77.4900315, 16.1616571], [77.4896112, 16.1616929], [77.4894828, 16.1616871], [77.4893445, 16.1617515], [77.4884225, 16.1619576], [77.4876257, 16.1622395], [77.4873338, 16.1623894], [77.4871924, 16.1625475], [77.4871227, 16.1626574], [77.4869271, 16.1627063], [77.4868192, 16.1627634], [77.4866879, 16.1628074], [77.4866055, 16.163489], [77.4865536, 16.1639857], [77.4862978, 16.1646846], [77.4868701, 16.1650753], [77.4870631, 16.1665739], [77.4875338, 16.1674878], [77.4876471, 16.1681064], [77.4876508, 16.1681803], [77.4876909, 16.1683281], [77.4886354, 16.1705395], [77.4886835, 16.1706222], [77.4888188, 16.1706987], [77.4893392, 16.1710157], [77.4890453, 16.1723262], [77.4890223, 16.1726058], [77.4890589, 16.1727647], [77.4891542, 16.1730558], [77.4892409, 16.173196], [77.4892437, 16.1733426], [77.4892744, 16.1735246], [77.48932, 16.1739289], [77.4893545, 16.1740598], [77.4892428, 16.1745034], [77.4893248, 16.1746329], [77.4893499, 16.1748258], [77.4894376, 16.1750976], [77.4894371, 16.1752334], [77.4895372, 16.1759219], [77.4896197, 16.1762996], [77.4896329, 16.1764915], [77.4897902, 16.1767726], [77.4898862, 16.1772832], [77.4900053, 16.1780745], [77.4900114, 16.179043], [77.4900564, 16.1793499], [77.490056, 16.1794589], [77.4900799, 16.1796762], [77.4900212, 16.1798151], [77.4899911, 16.1804393], [77.4900163, 16.1806925], [77.4900627, 16.1808306], [77.4900397, 16.1809311], [77.4900659, 16.1811876], [77.4902655, 16.1821317], [77.4905567, 16.1831728], [77.4906765, 16.1834101], [77.4909954, 16.1839044], [77.4910769, 16.1840156], [77.4910866, 16.1841416], [77.4915437, 16.1850491], [77.4916452, 16.1852178], [77.4916473, 16.1852855], [77.4916042, 16.1864291], [77.4918079, 16.1875325], [77.4918414, 16.1876416], [77.4927362, 16.1891446], [77.492912, 16.1894286], [77.4932165, 16.1896934], [77.4933399, 16.1898255], [77.4934139, 16.1899285], [77.4939015, 16.1906868], [77.4939533, 16.190825], [77.494522, 16.1921258], [77.4946555, 16.1923463], [77.4950317, 16.1928655], [77.4952873, 16.1932739], [77.4953348, 16.1934074], [77.4966251, 16.195827], [77.4966892, 16.1959158], [77.4971028, 16.1965945], [77.4975052, 16.1972085], [77.4979914, 16.1979807], [77.4980682, 16.1980833], [77.4981834, 16.1981566], [77.4984155, 16.1982533], [77.4996972, 16.1993901], [77.4998688, 16.1994687], [77.4998271, 16.1996281], [77.4999541, 16.2013004], [77.4999578, 16.2014319], [77.4999535, 16.2015518], [77.4999637, 16.2016858], [77.4999402, 16.2027964], [77.4999643, 16.2028913], [77.4999327, 16.2029674], [77.4994216, 16.2038973], [77.4993928, 16.2039277], [77.4994037, 16.2039915], [77.4993847, 16.2045965], [77.4994013, 16.2051641], [77.4993932, 16.2054432], [77.4994009, 16.2055699], [77.4993939, 16.206603], [77.4994071, 16.2082746], [77.4994454, 16.2083769], [77.4994085, 16.2085064], [77.4992815, 16.209012], [77.4991402, 16.2099175], [77.4989657, 16.209965], [77.4991406, 16.2101721], [77.4991225, 16.2102943], [77.4991617, 16.2108292], [77.4992264, 16.211267], [77.4993536, 16.2125845], [77.4994466, 16.2131298], [77.4993583, 16.2134698], [77.499021, 16.2137878], [77.4991251, 16.2138933], [77.4993645, 16.214279], [77.49972, 16.2147156], [77.4997417, 16.2148484], [77.4997495, 16.2150202], [77.499741, 16.2153747], [77.499754, 16.215955], [77.4998556, 16.2165497], [77.4997365, 16.2172049], [77.4997294, 16.217332], [77.4997037, 16.2174915], [77.4997722, 16.2177305], [77.50014, 16.2186858], [77.5002253, 16.2188689], [77.5002365, 16.2189794], [77.5003108, 16.2192099], [77.5001106, 16.2203443], [77.5001702, 16.2204882], [77.5002496, 16.220632], [77.5008306, 16.2220022], [77.501342, 16.2230927], [77.5014079, 16.223211], [77.5019285, 16.2242113], [77.5019856, 16.2243341], [77.5021207, 16.2243143], [77.5031083, 16.223934], [77.5048189, 16.2229114], [77.5050614, 16.2227377], [77.5051873, 16.2226828], [77.5070787, 16.222036], [77.5071925, 16.2219836], [77.5073094, 16.2219457], [77.5078777, 16.2218466], [77.5085946, 16.2216499], [77.508754, 16.2216476], [77.5089107, 16.2216654], [77.5099843, 16.2216841], [77.5112963, 16.2210209], [77.5114956, 16.2209259], [77.5119401, 16.2208042], [77.5120286, 16.2207705], [77.5128229, 16.2219029], [77.5132499, 16.2218154], [77.514832, 16.2222326], [77.5151497, 16.2225497], [77.5156804, 16.2239871], [77.5157501, 16.2254048], [77.5156434, 16.2258443], [77.515599, 16.2263445], [77.5155141, 16.2276783], [77.5146107, 16.2294333], [77.5143823, 16.230373], [77.5137484, 16.2307883], [77.5130926, 16.2306353], [77.5112606, 16.2309866], [77.5102663, 16.2311694], [77.5100725, 16.2311113], [77.5092608, 16.2311257], [77.5083179, 16.2310057], [77.5071495, 16.2310791], [77.5069659, 16.2310606], [77.5050871, 16.2305102], [77.5044944, 16.2305], [77.5041637, 16.2304703], [77.503957, 16.2305365], [77.503408, 16.2307954], [77.5025749, 16.2303007], [77.5011587, 16.2297105], [77.5009549, 16.2296612], [77.4992815, 16.2286937], [77.4986598, 16.2283935], [77.4977436, 16.2279665], [77.4952937, 16.2267323], [77.4948747, 16.2269671], [77.4945446, 16.2272833], [77.4943902, 16.2273978], [77.4931257, 16.2284218], [77.4921126, 16.2293966], [77.4919713, 16.2294863], [77.4919585, 16.2296071], [77.4922588, 16.2310892], [77.492217, 16.2313985], [77.4922442, 16.2317564], [77.4921931, 16.2321443], [77.4921237, 16.232826], [77.4924046, 16.2351033], [77.4924062, 16.2352719], [77.4923866, 16.2354317], [77.4922907, 16.2366519], [77.4922117, 16.2368306], [77.4923129, 16.2372756], [77.4924468, 16.2376148], [77.492434, 16.2382087], [77.4922118, 16.2398775], [77.4924545, 16.240965], [77.4925803, 16.2425023], [77.4926687, 16.2437216], [77.4923288, 16.2454827], [77.4918448, 16.2491535], [77.4917285, 16.2497208], [77.4916828, 16.2502607], [77.4915465, 16.2512878], [77.49146, 16.2512923], [77.4914388, 16.2515052], [77.4914298, 16.2521597], [77.4914163, 16.2523243], [77.4914405, 16.252535], [77.4913433, 16.2526414], [77.4907006, 16.2537825], [77.4905649, 16.2539574], [77.4900963, 16.2551157], [77.4900118, 16.2552837], [77.4901676, 16.2553653], [77.4937044, 16.2568456], [77.4938708, 16.256882], [77.4956592, 16.2577041], [77.4969317, 16.258481], [77.497101, 16.2585963], [77.4990099, 16.2600298], [77.5003518, 16.2609356], [77.5007175, 16.2611337], [77.5017152, 16.2616052], [77.5018138, 16.2616694], [77.5019188, 16.2617064], [77.50195, 16.2618151], [77.5023252, 16.2622542], [77.5023996, 16.2623778], [77.5024805, 16.2625325], [77.5033305, 16.2639345], [77.5037555, 16.2642528], [77.5038846, 16.2643319], [77.5039645, 16.264537], [77.5042648, 16.2651304], [77.5048018, 16.2657252], [77.5049449, 16.2662416], [77.5054509, 16.2677565], [77.5054735, 16.2678879], [77.5054864, 16.268022], [77.5055158, 16.2681776], [77.5054579, 16.2696197], [77.5053848, 16.2706758], [77.505312, 16.2711002], [77.5052549, 16.2712939], [77.5052735, 16.2715068], [77.5052116, 16.2723724], [77.5051159, 16.2728625], [77.5065075, 16.2754825], [77.5074174, 16.2759183], [77.5087956, 16.2749663], [77.5100714, 16.2750048], [77.5106674, 16.2747138], [77.5108211, 16.2746141], [77.5130788, 16.2756135], [77.5132407, 16.2756412], [77.5133727, 16.2758361], [77.5143055, 16.2770223], [77.5144097, 16.2771415], [77.5143957, 16.2773115], [77.5143821, 16.277772], [77.5143579, 16.2779507], [77.5145383, 16.2779234], [77.514901, 16.2779593], [77.5159839, 16.2781122], [77.516121, 16.2781601], [77.5168267, 16.2783799], [77.5172678, 16.2784931], [77.517496, 16.2786558], [77.5178487, 16.2787146], [77.5184681, 16.2788061], [77.519336, 16.278672], [77.5203916, 16.278219], [77.522012, 16.2782101], [77.5222349, 16.2782367], [77.5223663, 16.2781391], [77.5251615, 16.2767025], [77.5253068, 16.2766245], [77.525442, 16.2765936], [77.5256436, 16.2765037], [77.5260059, 16.2760975], [77.526786, 16.2757992], [77.5269354, 16.2757171], [77.5271287, 16.2756313], [77.5278693, 16.2752075], [77.5289558, 16.2748883], [77.5295354, 16.2754998], [77.5298351, 16.2747761], [77.5297876, 16.2737742], [77.5297939, 16.2736107], [77.529844, 16.2734496], [77.5300377, 16.2727677], [77.5300395, 16.2725695], [77.530191, 16.2724582], [77.5307868, 16.271769], [77.5318388, 16.2709236], [77.5319398, 16.2707921], [77.5320847, 16.2707152], [77.5332248, 16.2698055], [77.5333954, 16.2696861], [77.5334945, 16.269565], [77.5353918, 16.2678601], [77.5373517, 16.2669983], [77.5381056, 16.2700802], [77.5388315, 16.2724373], [77.5389691, 16.2736188], [77.5391641, 16.2748217], [77.5394824, 16.2770284], [77.5396715, 16.2782111], [77.5399975, 16.2801183], [77.5402322, 16.2810979], [77.5402472, 16.2812049], [77.5404395, 16.2820148], [77.5405831, 16.2828486], [77.5407089, 16.2834318], [77.5407717, 16.2835655], [77.5407835, 16.2851793], [77.5407631, 16.2853836], [77.5409393, 16.2861171], [77.5412336, 16.2861288], [77.5413234, 16.2861462], [77.5415749, 16.2873092], [77.5433194, 16.2888715], [77.5434603, 16.2889644], [77.5439068, 16.2903458], [77.5439194, 16.2904596], [77.5442168, 16.2910073], [77.5443087, 16.2911083], [77.5444347, 16.2913838], [77.544503, 16.2914698], [77.5448497, 16.2919785], [77.5451552, 16.2923818], [77.5463959, 16.2926627], [77.5465088, 16.2926524], [77.5469628, 16.2926923], [77.5470798, 16.2928258], [77.5478364, 16.2937632], [77.5485069, 16.2942548], [77.5486417, 16.2943062], [77.5487644, 16.2943407], [77.549681, 16.2944781], [77.5501176, 16.2945143], [77.5510884, 16.2941472], [77.551266, 16.2941134], [77.5513531, 16.2942202], [77.5514948, 16.294423], [77.5518155, 16.2950563], [77.5518677, 16.2958869], [77.5518845, 16.296062], [77.551976, 16.2962127], [77.552374, 16.2965867], [77.5528379, 16.2969043], [77.5529696, 16.2969312], [77.5538584, 16.2973168], [77.5553566, 16.2972929], [77.5555237, 16.2972367], [77.5556831, 16.2973922], [77.555838, 16.2979064], [77.5572945, 16.2989472], [77.5579993, 16.2993629], [77.5587145, 16.2996119], [77.5610809, 16.3010033], [77.5632723, 16.3016132], [77.5641278, 16.3014751], [77.5649215, 16.301581], [77.5652144, 16.3015759], [77.5658919, 16.3017186], [77.5672902, 16.3025876], [77.5682263, 16.3036764], [77.5681765, 16.3045801], [77.5686356, 16.3036989], [77.5689645, 16.3035497], [77.5696269, 16.3033283], [77.5711776, 16.3023157], [77.5717889, 16.3017397], [77.5719648, 16.3016181], [77.5720837, 16.301482], [77.573713, 16.2999487], [77.5738404, 16.2998727], [77.5764556, 16.2974815], [77.5772581, 16.2956365], [77.5782747, 16.2939528], [77.5799398, 16.2927784], [77.5811511, 16.2922381], [77.5817392, 16.2917089], [77.582302, 16.2908744], [77.5828908, 16.2916456], [77.5845032, 16.2917969], [77.5852634, 16.2918735], [77.585616, 16.2915526], [77.5858287, 16.2912509], [77.5878758, 16.2916576], [77.5888246, 16.2917257], [77.5891737, 16.2918147], [77.5896148, 16.2918712], [77.590643, 16.2921721], [77.591511, 16.2923409], [77.5922331, 16.2924977], [77.5926774, 16.2925249], [77.5941101, 16.2926833], [77.5959502, 16.2929554], [77.5964451, 16.2931037], [77.5973328, 16.2932564], [77.5974711, 16.293244], [77.5976293, 16.2932653], [77.5964938, 16.2944219], [77.5956768, 16.2952434], [77.5954964, 16.2954046], [77.5954187, 16.2954688], [77.5944622, 16.2961314], [77.5939409, 16.296766], [77.5938899, 16.2968824], [77.5938042, 16.2969216], [77.5926645, 16.2975167], [77.5925083, 16.2976537], [77.5921851, 16.2989762], [77.5917025, 16.3012457], [77.5915113, 16.3028339], [77.5924826, 16.3049656], [77.5925301, 16.306232], [77.5930712, 16.3069653], [77.593687, 16.3074803], [77.5937191, 16.3080049], [77.594044, 16.3085597], [77.5941493, 16.3094037], [77.594525, 16.3113004], [77.5944803, 16.3118661], [77.5946606, 16.3131266], [77.5950314, 16.3143491], [77.5955508, 16.3153424], [77.5960128, 16.3161449], [77.5958088, 16.3174925], [77.5938336, 16.3210888], [77.592116, 16.3232048], [77.5917954, 16.3236401], [77.5916721, 16.3241543], [77.589881, 16.325137], [77.5896231, 16.3256872], [77.5895676, 16.3259758], [77.5898475, 16.3263835], [77.589961, 16.3269149], [77.5902975, 16.3272195], [77.5902546, 16.327935], [77.5901417, 16.3284478], [77.5902928, 16.3288121], [77.590139, 16.3296189], [77.5900959, 16.3301297], [77.5900692, 16.3302825], [77.5893755, 16.331318], [77.588697, 16.3320106], [77.5883371, 16.3326214], [77.5891275, 16.3325998], [77.5898567, 16.3332726], [77.5912343, 16.3336233], [77.591771, 16.3339685], [77.5916198, 16.3343096], [77.5914899, 16.3346587], [77.5912817, 16.3349661], [77.5902745, 16.3393693], [77.5891895, 16.3441127], [77.58781, 16.3439341], [77.5864318, 16.3439127], [77.5853398, 16.3437136], [77.5840473, 16.3430741], [77.5834282, 16.3428276], [77.5825637, 16.3425773], [77.5796149, 16.3415114], [77.5768738, 16.3407119], [77.5736758, 16.340255], [77.5708775, 16.340255], [77.5686503, 16.3405405], [77.5653381, 16.34134], [77.562083, 16.3428248], [77.5575716, 16.344538], [77.555116, 16.346651], [77.5532681, 16.3478822], [77.5519368, 16.3491592], [77.5490576, 16.3512807], [77.5473343, 16.3519684], [77.5441053, 16.3532431], [77.5403797, 16.3568137], [77.5351627, 16.3603444], [77.5272817, 16.3654341], [77.5287975, 16.3675753], [77.5256964, 16.3721663], [77.5240621, 16.3737803], [77.5236397, 16.3746203], [77.5211274, 16.3754838], [77.5191404, 16.3753157], [77.5172608, 16.374896], [77.5158446, 16.3752184], [77.5142054, 16.3762627], [77.5129843, 16.3765857], [77.5111681, 16.3765512], [77.5100498, 16.3767978], [77.5087267, 16.3770855], [77.5079508, 16.3771927], [77.5058706, 16.3776626], [77.5048, 16.3778748], [77.5038333, 16.3779928], [77.5008613, 16.3793595], [77.4994247, 16.3798591], [77.4982917, 16.3800214], [77.4973197, 16.3804995], [77.4945804, 16.3818247], [77.492601, 16.3839642], [77.4910668, 16.3849805], [77.4833051, 16.3839979], [77.4805867, 16.3834717], [77.4780232, 16.3825751], [77.477402, 16.381918], [77.4766537, 16.3812534], [77.4747976, 16.3807867], [77.4740543, 16.3806659], [77.4730833, 16.3806503], [77.4716562, 16.3808888], [77.4692394, 16.3808936], [77.4663495, 16.3808253], [77.4636956, 16.3807172], [77.4594716, 16.3807364], [77.4540474, 16.3809321], [77.4503465, 16.3810787], [77.450168, 16.3810858], [77.4484508, 16.3811234], [77.4475735, 16.3809132], [77.446516, 16.3806782], [77.4453384, 16.3808552], [77.4442756, 16.3809252], [77.4424282, 16.3806556], [77.4408965, 16.380413], [77.4399519, 16.3801798], [77.4391921, 16.37971], [77.4370962, 16.3777239], [77.4339165, 16.3748402], [77.433144, 16.3738038], [77.4324168, 16.372768], [77.4315128, 16.3711082], [77.4309605, 16.3704021], [77.4304736, 16.3698278], [77.4298486, 16.3694037], [77.4289741, 16.3690409], [77.426976, 16.3683548], [77.4258102, 16.3678566], [77.4250919, 16.3676053], [77.4243089, 16.3671786], [77.423571, 16.3667527], [77.4222231, 16.3663386], [77.4206334, 16.366308], [77.4196621, 16.366314], [77.4189847, 16.3663029], [77.4180789, 16.3664407], [77.4169462, 16.36664], [77.4159711, 16.3668638], [77.4151081, 16.3671329], [77.4142957, 16.3670979], [77.4134821, 16.3671281], [77.4121178, 16.3676505], [77.4100677, 16.3680177], [77.4070242, 16.3689919], [77.4024758, 16.3707692], [77.3995987, 16.371952], [77.3985485, 16.3725884], [77.397454, 16.3731804], [77.3959461, 16.3741578], [77.3937699, 16.3758867], [77.393378, 16.3763378], [77.3926217, 16.3769571], [77.3914123, 16.3776562], [77.3888672, 16.3792802], [77.3870135, 16.380644], [77.3836633, 16.3836171], [77.3817069, 16.3850326], [77.3796374, 16.3858263], [77.3782752, 16.3862178], [77.3774351, 16.3864653], [77.3763718, 16.3865567], [77.373891, 16.3863415], [77.3726938, 16.3863435], [77.36984, 16.385512], [77.3683958, 16.3850502], [77.3663725, 16.3845157], [77.3627245, 16.3838889], [77.3596895, 16.3836646], [77.3573648, 16.3835607], [77.355199, 16.3834158], [77.3540899, 16.3835499], [77.3514421, 16.3838327], [77.349865, 16.3843378], [77.3482112, 16.3846153], [77.3470257, 16.3852274], [77.3459266, 16.3860587], [77.3448291, 16.386803], [77.3437277, 16.387765], [77.3417484, 16.3898234], [77.3401085, 16.3915704], [77.3393727, 16.3922988], [77.3386621, 16.3928752], [77.3379527, 16.3933862], [77.3371071, 16.3939385], [77.3351, 16.3950161], [77.3319082, 16.3962762], [77.3306144, 16.3966249], [77.3291384, 16.3970577], [77.3278481, 16.3972104], [77.3245133, 16.3974176], [77.3232238, 16.3975267], [77.3216878, 16.3975228], [77.3200405, 16.3974298], [77.3179855, 16.3973954], [77.3159146, 16.3976891], [77.3144156, 16.3981432], [77.3127612, 16.3984422], [77.311287, 16.398766], [77.3085349, 16.399809], [77.3048609, 16.4014339], [77.30363, 16.402045], [77.3030112, 16.4025356], [77.3004041, 16.4042999], [77.297439, 16.4065905], [77.296844, 16.4070162], [77.2960207, 16.4075687], [77.2951345, 16.4078587], [77.2943639, 16.4079982], [77.2927105, 16.4082317], [77.2882192, 16.408718], [77.2880561, 16.4086606], [77.2879585, 16.4086423], [77.2877289, 16.4085884], [77.286512, 16.4082626], [77.2847662, 16.4078326], [77.2835539, 16.4075113], [77.2817192, 16.4070586], [77.280081, 16.4066422], [77.2788968, 16.4063615], [77.278162, 16.4061397], [77.277811, 16.4060221], [77.2774904, 16.4058728], [77.2771698, 16.4057236], [77.2768891, 16.4055563], [77.276042, 16.4051131], [77.2751061, 16.4046472], [77.2743011, 16.4043757], [77.2732433, 16.4041403], [77.2720779, 16.4039093], [77.271034, 16.4038319], [77.2700277, 16.4037275], [77.2691196, 16.4036999], [77.2682583, 16.4036859], [77.267824, 16.4036922], [77.2673502, 16.403699], [77.2664701, 16.4037889], [77.2659707, 16.4038397], [77.2654543, 16.4038922], [77.2651068, 16.403948], [77.2644993, 16.4040454], [77.2638031, 16.4041655], [77.2634553, 16.4042255], [77.2625985, 16.4044736], [77.2621984, 16.4046709], [77.2619945, 16.4047715], [77.2611235, 16.4054171], [77.2611234, 16.4054171], [77.2603975, 16.405986], [77.2596857, 16.4065187], [77.258927, 16.4071328], [77.25866, 16.4073393], [77.2581215, 16.4077559], [77.257227, 16.4084557], [77.2564729, 16.4090381], [77.2560865, 16.4093417], [77.2555878, 16.4097334], [77.2548572, 16.4103114], [77.2542483, 16.4107906], [77.2540993, 16.4109079], [77.2535551, 16.4113363], [77.2525108, 16.4121218], [77.2516256, 16.4128306], [77.2516255, 16.4128307], [77.2507684, 16.4135079], [77.2501502, 16.4139955], [77.2494383, 16.4145553], [77.2488611, 16.4148631], [77.2482095, 16.4153732], [77.248087, 16.4154565], [77.2478773, 16.4155993], [77.247438, 16.4158814], [77.2471379, 16.4160741], [77.2468096, 16.4162338], [77.2464125, 16.4164269], [77.2461224, 16.4165536], [77.245439, 16.4167528], [77.2451114, 16.4168343], [77.2442314, 16.4170517], [77.2434217, 16.4173503], [77.2428742, 16.4175901], [77.2428741, 16.4175901], [77.2427688, 16.4176194], [77.2424669, 16.4177033], [77.2417555, 16.4179115], [77.2414887, 16.4180246], [77.2408381, 16.418156], [77.2403935, 16.4182556], [77.2397708, 16.4183057], [77.2394713, 16.4183917], [77.2390701, 16.4184293], [77.238404, 16.4184917], [77.2379546, 16.4185573], [77.2377206, 16.4185914], [77.2373742, 16.4187091], [77.2368079, 16.4188811], [77.2365739, 16.418958], [77.2364416, 16.4189743], [77.236279, 16.4189943], [77.2358484, 16.4191662], [77.235605, 16.4192748], [77.2351073, 16.4193936], [77.2348654, 16.4194514], [77.2344722, 16.4194922], [77.2336907, 16.4194852], [77.2335219, 16.4194837], [77.2328614, 16.4194966], [77.2328104, 16.4194976], [77.2324359, 16.419552], [77.2315324, 16.4196022], [77.2309323, 16.4196483], [77.2305868, 16.4196749], [77.2302902, 16.4197241], [77.2295757, 16.4198426], [77.2289391, 16.4199378], [77.2287688, 16.4199712], [77.2286395, 16.4199967], [77.2279889, 16.4201958], [77.2276519, 16.4202592], [77.2267359, 16.4203554], [77.2267016, 16.420359], [77.2256577, 16.420486], [77.2237807, 16.420889], [77.218022, 16.4089973], [77.2176861, 16.4023787], [77.2157201, 16.3977469], [77.2117254, 16.3884331], [77.209804, 16.3767902], [77.2010056, 16.3701922], [77.1999943, 16.3532112], [77.1970616, 16.3494266], [77.1968593, 16.3447687], [77.2019158, 16.3364227], [77.2056576, 16.338946], [77.2064667, 16.3329291], [77.2181978, 16.3287559], [77.2048486, 16.3141006], [77.2014682, 16.3081917], [77.2059179, 16.3025621], [77.203238, 16.2919818], [77.1971196, 16.2766929], [77.1992709, 16.2693637], [77.1968026, 16.2694954], [77.1941388, 16.2701818], [77.1929142, 16.270997], [77.1932614, 16.2787836], [77.188306, 16.2888307], [77.1775862, 16.2907236], [77.170624, 16.2851295], [77.1717575, 16.2755674], [77.168741, 16.273662], [77.1680863, 16.2491998], [77.1736485, 16.2401702], [77.1731428, 16.2331793], [77.1710697, 16.2293924], [77.1683473, 16.2300465], [77.1653562, 16.23397], [77.1552132, 16.2387422], [77.1481341, 16.2368003], [77.1449928, 16.2336152]]]}, "properties": {"level": "taluka", "name": "Raichur", "parent_level": "district", "parent_name": "Raichur"}}, {"type": "Feature", "geometry": {"type": "Polygon", "coordinates": [[[76.7744599, 15.9547517], [76.7792882, 15.9539897], [76.7824681, 15.9525857], [76.7864029, 15.950778], [76.7901159, 15.9487569], [76.7947905, 15.9447685], [76.7983377, 15.9404735], [76.8001386, 15.9393185], [76.8014059, 15.9378614], [76.8021498, 15.9363513], [76.8030039, 15.9348412], [76.8036985, 15.9328593], [76.8118674, 15.9321276], [76.8139087, 15.9397965], [76.8237418, 15.9420299], [76.836102, 15.9421777], [76.837126, 15.9418279], [76.8381959, 15.9414624], [76.8408133, 15.939608], [76.8424664, 15.9377005], [76.8450562, 15.9350248], [76.8476736, 15.9323225], [76.8503185, 15.9306004], [76.8528533, 15.9286399], [76.8543135, 15.9275802], [76.8560217, 15.9276332], [76.8582809, 15.9278186], [76.8602922, 15.9277656], [76.8634881, 15.926229], [76.8661055, 15.9252222], [76.8678413, 15.9251692], [76.8713954, 15.9261495], [76.8742883, 15.92607], [76.8772914, 15.9256991], [76.8807905, 15.9248248], [76.8824987, 15.923924], [76.8841793, 15.9229702], [76.8886151, 15.9201353], [76.89126, 15.9174328], [76.8938223, 15.9142269], [76.895255, 15.9122397], [76.8960264, 15.9108619], [76.8967979, 15.9101465], [76.8980377, 15.9088217], [76.8999938, 15.9080533], [76.9023082, 15.906967], [76.9042919, 15.9060131], [76.9073776, 15.9059601], [76.9093889, 15.9056952], [76.9115379, 15.9038404], [76.9126675, 15.9019591], [76.9135216, 15.8987794], [76.9140726, 15.8956792], [76.9152573, 15.8943013], [76.9173171, 15.8926786], [76.9192474, 15.892506], [76.9212586, 15.8931685], [76.9232352, 15.8936388], [76.9237107, 15.8934599], [76.9249201, 15.8928902], [76.926734, 15.8916275], [76.9269223, 15.8902485], [76.9277332, 15.8892732], [76.9288628, 15.8882397], [76.9307639, 15.8879217], [76.9323931, 15.8866246], [76.9344484, 15.8856602], [76.9361915, 15.8842913], [76.9369085, 15.8832494], [76.9375068, 15.8827967], [76.9379523, 15.8820552], [76.938144, 15.8809816], [76.9396899, 15.8798022], [76.9412933, 15.8789406], [76.942859, 15.8779314], [76.943709, 15.8777211], [76.944223, 15.8770784], [76.945425, 15.876731], [76.946793, 15.8766829], [76.9478182, 15.8770569], [76.9486091, 15.8771773], [76.9498587, 15.8781641], [76.9503567, 15.8793031], [76.9513179, 15.8799347], [76.9519501, 15.880193], [76.9527499, 15.8799719], [76.9553398, 15.8779049], [76.9563534, 15.8772761], [76.9576265, 15.8768448], [76.959748, 15.8769774], [76.9606024, 15.8772761], [76.9615389, 15.8771894], [76.9628333, 15.8770378], [76.9639486, 15.8765747], [76.9646837, 15.8761314], [76.9654604, 15.8751225], [76.9659001, 15.874195], [76.9666451, 15.8734947], [76.9677597, 15.872099], [76.9683348, 15.871232], [76.9687921, 15.8708746], [76.9693537, 15.8707864], [76.969661, 15.8709683], [76.9699446, 15.8714111], [76.9702196, 15.8719875], [76.9707076, 15.8723263], [76.9717465, 15.8730661], [76.9724964, 15.8736512], [76.9731246, 15.8739473], [76.9737424, 15.8737861], [76.9747752, 15.8741703], [76.9758855, 15.874217], [76.9773708, 15.8733875], [76.9787377, 15.8732588], [76.980472, 15.8729261], [76.9814583, 15.8720133], [76.9823652, 15.8712863], [76.9833158, 15.870953], [76.9839477, 15.8710116], [76.9853433, 15.8713327], [76.9865403, 15.8720604], [76.9879457, 15.8720604], [76.9890681, 15.8725201], [76.9900295, 15.8738783], [76.9909744, 15.8740881], [76.9935261, 15.8748573], [76.9959174, 15.8751135], [76.9985395, 15.8748989], [76.9999441, 15.8746856], [77.0014403, 15.8736902], [77.0029738, 15.8723871], [77.0035498, 15.8707553], [77.0047098, 15.8690044], [77.0080884, 15.8638693], [77.0097043, 15.8628775], [77.0111096, 15.8635068], [77.0126603, 15.8641827], [77.0146155, 15.8640091], [77.0159556, 15.8632038], [77.017183, 15.8627971], [77.0188875, 15.8616655], [77.0201717, 15.8606633], [77.0214696, 15.8588123], [77.0232973, 15.857307], [77.0256719, 15.8549995], [77.0277005, 15.854195], [77.0291127, 15.8533525], [77.0309615, 15.8524122], [77.0325494, 15.8569739], [77.033515, 15.8586046], [77.0349741, 15.8608131], [77.0373988, 15.862774], [77.03933, 15.8644872], [77.0408106, 15.8662622], [77.0427418, 15.8683056], [77.0467114, 15.8721859], [77.0517754, 15.8768916], [77.0551872, 15.8808543], [77.056539, 15.8831865], [77.0574188, 15.8860346], [77.0582342, 15.8884698], [77.0605302, 15.8928038], [77.062397, 15.8963121], [77.0652509, 15.9007697], [77.0681691, 15.9046906], [77.0696711, 15.9071669], [77.0718169, 15.9096639], [77.0740056, 15.911356], [77.0760655, 15.9124909], [77.0789838, 15.9144307], [77.080872, 15.9158958], [77.0837688, 15.9180624], [77.0860648, 15.9196513], [77.0889187, 15.9208894], [77.0923519, 15.9227052], [77.0975876, 15.9260892], [77.1023941, 15.9287716], [77.1050548, 15.9297621], [77.1098614, 15.9312683], [77.1140885, 15.9328158], [77.1196246, 15.9341364], [77.1212768, 15.9343633], [77.1242809, 15.9344046], [77.1280145, 15.9356219], [77.1315551, 15.936633], [77.1358681, 15.937644], [77.1367693, 15.9380979], [77.1387696, 15.9400407], [77.1413306, 15.9430192], [77.1454167, 15.9458557], [77.1496224, 15.9480427], [77.1549225, 15.9497757], [77.1581197, 15.950766], [77.1627331, 15.9508073], [77.1665954, 15.9501471], [77.1714234, 15.9501884], [77.1743202, 15.9507454], [77.1779036, 15.9526848], [77.1820664, 15.9553256], [77.1838259, 15.9563984], [77.1849632, 15.9567697], [77.1898556, 15.956584], [77.1937823, 15.9565222], [77.1994257, 15.955635], [77.203331, 15.9551605], [77.20788, 15.9553256], [77.2122788, 15.9560683], [77.2142315, 15.9565428], [77.2179436, 15.9579251], [77.2207331, 15.9579869], [77.2232008, 15.9579457], [77.2290587, 15.9575537], [77.2318697, 15.9572855], [77.2355604, 15.9577187], [77.2378778, 15.9583789], [77.2399163, 15.9593486], [77.2427702, 15.9611847], [77.2446584, 15.9625876], [77.247405, 15.9640729], [77.2500014, 15.9649394], [77.2521257, 15.9642173], [77.2565031, 15.9622368], [77.2612667, 15.9599262], [77.2621884, 15.9594001], [77.2684739, 15.9575951], [77.2719561, 15.9643601], [77.2733863, 15.9711664], [77.2826825, 15.9834034], [77.2828971, 15.9994892], [77.2811093, 16.0026512], [77.2795238, 16.0485967], [77.2559256, 16.0583551], [77.2550675, 16.0784202], [77.2579279, 16.0877648], [77.249878, 16.0891591], [77.2173073, 16.0919447], [77.1741528, 16.0963185], [77.1521382, 16.0920905], [77.1279367, 16.0955895], [77.1183144, 16.0899036], [77.1234172, 16.079115], [77.0951335, 16.0753244], [77.0783674, 16.0655564], [77.0748684, 16.0578294], [77.0702031, 16.0467492], [77.030985, 16.0458744], [76.993808, 16.0487903], [76.9809783, 16.0623489], [76.9719392, 16.0632237], [76.9317006, 16.0620573], [76.9124561, 16.0597247], [76.9143513, 16.0420838], [76.8717801, 16.0299831], [76.8604081, 16.0097181], [76.8644903, 15.9805597], [76.81842, 15.9773523], [76.7942355, 15.9780436], [76.7938696, 15.9750324], [76.7903449, 15.9715147], [76.7896064, 15.9665125], [76.7760402, 15.9622234], [76.7744599, 15.9547517]]]}, "properties": {"level": "taluka", "name": "Manvi", "parent_level": "district", "parent_name": "Raichur"}}, {"type": "Feature", "geometry": {"type": "Polygon", "coordinates": [[[76.4129676, 15.7967306], [76.4135647, 15.7956958], [76.4144467, 15.7946926], [76.4150438, 15.7937798], [76.4151414, 15.7915746], [76.4174607, 15.7913212], [76.4219452, 15.7909228], [76.4223931, 15.7902719], [76.4221681, 15.7855728], [76.423176, 15.7853195], [76.4276231, 15.7852463], [76.4304978, 15.785354], [76.4317672, 15.7861128], [76.4334101, 15.7870161], [76.4341568, 15.7869617], [76.437185, 15.7858222], [76.4394851, 15.7844254], [76.4395966, 15.7826179], [76.4393718, 15.7799792], [76.4386366, 15.7742812], [76.4390327, 15.7695731], [76.4392558, 15.7665095], [76.4391436, 15.7653889], [76.4384712, 15.7637262], [76.4382093, 15.7620996], [76.4382832, 15.7592439], [76.4386188, 15.7583762], [76.4389545, 15.7574318], [76.4392302, 15.7510301], [76.439111, 15.7499507], [76.4397502, 15.7491186], [76.442911, 15.7477705], [76.4444335, 15.7467094], [76.4474185, 15.7440244], [76.4463586, 15.741273], [76.4452431, 15.7400126], [76.4432177, 15.7381968], [76.4457735, 15.7362376], [76.4466055, 15.7352475], [76.4472269, 15.7342471], [76.4494164, 15.7335046], [76.4530496, 15.7302862], [76.4563847, 15.7287667], [76.461581, 15.7270884], [76.4672019, 15.7256855], [76.4736988, 15.7220454], [76.4755924, 15.7212266], [76.4759746, 15.7204583], [76.4821936, 15.7192209], [76.4821977, 15.7192077], [76.4825327, 15.7185982], [76.4827377, 15.7181688], [76.4834836, 15.7172286], [76.4840942, 15.7162252], [76.4844015, 15.7150909], [76.4846998, 15.7144898], [76.4847311, 15.7144448], [76.4848909, 15.7142275], [76.4853293, 15.7140331], [76.4861268, 15.7138564], [76.4872558, 15.7137519], [76.4877409, 15.7138059], [76.4891449, 15.7137646], [76.4901525, 15.7135969], [76.4905069, 15.7133843], [76.4906607, 15.7131719], [76.4907165, 15.7128375], [76.490693, 15.7125754], [76.4905949, 15.7122772], [76.4902775, 15.7118391], [76.4899414, 15.7113919], [76.489876, 15.7110847], [76.4899317, 15.7107683], [76.4900808, 15.7104068], [76.4909944, 15.7090689], [76.4913168, 15.7083357], [76.4914115, 15.7081061], [76.4914902, 15.707458], [76.4989595, 15.7120402], [76.4996317, 15.7124494], [76.501012, 15.7132003], [76.5019354, 15.7136437], [76.5034463, 15.7145121], [76.5044163, 15.7151046], [76.5049852, 15.7153896], [76.5065523, 15.7158468], [76.5073452, 15.7160823], [76.5080028, 15.7162543], [76.5092995, 15.7166346], [76.509808, 15.7167117], [76.5103537, 15.7167436], [76.5109509, 15.7166762], [76.5114975, 15.7165643], [76.5118093, 15.7165004], [76.5123692, 15.7162747], [76.5126373, 15.71603], [76.512864, 15.7158232], [76.5143013, 15.7147168], [76.5146468, 15.7143194], [76.5147358, 15.7137095], [76.5147362, 15.7130272], [76.5146992, 15.7122906], [76.5147696, 15.7116445], [76.5148025, 15.7110842], [76.5147983, 15.7103658], [76.516626, 15.7120838], [76.5175211, 15.7128659], [76.5180811, 15.7125409], [76.5187483, 15.7123198], [76.5192895, 15.7121122], [76.5199568, 15.7118595], [76.5205027, 15.7116202], [76.5215526, 15.7108843], [76.5220286, 15.7104417], [76.522976, 15.7095565], [76.5235174, 15.7092315], [76.5250293, 15.708107], [76.5261072, 15.7074614], [76.5264713, 15.7069283], [76.5267701, 15.7063863], [76.5270877, 15.7057222], [76.5276483, 15.7038654], [76.5284704, 15.7014437], [76.5288536, 15.7003188], [76.5291335, 15.7001653], [76.5294134, 15.7000118], [76.5306264, 15.6995514], [76.5318673, 15.6992402], [76.5331361, 15.6991549], [76.5343443, 15.6990154], [76.5356971, 15.6988984], [76.5356589, 15.7008007], [76.5356019, 15.7030917], [76.535639, 15.70353], [76.5363945, 15.7037698], [76.5371784, 15.7034945], [76.5378452, 15.7039376], [76.5387409, 15.7038792], [76.5392446, 15.7040466], [76.5399489, 15.7041373], [76.5404946, 15.7040968], [76.5417215, 15.7038262], [76.5424306, 15.7037045], [76.5429998, 15.7035827], [76.5436855, 15.7034836], [76.544334, 15.7033799], [76.543024, 15.7013686], [76.5421524, 15.6997913], [76.5415138, 15.6987156], [76.5427359, 15.6986573], [76.5434123, 15.6985943], [76.544098, 15.6986804], [76.5447137, 15.6987847], [76.5465514, 15.6990022], [76.5471858, 15.6991064], [76.5474862, 15.6991025], [76.5478714, 15.6990976], [76.549877, 15.6994192], [76.5510898, 15.6994693], [76.5529835, 15.6998586], [76.553424, 15.7000484], [76.5536131, 15.7001299], [76.555348, 15.7008941], [76.5566306, 15.7013509], [76.5595503, 15.7024363], [76.5614066, 15.7031147], [76.5616021, 15.7044342], [76.5618443, 15.7056723], [76.5642328, 15.7047693], [76.5661082, 15.7041011], [76.5678483, 15.7034238], [76.5702322, 15.7025162], [76.5707108, 15.7023631], [76.5708106, 15.7023312], [76.5725741, 15.7015951], [76.5736518, 15.7011209], [76.5760449, 15.7002133], [76.5766888, 15.6999107], [76.5785267, 15.699292], [76.5797956, 15.6989218], [76.5821793, 15.6982536], [76.5828323, 15.6981362], [76.5848288, 15.6977932], [76.5860416, 15.697554], [76.5861099, 15.6975685], [76.587371, 15.6978208], [76.5877274, 15.6978778], [76.5886723, 15.698029], [76.5911025, 15.6985038], [76.5923991, 15.6987571], [76.5956689, 15.6993586], [76.5969795, 15.6996254], [76.5972178, 15.6971356], [76.5972647, 15.6958208], [76.5973721, 15.695021], [76.597489, 15.6927707], [76.5977506, 15.6905025], [76.5979048, 15.688311], [76.5981011, 15.6859568], [76.5984046, 15.683553], [76.5985169, 15.6813344], [76.598811, 15.6793463], [76.598965, 15.6789848], [76.5992123, 15.6775705], [76.5993666, 15.6756772], [76.5994508, 15.6739376], [76.6012884, 15.6734047], [76.6032147, 15.6729711], [76.6063443, 15.6723388], [76.6076409, 15.6720814], [76.6083965, 15.6716883], [76.6093852, 15.6715529], [76.6102434, 15.670952], [76.610943, 15.6711328], [76.6128413, 15.670663], [76.6146555, 15.6701977], [76.6159288, 15.6699945], [76.6166098, 15.6699402], [76.6178923, 15.6699584], [76.6185664, 15.6699656], [76.6191562, 15.669972], [76.6203828, 15.6700037], [76.6223043, 15.6701709], [76.6235449, 15.6702162], [76.6255131, 15.6701846], [76.6275279, 15.6703337], [76.6287218, 15.6704196], [76.6299903, 15.670397], [76.6306153, 15.6703473], [76.6318792, 15.6701258], [76.6337262, 15.6696965], [76.6351066, 15.6693395], [76.6369115, 15.668874], [76.6375085, 15.6688063], [76.6381428, 15.6686887], [76.6400362, 15.6683271], [76.6411789, 15.668056], [76.6424381, 15.6677305], [76.643161, 15.6675905], [76.6443549, 15.6674231], [76.6463697, 15.6670434], [76.6477222, 15.66684], [76.6486922, 15.6666038], [76.6495596, 15.6663924], [76.6502125, 15.6663247], [76.65205, 15.6659991], [76.6532999, 15.6657052], [76.6538596, 15.6657097], [76.6536448, 15.6635589], [76.6535512, 15.6614804], [76.6534251, 15.660301], [76.6554072, 15.6599935], [76.6578696, 15.6596814], [76.6591941, 15.6595457], [76.6624212, 15.6591656], [76.6630041, 15.6591972], [76.6637177, 15.6589893], [76.6651354, 15.6588806], [76.6654898, 15.6588534], [76.6667863, 15.6587311], [76.6680827, 15.658609], [76.6698875, 15.6584188], [76.6711326, 15.6582965], [76.6718136, 15.6582242], [76.6717058, 15.6562992], [76.6716122, 15.654406], [76.6714159, 15.6524268], [76.6713222, 15.650005], [76.6711584, 15.6475514], [76.6708922, 15.6456401], [76.670696, 15.6436971], [76.6703831, 15.6416999], [76.6701868, 15.6397389], [76.6702007, 15.638903], [76.6709889, 15.6393772], [76.6719914, 15.6394629], [76.6726398, 15.6401767], [76.6736937, 15.6403979], [76.6742349, 15.6412428], [76.6751628, 15.6410574], [76.676128, 15.6410887], [76.6769393, 15.6406819], [76.6774432, 15.6415358], [76.6783946, 15.6418022], [76.6791502, 15.642412], [76.6798498, 15.6429676], [76.6801112, 15.6439481], [76.6811977, 15.6442325], [76.6819161, 15.6449146], [76.6829374, 15.6451223], [76.6836232, 15.6457864], [76.6846443, 15.6455149], [76.685344, 15.6462965], [76.6859411, 15.6469787], [76.686734, 15.6475569], [76.6874522, 15.6476561], [76.6886321, 15.6478274], [76.6896999, 15.647556], [76.6905815, 15.6481658], [76.6913212, 15.6453672], [76.691555, 15.6444829], [76.6923886, 15.640696], [76.6932921, 15.6369092], [76.6938787, 15.6341797], [76.6939155, 15.6322051], [76.6938162, 15.6283192], [76.6935586, 15.6246366], [76.6917216, 15.6250076], [76.6889334, 15.6256184], [76.6872643, 15.62603], [76.6842008, 15.6265505], [76.6827974, 15.6266909], [76.6809696, 15.6269625], [76.6804007, 15.6270395], [76.6801857, 15.6251868], [76.6800126, 15.6225299], [76.6799699, 15.6195115], [76.6798573, 15.6170218], [76.6796797, 15.6151828], [76.6795672, 15.6126931], [76.6798277, 15.6102755], [76.6801671, 15.6066244], [76.6813188, 15.6069586], [76.6825125, 15.6071978], [76.683072, 15.606922], [76.6837247, 15.6067184], [76.6843353, 15.6064788], [76.6849321, 15.6062437], [76.6854589, 15.6060041], [76.6875938, 15.604535], [76.6881532, 15.6041597], [76.6886099, 15.6036807], [76.6896633, 15.6026592], [76.6903578, 15.6017327], [76.6908146, 15.6012581], [76.6901802, 15.6001692], [76.689513, 15.5989404], [76.6890838, 15.5977431], [76.6887662, 15.5958364], [76.6897776, 15.5951492], [76.6909337, 15.5944349], [76.6920244, 15.5936484], [76.6924765, 15.5933772], [76.6930592, 15.5931375], [76.6936746, 15.5930017], [76.6949006, 15.5925947], [76.6961919, 15.5922464], [76.697418, 15.592011], [76.6985786, 15.5915679], [76.6997721, 15.5912602], [76.7002988, 15.5910205], [76.7006069, 15.5922585], [76.7008875, 15.5944861], [76.7028454, 15.5941737], [76.7047055, 15.5938657], [76.7059362, 15.5935581], [76.7091575, 15.5929379], [76.7110876, 15.5927158], [76.7149056, 15.5921314], [76.7174323, 15.5917192], [76.7199683, 15.5914064], [76.7212877, 15.5913019], [76.7229008, 15.5913374], [76.7264269, 15.5911998], [76.726649, 15.5911911], [76.7274742, 15.5912269], [76.7289336, 15.5915516], [76.7307089, 15.5919365], [76.7307847, 15.5919529], [76.7324724, 15.5921916], [76.7339131, 15.5922587], [76.7353444, 15.5923529], [76.737242, 15.5926954], [76.7382212, 15.5927943], [76.739559, 15.5923192], [76.741866, 15.5911387], [76.7425, 15.5908808], [76.7430266, 15.5907449], [76.7436933, 15.590609], [76.74436, 15.5905725], [76.7452365, 15.5907077], [76.7459638, 15.5907705], [76.7465279, 15.5907521], [76.7474041, 15.5903585], [76.7489333, 15.5898472], [76.7503606, 15.5892153], [76.7517642, 15.5887056], [76.7534663, 15.5879067], [76.75439, 15.5868635], [76.7550437, 15.5851874], [76.7553432, 15.5831994], [76.7552982, 15.5805289], [76.7552248, 15.5786807], [76.7552409, 15.5783576], [76.755456, 15.5740718], [76.7555313, 15.572784], [76.7558307, 15.5709135], [76.7565073, 15.5699198], [76.7575244, 15.5684021], [76.7582802, 15.5673135], [76.7588538, 15.5668981], [76.7605558, 15.5659772], [76.7627335, 15.5646906], [76.7655133, 15.5637634], [76.7685427, 15.5626827], [76.769741, 15.5620508], [76.7707718, 15.5611024], [76.7713221, 15.5605469], [76.7719468, 15.5603258], [76.7731217, 15.5597931], [76.7761338, 15.5581995], [76.777332, 15.5578114], [76.7783624, 15.557107], [76.7789312, 15.5570259], [76.7800453, 15.556936], [76.7812248, 15.5564349], [76.7817098, 15.5559923], [76.7825209, 15.5560424], [76.7834904, 15.5559253], [76.7843948, 15.5558941], [76.7851683, 15.5562469], [76.7861285, 15.5564642], [76.7889957, 15.5553177], [76.7943754, 15.55391], [76.7953126, 15.5533681], [76.7972382, 15.5517692], [76.7984411, 15.5510647], [76.7990426, 15.5507487], [76.8004177, 15.5504554], [76.8043987, 15.5493181], [76.8081281, 15.5480586], [76.8107235, 15.5474362], [76.8108431, 15.5476104], [76.8112975, 15.548272], [76.8117915, 15.5487105], [76.8126443, 15.5493614], [76.81332, 15.5497683], [76.8137301, 15.5501164], [76.8140143, 15.5504057], [76.8144477, 15.5509571], [76.8150767, 15.5515808], [76.8157618, 15.5520781], [76.8162884, 15.5524532], [76.8173556, 15.5529325], [76.8179662, 15.5531632], [76.8185209, 15.5534118], [76.8191173, 15.55376], [76.819644, 15.5541351], [76.8204781, 15.5548312], [76.8214894, 15.5556312], [76.8225521, 15.5561556], [76.8241832, 15.557358], [76.8259262, 15.5584474], [76.8267046, 15.5588272], [76.8272733, 15.5589855], [76.8278699, 15.5590851], [76.8285924, 15.5592163], [76.8295012, 15.5593475], [76.8302517, 15.5595646], [76.8305873, 15.5597544], [76.8310208, 15.5600166], [76.8315148, 15.5604234], [76.8320368, 15.5608889], [76.8334068, 15.5625701], [76.8342736, 15.5635735], [76.834665, 15.56431], [76.8350018, 15.5659448], [76.8352888, 15.5685351], [76.8351762, 15.5720731], [76.8352872, 15.5758598], [76.8351466, 15.5794701], [76.835025, 15.5813725], [76.8347031, 15.5827506], [76.8344254, 15.5839225], [76.833856, 15.5875041], [76.8333093, 15.590675], [76.8332, 15.5922423], [76.8332911, 15.5935544], [76.8329084, 15.5947025], [76.8322247, 15.5957185], [76.8322526, 15.5958903], [76.832411, 15.5961524], [76.8329517, 15.5969794], [76.8334877, 15.5977205], [76.8336695, 15.5978968], [76.8338326, 15.5982312], [76.8339537, 15.5986921], [76.8343498, 15.5995643], [76.8349324, 15.6007212], [76.8352492, 15.6012318], [76.8362049, 15.602303], [76.8364379, 15.6026238], [76.8364886, 15.6053079], [76.8364746, 15.6056558], [76.8364279, 15.6057733], [76.835817, 15.6066723], [76.8350893, 15.6080369], [76.8346229, 15.609198], [76.8343523, 15.6100565], [76.8341515, 15.6114483], [76.8337641, 15.6128127], [76.8329757, 15.6146833], [76.8323828, 15.61828], [76.8323727, 15.6216328], [76.8324937, 15.6228936], [76.8336212, 15.6266532], [76.8342971, 15.627783], [76.8345209, 15.6279999], [76.8348053, 15.6281762], [76.8355233, 15.6284791], [76.8364139, 15.6288136], [76.8372951, 15.6293199], [76.8381622, 15.6299889], [76.8388662, 15.6306849], [76.8400411, 15.6319187], [76.8408802, 15.6329355], [76.841449, 15.633514], [76.8419245, 15.6338484], [76.8427359, 15.6342823], [76.8444331, 15.6351682], [76.845386, 15.6357941], [76.8491377, 15.6382461], [76.8502753, 15.6390144], [76.8509795, 15.6395341], [76.8515483, 15.6400584], [76.8523829, 15.640813], [76.8527466, 15.6410164], [76.8531709, 15.6411611], [76.8535439, 15.6412063], [76.8539636, 15.6412786], [76.8548497, 15.6413058], [76.8555818, 15.6413376], [76.8561367, 15.6414371], [76.8565237, 15.6415817], [76.8571206, 15.6419748], [76.8576242, 15.6423951], [76.8583562, 15.6433803], [76.8590463, 15.6447313], [76.8593213, 15.6457029], [76.8598992, 15.6497787], [76.8603001, 15.6518257], [76.8605565, 15.6524944], [76.8615963, 15.6538863], [76.864716, 15.6577183], [76.8682088, 15.6616225], [76.8698829, 15.6634074], [76.8720328, 15.6656849], [76.8727511, 15.6662226], [76.8734693, 15.6666022], [76.8746073, 15.6670767], [76.8767992, 15.6683555], [76.878758, 15.6694716], [76.8802085, 15.6706464], [76.8808615, 15.6713152], [76.8830675, 15.6744646], [76.8844761, 15.6762629], [76.8851618, 15.6774106], [76.8855442, 15.6783098], [76.8863698, 15.6801669], [76.8874847, 15.6825301], [76.8886368, 15.6840529], [76.8894158, 15.6848526], [76.8901574, 15.6854897], [76.8909504, 15.6860273], [76.8918926, 15.6864475], [76.893152, 15.6868857], [76.8948638, 15.6872607], [76.8967808, 15.6875045], [76.8990617, 15.6878974], [76.9002603, 15.6880238], [76.9017903, 15.6882858], [76.9033436, 15.6887374], [76.9042811, 15.6890988], [76.9058531, 15.6898532], [76.9067814, 15.6903457], [76.907803, 15.6909103], [76.9087219, 15.691606], [76.9093657, 15.6922431], [76.9097529, 15.6926361], [76.9101868, 15.6932913], [76.9109286, 15.6945519], [76.9121697, 15.6966438], [76.9129162, 15.6975836], [76.91342, 15.6979766], [76.9140778, 15.6982972], [76.9152906, 15.6987895], [76.9163403, 15.6992548], [76.9168768, 15.6996614], [76.9175439, 15.7005876], [76.9182206, 15.7021826], [76.918804, 15.7038407], [76.9189433, 15.7054037], [76.9187442, 15.7080746], [76.918847, 15.7089603], [76.9189963, 15.7093941], [76.9199344, 15.7113684], [76.9204571, 15.7128053], [76.9205925, 15.7133701], [76.9205413, 15.7140976], [76.9203317, 15.7154622], [76.9197862, 15.7172019], [76.9192781, 15.7186525], [76.9193248, 15.719014], [76.9200003, 15.7206885], [76.9211731, 15.7235684], [76.9212572, 15.7243682], [76.9219856, 15.7273864], [76.9222703, 15.7280957], [76.9226156, 15.7286334], [76.922975, 15.72904], [76.9233483, 15.7293878], [76.9246128, 15.7304178], [76.9254387, 15.7313484], [76.9257841, 15.731868], [76.9262695, 15.7330292], [76.9275208, 15.7369013], [76.9290098, 15.7401362], [76.9302094, 15.7422688], [76.9311755, 15.7437913], [76.9323284, 15.7453589], [76.9329584, 15.7461433], [76.9349886, 15.7485032], [76.9369642, 15.7510468], [76.9375838, 15.7521111], [76.9380365, 15.7530056], [76.9386107, 15.7537556], [76.9396935, 15.7548849], [76.9402583, 15.7558788], [76.9405432, 15.7567373], [76.9409728, 15.7577583], [76.9413322, 15.7584315], [76.9418179, 15.759561], [76.9421634, 15.7602387], [76.9425743, 15.7613276], [76.9428311, 15.7618833], [76.9434566, 15.7626332], [76.94404, 15.7632882], [76.9448801, 15.7638301], [76.9456967, 15.7642185], [76.9466861, 15.7645706], [76.9481233, 15.7649814], [76.9492248, 15.7656181], [76.9501862, 15.7663046], [76.9507463, 15.766693], [76.9517403, 15.7671626], [76.9530284, 15.7679755], [76.9539386, 15.7685988], [76.9547693, 15.7690503], [76.955684, 15.7694115], [76.9565894, 15.7698359], [76.9575602, 15.7704998], [76.9583117, 15.7710734], [76.9589931, 15.7714933], [76.9598736, 15.7719068], [76.9599545, 15.7719448], [76.9610652, 15.7723149], [76.9626099, 15.7725855], [76.9635431, 15.7726574], [76.9635432, 15.7726574], [76.9646071, 15.7728829], [76.9653118, 15.7731718], [76.9660633, 15.7735692], [76.9669921, 15.7742737], [76.9672935, 15.7746475], [76.9677532, 15.7752177], [76.9682201, 15.7758908], [76.9687245, 15.7768079], [76.9692225, 15.77773], [76.9694857, 15.7782173], [76.9694857, 15.7782174], [76.9704244, 15.7798436], [76.9710033, 15.7805934], [76.971587, 15.7813885], [76.9717232, 15.7815529], [76.972208, 15.7821383], [76.9728196, 15.7828474], [76.9734919, 15.7835339], [76.9742621, 15.7841752], [76.9742622, 15.7841753], [76.9750511, 15.784812], [76.975714, 15.785372], [76.9765076, 15.7859726], [76.9773059, 15.7865913], [76.9780668, 15.7871332], [76.978795, 15.7876976], [76.9796027, 15.7884428], [76.9799936, 15.7888648], [76.980247, 15.7891384], [76.9808541, 15.7900328], [76.9812464, 15.790629], [76.9818396, 15.7915505], [76.9822413, 15.7923546], [76.9826151, 15.7933124], [76.9826152, 15.7933124], [76.9829561, 15.7939086], [76.9829561, 15.7939087], [76.9832409, 15.7942068], [76.9834959, 15.7944041], [76.9838478, 15.7946764], [76.9841421, 15.7949132], [76.9844875, 15.7951912], [76.9854631, 15.7958188], [76.9862474, 15.7963155], [76.9870083, 15.7968166], [76.9877833, 15.797372], [76.9882361, 15.7977106], [76.9882362, 15.7977107], [76.9887777, 15.7980764], [76.9889223, 15.7981419], [76.9890765, 15.7982118], [76.9894218, 15.7982929], [76.9894219, 15.798293], [76.9897253, 15.7984193], [76.9899634, 15.7985819], [76.9900519, 15.7986833], [76.9902155, 15.7988709], [76.990449, 15.7991736], [76.9907776, 15.7995752], [76.9907853, 15.7995846], [76.991271, 15.8001627], [76.9919294, 15.8009305], [76.9926765, 15.8017163], [76.9932183, 15.8023803], [76.993648, 15.8030533], [76.9940404, 15.8038212], [76.9942461, 15.8043859], [76.9943258, 15.8049552], [76.9943819, 15.8052037], [76.9945128, 15.8055787], [76.9946576, 15.8057729], [76.9948724, 15.8060394], [76.995344, 15.8063916], [76.9959649, 15.8067663], [76.9962544, 15.8069695], [76.996572, 15.8073172], [76.9967728, 15.8076425], [76.9969598, 15.8080445], [76.9974457, 15.8090519], [76.9977027, 15.8095623], [76.9982166, 15.8104025], [76.9985716, 15.8109806], [76.9987584, 15.8111929], [76.9988991, 15.8113138], [76.999945, 15.8115549], [77.0012889, 15.811881], [77.003286, 15.8126188], [77.0049889, 15.8136635], [77.0070929, 15.8150744], [77.0094675, 15.8167657], [77.0104238, 15.8175615], [77.0125513, 15.8190583], [77.0146132, 15.8208171], [77.0159799, 15.8221643], [77.0170341, 15.8233804], [77.0176142, 15.8241953], [77.0176357, 15.8242256], [77.0181861, 15.8250076], [77.0186149, 15.8260064], [77.0202244, 15.8274576], [77.0213021, 15.828502], [77.0220202, 15.829632], [77.0228036, 15.8312364], [77.0233921, 15.8325988], [77.0234283, 15.8326827], [77.0242812, 15.8351772], [77.0249709, 15.8371748], [77.0251855, 15.8375092], [77.0256936, 15.8393146], [77.0266378, 15.8412964], [77.0284617, 15.8440315], [77.0299423, 15.847324], [77.0304787, 15.8487586], [77.0309495, 15.8509115], [77.0309615, 15.8524122], [77.0291127, 15.8533525], [77.0277005, 15.854195], [77.0256719, 15.8549995], [77.0232973, 15.857307], [77.0214696, 15.8588123], [77.0201717, 15.8606633], [77.0188875, 15.8616655], [77.017183, 15.8627971], [77.0159556, 15.8632038], [77.0146155, 15.8640091], [77.0126603, 15.8641827], [77.0111096, 15.8635068], [77.0097043, 15.8628775], [77.0080884, 15.8638693], [77.0047098, 15.8690044], [77.0035498, 15.8707553], [77.0029738, 15.8723871], [77.0014403, 15.8736902], [76.9999441, 15.8746856], [76.9985395, 15.8748989], [76.9959174, 15.8751135], [76.9935261, 15.8748573], [76.9909744, 15.8740881], [76.9900295, 15.8738783], [76.9890681, 15.8725201], [76.9879457, 15.8720604], [76.9865403, 15.8720604], [76.9853433, 15.8713327], [76.9839477, 15.8710116], [76.9833158, 15.870953], [76.9823652, 15.8712863], [76.9814583, 15.8720133], [76.980472, 15.8729261], [76.9787377, 15.8732588], [76.9773708, 15.8733875], [76.9758855, 15.874217], [76.9747752, 15.8741703], [76.9737424, 15.8737861], [76.9731246, 15.8739473], [76.9724964, 15.8736512], [76.9717465, 15.8730661], [76.9707076, 15.8723263], [76.9702196, 15.8719875], [76.9699446, 15.8714111], [76.969661, 15.8709683], [76.9693537, 15.8707864], [76.9687921, 15.8708746], [76.9683348, 15.871232], [76.9677597, 15.872099], [76.9666451, 15.8734947], [76.9659001, 15.874195], [76.9654604, 15.8751225], [76.9646837, 15.8761314], [76.9639486, 15.8765747], [76.9628333, 15.8770378], [76.9615389, 15.8771894], [76.9606024, 15.8772761], [76.959748, 15.8769774], [76.9576265, 15.8768448], [76.9563534, 15.8772761], [76.9553398, 15.8779049], [76.9527499, 15.8799719], [76.9519501, 15.880193], [76.9513179, 15.8799347], [76.9503567, 15.8793031], [76.9498587, 15.8781641], [76.9486091, 15.8771773], [76.9478182, 15.8770569], [76.946793, 15.8766829], [76.945425, 15.876731], [76.944223, 15.8770784], [76.943709, 15.8777211], [76.942859, 15.8779314], [76.9412933, 15.8789406], [76.9396899, 15.8798022], [76.938144, 15.8809816], [76.9379523, 15.8820552], [76.9375068, 15.8827967], [76.9369085, 15.8832494], [76.9361915, 15.8842913], [76.9344484, 15.8856602], [76.9323931, 15.8866246], [76.9307639, 15.8879217], [76.9288628, 15.8882397], [76.9277332, 15.8892732], [76.9269223, 15.8902485], [76.926734, 15.8916275], [76.9249201, 15.8928902], [76.9237107, 15.8934599], [76.9232352, 15.8936388], [76.9212586, 15.8931685], [76.9192474, 15.892506], [76.9173171, 15.8926786], [76.9152573, 15.8943013], [76.9140726, 15.8956792], [76.9135216, 15.8987794], [76.9126675, 15.9019591], [76.9115379, 15.9038404], [76.9093889, 15.9056952], [76.9073776, 15.9059601], [76.9042919, 15.9060131], [76.9023082, 15.906967], [76.8999938, 15.9080533], [76.8980377, 15.9088217], [76.8967979, 15.9101465], [76.8960264, 15.9108619], [76.895255, 15.9122397], [76.8938223, 15.9142269], [76.89126, 15.9174328], [76.8886151, 15.9201353], [76.8841793, 15.9229702], [76.8824987, 15.923924], [76.8807905, 15.9248248], [76.8772914, 15.9256991], [76.8742883, 15.92607], [76.8713954, 15.9261495], [76.8678413, 15.9251692], [76.8661055, 15.9252222], [76.8634881, 15.926229], [76.8602922, 15.9277656], [76.8582809, 15.9278186], [76.8560217, 15.9276332], [76.8543135, 15.9275802], [76.8528533, 15.9286399], [76.8503185, 15.9306004], [76.8476736, 15.9323225], [76.8450562, 15.9350248], [76.8424664, 15.9377005], [76.8408133, 15.939608], [76.8381959, 15.9414624], [76.837126, 15.9418279], [76.836102, 15.9421777], [76.8237418, 15.9420299], [76.8139087, 15.9397965], [76.8118674, 15.9321276], [76.8100372, 15.9165568], [76.8093082, 15.9059869], [76.8082877, 15.8941777], [76.790574, 15.8948338], [76.7913758, 15.8851386], [76.7903553, 15.8814209], [76.7782545, 15.8822957], [76.7733705, 15.8686641], [76.7724228, 15.856782], [76.7665183, 15.8572923], [76.7684865, 15.8795256], [76.7567502, 15.8795985], [76.7566773, 15.8973122], [76.7418794, 15.8990617], [76.7404944, 15.8822228], [76.7252591, 15.8853573], [76.7115547, 15.8817854], [76.6885195, 15.8777032], [76.6877177, 15.8478158], [76.6861139, 15.8282797], [76.6791159, 15.8276236], [76.6668694, 15.8284984], [76.648937, 15.8318516], [76.6443445, 15.8362983], [76.6374194, 15.8376104], [76.6345765, 15.8339656], [76.6227673, 15.8365169], [76.6197786, 15.8241246], [76.6083339, 15.8236872], [76.5995135, 15.7893532], [76.5723961, 15.7908111], [76.5508189, 15.7982465], [76.5351463, 15.7995587], [76.5258885, 15.7905196], [76.5063523, 15.7818449], [76.4937413, 15.7839589], [76.4850667, 15.7816262], [76.4809845, 15.7812618], [76.4596989, 15.7906653], [76.4599176, 15.8003605], [76.4541588, 15.8069212], [76.4495663, 15.8179285], [76.4421808, 15.8240386], [76.4421193, 15.8240488], [76.4379196, 15.8247176], [76.4365657, 15.8236244], [76.4342456, 15.8216123], [76.4341802, 15.8215556], [76.4268231, 15.8158143], [76.4265674, 15.8143383], [76.4250782, 15.8128396], [76.4224007, 15.8120696], [76.4222858, 15.8119745], [76.4222297, 15.8118525], [76.422211, 15.8116582], [76.422225, 15.8114504], [76.4222995, 15.8111522], [76.4223555, 15.8107906], [76.4224674, 15.8104065], [76.422584, 15.8097829], [76.4225372, 15.8093673], [76.4224158, 15.8090736], [76.4221403, 15.8086218], [76.4218462, 15.8081248], [76.4215148, 15.8077499], [76.4213234, 15.8075104], [76.4212113, 15.8072032], [76.4211552, 15.8068598], [76.4209955, 15.8059467], [76.4208913, 15.8057737], [76.4207423, 15.8056008], [76.4204533, 15.8053309], [76.4201188, 15.8052288], [76.4195495, 15.8054096], [76.4192835, 15.8055723], [76.4185976, 15.8059611], [76.4182289, 15.8062322], [76.4180609, 15.8063678], [76.4179396, 15.8064446], [76.4178463, 15.8065034], [76.4177389, 15.8065351], [76.4176269, 15.8065351], [76.4174635, 15.8064583], [76.4173282, 15.8063454], [76.4171834, 15.8061285], [76.4170294, 15.805758], [76.416908, 15.8055005], [76.4167259, 15.8052746], [76.4165579, 15.8051662], [76.4163339, 15.8051074], [76.4161566, 15.8051166], [76.4159232, 15.8051392], [76.4156106, 15.8051935], [76.4152279, 15.8052342], [76.4149058, 15.8052342], [76.4146351, 15.805189], [76.4142245, 15.8050807], [76.4138464, 15.804882], [76.4132116, 15.8044528], [76.4130941, 15.7995276], [76.4129676, 15.7967306]]]}, "properties": {"level": "taluka", "name": "Sindhanur", "parent_level": "district", "parent_name": "Raichur"}}, {"type": "Feature", "geometry": {"type": "Polygon", "coordinates": [[[76.2341617, 16.1307114], [76.236723, 16.1300821], [76.2388777, 16.1296878], [76.2408268, 16.1292847], [76.242687, 16.1289178], [76.2445098, 16.1286186], [76.2461972, 16.1283284], [76.2464775, 16.1281068], [76.2468603, 16.127212], [76.2472197, 16.1263397], [76.2469248, 16.1256847], [76.2463169, 16.1252829], [76.24548, 16.1250394], [76.2453068, 16.1246193], [76.2453064, 16.1238105], [76.2447213, 16.1225231], [76.2452392, 16.1209051], [76.2448321, 16.120083], [76.2450182, 16.1187545], [76.2442369, 16.1174627], [76.2446427, 16.116134], [76.2441565, 16.1158497], [76.2442401, 16.1150634], [76.2447308, 16.1148463], [76.2447399, 16.1143177], [76.2442396, 16.1140558], [76.2441319, 16.1136763], [76.2453983, 16.1132238], [76.2469312, 16.1127982], [76.2477957, 16.1125582], [76.2481135, 16.1125174], [76.2489789, 16.1122263], [76.2511426, 16.1115205], [76.2541815, 16.1102301], [76.2538927, 16.1087297], [76.2532669, 16.1078527], [76.2532954, 16.1071072], [76.2525255, 16.1050961], [76.2529749, 16.1039531], [76.2536602, 16.099191], [76.2550203, 16.0991556], [76.2554504, 16.0989074], [76.2554626, 16.0970678], [76.2579818, 16.097033], [76.2601972, 16.0969077], [76.2618424, 16.0968138], [76.2620368, 16.0971986], [76.2620752, 16.0983998], [76.2640076, 16.1028108], [76.267799, 16.1097125], [76.269971, 16.1091703], [76.2753111, 16.1078275], [76.2756383, 16.1077237], [76.2809162, 16.1059143], [76.2853749, 16.1064675], [76.2882111, 16.105751], [76.2897819, 16.1049292], [76.2963194, 16.1031396], [76.2987803, 16.102434], [76.3010894, 16.1018249], [76.3044419, 16.101107], [76.3075682, 16.0996763], [76.3124765, 16.0973734], [76.3150754, 16.0963033], [76.3169078, 16.0955086], [76.3193196, 16.0949399], [76.3322759, 16.0919472], [76.3311368, 16.0866377], [76.3297452, 16.0820059], [76.3291147, 16.080334], [76.327957, 16.0775185], [76.323563, 16.078837], [76.3143837, 16.0816134], [76.3112195, 16.082358], [76.3058679, 16.0838293], [76.3048069, 16.0839962], [76.3024281, 16.0838462], [76.300529, 16.0839465], [76.2992883, 16.0848928], [76.2982783, 16.0861082], [76.2981942, 16.0861578], [76.2973948, 16.0865551], [76.297216, 16.0869124], [76.2950285, 16.0876255], [76.2938131, 16.0883932], [76.290878, 16.0884146], [76.2823485, 16.0888448], [76.2784133, 16.0888701], [76.2748565, 16.0892661], [76.2717904, 16.0895808], [76.2696049, 16.0899271], [76.2641176, 16.090096], [76.2607526, 16.090293], [76.2581382, 16.0904503], [76.2572374, 16.088421], [76.2567063, 16.0858044], [76.256913, 16.08383], [76.2569091, 16.08261], [76.2572889, 16.0803826], [76.2588116, 16.0739897], [76.2649616, 16.0740247], [76.2702328, 16.0745154], [76.2780089, 16.0749033], [76.2821868, 16.0750678], [76.2837148, 16.0753034], [76.2870329, 16.075228], [76.2939788, 16.0748104], [76.2963294, 16.0746938], [76.2987035, 16.074532], [76.2991242, 16.0745051], [76.3014691, 16.0739955], [76.3031995, 16.0734536], [76.3033268, 16.0706343], [76.30337, 16.0675482], [76.3033843, 16.0666897], [76.3050841, 16.0667943], [76.3055562, 16.0665143], [76.3058564, 16.0633695], [76.3055736, 16.0604641], [76.3050277, 16.0578251], [76.3045658, 16.0560763], [76.3046163, 16.0552448], [76.3041587, 16.0542325], [76.303385, 16.0488372], [76.3031906, 16.0473643], [76.3032615, 16.0451096], [76.3028613, 16.0399313], [76.3029217, 16.0382184], [76.3035434, 16.0375129], [76.3044948, 16.0291187], [76.3053244, 16.0256719], [76.3054226, 16.0252698], [76.3057078, 16.0250214], [76.3067829, 16.0231737], [76.3089759, 16.017942], [76.3100932, 16.0157871], [76.3105842, 16.014635], [76.3107465, 16.0142502], [76.311359, 16.0129084], [76.3111164, 16.0116522], [76.3106737, 16.008349], [76.3109016, 16.0073507], [76.31131, 16.0052539], [76.3115348, 16.0036364], [76.3115867, 16.0020956], [76.311649, 16.0017429], [76.3117787, 16.0010093], [76.3118923, 16.0001094], [76.3095202, 15.9999822], [76.3072733, 15.9997962], [76.3046012, 15.9996417], [76.3025552, 15.9995325], [76.3008595, 15.9994732], [76.2985145, 15.9992419], [76.2979073, 15.9990518], [76.2979072, 15.9990518], [76.2976412, 15.9987084], [76.2972957, 15.9981931], [76.2972491, 15.9978542], [76.2975399, 15.9950845], [76.2976669, 15.9934201], [76.2977465, 15.992378], [76.2978215, 15.9915693], [76.2980279, 15.9895315], [76.2985615, 15.9867484], [76.2991978, 15.9841505], [76.2998247, 15.9814939], [76.300461, 15.9789909], [76.3006389, 15.9779697], [76.3011301, 15.9759728], [76.301392, 15.9751641], [76.3020799, 15.973599], [76.3024392, 15.9727923], [76.3036219, 15.9702488], [76.3048138, 15.9676194], [76.3052345, 15.9666662], [76.306333, 15.9642763], [76.3075063, 15.9616966], [76.3082542, 15.9597765], [76.3089646, 15.9582179], [76.3094368, 15.957242], [76.3098337, 15.9572195], [76.3102261, 15.9571971], [76.3131218, 15.9570489], [76.3177316, 15.9566753], [76.3197913, 15.9564951], [76.3226872, 15.9559672], [76.3228556, 15.9551358], [76.323524, 15.953053], [76.3245898, 15.9495921], [76.3256695, 15.9463346], [76.3264547, 15.943592], [76.3273428, 15.9409083], [76.327824, 15.9397381], [76.3281561, 15.9378991], [76.3282265, 15.9362228], [76.3282269, 15.9349531], [76.3289694, 15.9348042], [76.3287502, 15.9336293], [76.328679, 15.9332494], [76.3284938, 15.9322602], [76.3240622, 15.9316445], [76.3214986, 15.9312915], [76.3185614, 15.9307982], [76.3159558, 15.9300383], [76.3132381, 15.9293914], [76.3130468, 15.9290073], [76.3130103, 15.9261877], [76.3127771, 15.9256364], [76.31239, 15.9239283], [76.3120496, 15.9226178], [76.3100836, 15.922807], [76.3094481, 15.9228625], [76.3064318, 15.9231266], [76.3023316, 15.9235861], [76.3022847, 15.9242955], [76.3021202, 15.927133], [76.3018013, 15.9306256], [76.2997793, 15.9304307], [76.2979208, 15.9302402], [76.2948342, 15.9299272], [76.2921445, 15.9296506], [76.2900993, 15.9294238], [76.2865923, 15.9290789], [76.2852848, 15.9289564], [76.2851872, 15.9279396], [76.2849413, 15.9245462], [76.2846951, 15.9217762], [76.2846302, 15.920755], [76.2844583, 15.9188979], [76.2844261, 15.9179038], [76.2846652, 15.9160197], [76.2848299, 15.9132364], [76.2849713, 15.9102633], [76.2850888, 15.908605], [76.2851785, 15.9064904], [76.2853478, 15.903924], [76.2853483, 15.9027131], [76.28537, 15.9026823], [76.2857454, 15.9022117], [76.286816, 15.8992345], [76.2875911, 15.8991444], [76.2874984, 15.8977391], [76.2877465, 15.8963611], [76.28855, 15.8953132], [76.2889847, 15.8943554], [76.2893259, 15.8933072], [76.2897884, 15.8927697], [76.2907318, 15.8922685], [76.2911564, 15.8927251], [76.2915439, 15.8929964], [76.2921694, 15.8933038], [76.2926315, 15.8934396], [76.2930564, 15.8935347], [76.2935467, 15.8935664], [76.2942469, 15.8936164], [76.2948585, 15.8937749], [76.2955775, 15.8939875], [76.2965672, 15.8943087], [76.2972954, 15.8945349], [76.2977436, 15.8946842], [76.2987893, 15.8950776], [76.2992655, 15.8952812], [76.2997463, 15.895435], [76.3002692, 15.8955797], [76.3006427, 15.8956567], [76.3009928, 15.895693], [76.3012543, 15.8957021], [76.3015252, 15.8957022], [76.3018146, 15.8956661], [76.3020948, 15.8955669], [76.302926, 15.8950701], [76.3032903, 15.8947224], [76.3038882, 15.8941803], [76.3047568, 15.8935841], [76.3051585, 15.8933448], [76.3054433, 15.893241], [76.3056114, 15.8931914], [76.3059523, 15.8931734], [76.3063958, 15.8931916], [76.3070168, 15.8933002], [76.3077823, 15.8935445], [76.3081232, 15.8936395], [76.3085853, 15.8936984], [76.3094258, 15.8938704], [76.3104108, 15.8941102], [76.3112279, 15.8943273], [76.3118021, 15.8944179], [76.3126005, 15.894513], [76.3131, 15.8945719], [76.3135762, 15.8947076], [76.3139683, 15.8949562], [76.3142297, 15.8951777], [76.3144631, 15.8954263], [76.3146357, 15.8956839], [76.3148038, 15.8959731], [76.3149344, 15.8962353], [76.3150463, 15.8965967], [76.3150555, 15.8969221], [76.3150134, 15.8974959], [76.3149339, 15.898002], [76.314873, 15.8983408], [76.3147515, 15.8989101], [76.3145924, 15.8997324], [76.3145652, 15.8998959], [76.3144522, 15.9005729], [76.3143259, 15.9011467], [76.3142744, 15.9015804], [76.3142649, 15.9020413], [76.3142835, 15.9024344], [76.3143581, 15.9028411], [76.3145353, 15.9033834], [76.31468, 15.9037449], [76.3148899, 15.904138], [76.3151699, 15.9045403], [76.315436, 15.9047754], [76.3156507, 15.9049019], [76.3159822, 15.9049834], [76.3165286, 15.9049518], [76.317187, 15.904812], [76.3177707, 15.9046405], [76.3183637, 15.9043514], [76.3197133, 15.9037734], [76.3205913, 15.9033986], [76.3212029, 15.9032452], [76.3217259, 15.903164], [76.3222209, 15.9031235], [76.3228372, 15.9031191], [76.3237103, 15.903169], [76.3244434, 15.9032505], [76.3249897, 15.903341], [76.3251485, 15.9033844], [76.3255686, 15.9034993], [76.3263576, 15.9037706], [76.3264524, 15.9038094], [76.327198, 15.9041142], [76.3283838, 15.9045709], [76.3289208, 15.9047699], [76.3294484, 15.9049371], [76.3304848, 15.9052446], [76.3316848, 15.9054301], [76.3323105, 15.90548], [76.3328707, 15.9055615], [76.3334171, 15.9055525], [76.3338747, 15.9054849], [76.3343977, 15.9053404], [76.3355044, 15.904848], [76.3360834, 15.9045816], [76.3364897, 15.9043196], [76.3376805, 15.9033845], [76.3380495, 15.9030864], [76.3384698, 15.9027882], [76.3389648, 15.9025352], [76.3394598, 15.9022507], [76.3400528, 15.9019436], [76.3405945, 15.9017041], [76.3409397, 15.9015769], [76.3420265, 15.9013579], [76.3431017, 15.9009023], [76.344853, 15.9004804], [76.3452454, 15.8992649], [76.3457129, 15.8953746], [76.3454617, 15.8896677], [76.34521, 15.8871644], [76.3435254, 15.8822345], [76.342415, 15.8781902], [76.3378644, 15.8717732], [76.3433504, 15.8684756], [76.3512033, 15.8637097], [76.3531824, 15.8659647], [76.355442, 15.8645867], [76.3560159, 15.8676594], [76.3569303, 15.8734974], [76.3572427, 15.8765971], [76.3580735, 15.8795975], [76.3588156, 15.8817393], [76.3573682, 15.8820735], [76.3577086, 15.8868993], [76.3582449, 15.8928322], [76.3587436, 15.9013903], [76.3534486, 15.9027679], [76.3538641, 15.9031565], [76.3543964, 15.9036084], [76.3547045, 15.9040197], [76.3549426, 15.9044535], [76.3551152, 15.904711], [76.3553114, 15.9049053], [76.3558109, 15.9052985], [76.356203, 15.905791], [76.3565532, 15.9062565], [76.3573096, 15.9071241], [76.3575944, 15.9075624], [76.3579911, 15.9082221], [76.3582106, 15.9086424], [76.3583647, 15.9089135], [76.3586867, 15.9092886], [76.3589203, 15.909501], [76.3591724, 15.9096862], [76.3595412, 15.9098716], [76.3599101, 15.9100026], [76.3603116, 15.9100885], [76.3604984, 15.9101382], [76.3607645, 15.9102241], [76.3612502, 15.9105313], [76.3615022, 15.9107619], [76.3619038, 15.911155], [76.3623147, 15.911503], [76.3628003, 15.9118193], [76.363291, 15.9120303], [76.3637948, 15.9122667], [76.3641404, 15.9123751], [76.3644532, 15.9123887], [76.3654151, 15.9123256], [76.3660969, 15.9122849], [76.3666291, 15.9122353], [76.367479, 15.9122398], [76.36803, 15.9122986], [76.3686884, 15.9124116], [76.3695616, 15.9126149], [76.3700145, 15.9127957], [76.3703693, 15.9130984], [76.3707195, 15.913356], [76.3712004, 15.9138982], [76.3714853, 15.9143275], [76.3716954, 15.9147116], [76.3721483, 15.9154526], [76.3723818, 15.915787], [76.3725078, 15.9160129], [76.3730401, 15.9168534], [76.3735304, 15.9173956], [76.3737826, 15.9153713], [76.3741936, 15.9121452], [76.3743758, 15.9089596], [76.3747215, 15.9049156], [76.3750903, 15.9022181], [76.3809455, 15.9021503], [76.3879586, 15.9028776], [76.39168, 15.9029677], [76.3971476, 15.9028182], [76.4036937, 15.9020584], [76.4037447, 15.8993926], [76.4095575, 15.8973539], [76.4130498, 15.8961651], [76.4153749, 15.8956496], [76.4178868, 15.8953464], [76.4224105, 15.892892], [76.4252769, 15.8913099], [76.4268081, 15.8903064], [76.4255845, 15.8891184], [76.4246086, 15.8884227], [76.4245431, 15.8879664], [76.4244819, 15.8859873], [76.424375, 15.8856711], [76.4240709, 15.8847719], [76.423851, 15.8831589], [76.4241682, 15.8814689], [76.4242005, 15.8798874], [76.4234763, 15.8775469], [76.4224392, 15.8744746], [76.4217152, 15.8724775], [76.4207112, 15.8714114], [76.4189512, 15.8711407], [76.4181758, 15.8689267], [76.4212749, 15.8655824], [76.4264839, 15.8619078], [76.428869, 15.8604161], [76.4328597, 15.8582869], [76.4399594, 15.8562246], [76.4443283, 15.8547955], [76.447011, 15.8540059], [76.4485768, 15.8539156], [76.4507997, 15.8538358], [76.4556449, 15.8595851], [76.4588052, 15.8576205], [76.4699782, 15.852625], [76.4835904, 15.8510355], [76.4950781, 15.8530791], [76.5000351, 15.8637852], [76.501359, 15.8658575], [76.4928302, 15.8684089], [76.4941605, 15.8721631], [76.4946161, 15.8739126], [76.494361, 15.878177], [76.4858321, 15.8787237], [76.4707791, 15.8828423], [76.4613026, 15.8847012], [76.4653848, 15.895672], [76.4680091, 15.9035448], [76.4675717, 15.9058046], [76.4593709, 15.9131306], [76.4537943, 15.9183427], [76.4520813, 15.9249398], [76.4522635, 15.928621], [76.4457758, 15.9319014], [76.4444636, 15.9352546], [76.4439169, 15.9380611], [76.4466141, 15.94546], [76.4494206, 15.9513646], [76.447744, 15.955629], [76.4487645, 15.9579617], [76.452628, 15.9573056], [76.4566008, 15.9572327], [76.4550336, 15.9630644], [76.4550336, 15.9676933], [76.4567102, 15.9799763], [76.4654941, 15.9855528], [76.470852, 15.9847874], [76.4724557, 15.9862454], [76.4720183, 15.9909836], [76.4701959, 15.9933527], [76.4718361, 15.9965966], [76.4731482, 15.9990022], [76.4733305, 16.0010797], [76.4744239, 16.0029386], [76.4762828, 16.0051619], [76.4800734, 16.0098272], [76.483135, 16.009973], [76.4853219, 16.0122692], [76.4896592, 16.0112123], [76.4899872, 16.0144926], [76.4893312, 16.0164243], [76.4897321, 16.0176271], [76.4904975, 16.0202514], [76.4898779, 16.0227298], [76.4866704, 16.0221831], [76.4818958, 16.0255728], [76.4783967, 16.0238597], [76.475736, 16.0225476], [76.4735856, 16.0217093], [76.4714352, 16.0210897], [76.4654577, 16.023313], [76.4665876, 16.0256092], [76.4606101, 16.0265204], [76.4587877, 16.0296185], [76.4580952, 16.0328988], [76.4555438, 16.0340652], [76.4548878, 16.0352315], [76.455398, 16.0368352], [76.4477075, 16.0409903], [76.4509878, 16.0536742], [76.4549607, 16.0595788], [76.4595531, 16.070258], [76.4637082, 16.0736113], [76.4660773, 16.0767822], [76.4703053, 16.0782402], [76.4736221, 16.0823588], [76.482406, 16.0814111], [76.4860144, 16.079042], [76.4932675, 16.0786411], [76.5000469, 16.0791878], [76.5145532, 16.0792607], [76.5236287, 16.0798074], [76.529023, 16.0778757], [76.5459714, 16.0790785], [76.5460443, 16.0849466], [76.5479396, 16.084983], [76.5484134, 16.0894297], [76.551475, 16.0894661], [76.5539535, 16.0984324], [76.5676579, 16.0963913], [76.5717766, 16.0967557], [76.575312, 16.1033164], [76.5781185, 16.1059406], [76.5813988, 16.1156358], [76.5840595, 16.1165835], [76.5846427, 16.1216862], [76.6025387, 16.1173853], [76.611432, 16.1152713], [76.6090993, 16.1032799], [76.6129628, 16.1021136], [76.6136189, 16.0910334], [76.6248084, 16.0862587], [76.6342485, 16.0791149], [76.6426737, 16.0786048], [76.6468542, 16.078319], [76.6501686, 16.0839766], [76.6562557, 16.0872401], [76.6592538, 16.1094442], [76.6658816, 16.1129327], [76.6695842, 16.1181219], [76.6814312, 16.1158625], [76.6837135, 16.1222074], [76.6915208, 16.1230144], [76.6936259, 16.1257557], [76.6900402, 16.1360777], [76.6885606, 16.1445685], [76.6942693, 16.1461162], [76.698029, 16.1546024], [76.7100568, 16.1544109], [76.7103862, 16.1571234], [76.7339507, 16.152551], [76.7581881, 16.1413242], [76.7699715, 16.1356838], [76.7732778, 16.1483449], [76.7730165, 16.1565803], [76.7748356, 16.164319], [76.7749383, 16.1698817], [76.7750002, 16.1732309], [76.7739846, 16.1779022], [76.7713127, 16.1901906], [76.7817571, 16.212389], [76.7877516, 16.2198262], [76.7946406, 16.2249104], [76.7863642, 16.2270525], [76.7599441, 16.2259652], [76.754472, 16.2095777], [76.7480246, 16.2082771], [76.7364618, 16.2115806], [76.7217504, 16.2157008], [76.7265775, 16.2384336], [76.7322476, 16.2471141], [76.7579925, 16.2564563], [76.7646586, 16.2588837], [76.7624365, 16.2803612], [76.7527056, 16.2841858], [76.7425149, 16.2913198], [76.7340099, 16.2947764], [76.7335205, 16.3056522], [76.7356659, 16.3207021], [76.7298139, 16.3350215], [76.7035144, 16.3419859], [76.6936268, 16.3417194], [76.6879656, 16.3563713], [76.6558116, 16.3558378], [76.6493486, 16.3607328], [76.6492221, 16.3606929], [76.648516, 16.3604826], [76.6476877, 16.3604556], [76.646134, 16.3602253], [76.6461339, 16.3602253], [76.6449498, 16.3596516], [76.6436441, 16.3591095], [76.6434917, 16.3590524], [76.6419431, 16.3584726], [76.6414726, 16.3582964], [76.6403915, 16.3579666], [76.6395585, 16.3579124], [76.6395584, 16.3579124], [76.6385149, 16.3581655], [76.637875, 16.3579395], [76.6377473, 16.3578944], [76.6374997, 16.357787], [76.6366335, 16.357411], [76.6358005, 16.3570496], [76.6345182, 16.3568418], [76.6340127, 16.3563855], [76.6334699, 16.3564216], [76.6322578, 16.3560647], [76.6313639, 16.3554231], [76.6307228, 16.3546912], [76.6306941, 16.3546304], [76.6303624, 16.3539276], [76.6301893, 16.3537875], [76.6295622, 16.353286], [76.6295621, 16.353286], [76.6288274, 16.3527664], [76.6281863, 16.3522829], [76.6271639, 16.3514939], [76.6268105, 16.3512211], [76.6264577, 16.3509754], [76.6255001, 16.3503084], [76.625046, 16.350031], [76.6243537, 16.349608], [76.6236445, 16.3492644], [76.6231416, 16.3490207], [76.622215, 16.3488128], [76.6221605, 16.3487781], [76.6218313, 16.3485687], [76.620975, 16.3485462], [76.6203011, 16.348275], [76.6196272, 16.3475114], [76.6189581, 16.3469014], [76.6178724, 16.3466348], [76.6170722, 16.3460248], [76.6162112, 16.345112], [76.6152473, 16.344136], [76.6137733, 16.3431645], [76.6134079, 16.3428903], [76.6125567, 16.3422517], [76.6112465, 16.3416145], [76.6106978, 16.3414438], [76.6091408, 16.3409592], [76.6077416, 16.3406654], [76.607513, 16.3406758], [76.6075129, 16.3406758], [76.6069461, 16.3407015], [76.6064998, 16.3408183], [76.6063424, 16.3408595], [76.6061503, 16.3409447], [76.6053644, 16.3412932], [76.6047667, 16.3413415], [76.6044705, 16.3413654], [76.603165, 16.3411574], [76.6022104, 16.3408907], [76.601195, 16.3410487], [76.600493, 16.3412429], [76.5998566, 16.3412157], [76.5988739, 16.3408858], [76.5983593, 16.3405514], [76.5976901, 16.3403389], [76.5967075, 16.3402258], [76.5967074, 16.3402258], [76.5956219, 16.339959], [76.5951072, 16.3395342], [76.5939561, 16.3391771], [76.5938764, 16.3391703], [76.5929407, 16.3390911], [76.5925217, 16.3390701], [76.5918551, 16.3390367], [76.5909941, 16.3388287], [76.5907695, 16.3388061], [76.5903462, 16.3387657], [76.590105, 16.3387427], [76.5891786, 16.3382907], [76.5881586, 16.3374094], [76.5874147, 16.336831], [76.5874147, 16.3368309], [76.5863902, 16.3357012], [76.5858972, 16.3348208], [76.5856184, 16.3343229], [76.5850229, 16.3331269], [76.584552, 16.332181], [76.5845519, 16.332181], [76.5832747, 16.3314217], [76.5819038, 16.3310012], [76.5807981, 16.3309639], [76.5796109, 16.3309239], [76.5774492, 16.3308195], [76.5755681, 16.3306473], [76.57394, 16.3306828], [76.5733128, 16.3306964], [76.5733127, 16.3306964], [76.5715673, 16.3307999], [76.5698455, 16.330447], [76.5681565, 16.3298772], [76.5673252, 16.329505], [76.5670055, 16.3293618], [76.5656675, 16.3286024], [76.5649682, 16.3282381], [76.5637494, 16.3276032], [76.5629493, 16.3273002], [76.5617703, 16.3270017], [76.5609749, 16.3266716], [76.5603013, 16.326093], [76.5602328, 16.3260272], [76.5595669, 16.3253879], [76.5589429, 16.3247568], [76.5586642, 16.3244749], [76.5578971, 16.323684], [76.5575067, 16.323251], [76.5567886, 16.3224546], [76.5564883, 16.3221845], [76.5556379, 16.3214195], [76.5546744, 16.320502], [76.5546744, 16.3205019], [76.5541423, 16.3202031], [76.5526301, 16.3193536], [76.5504595, 16.3182007], [76.548359, 16.3174182], [76.5452339, 16.3163959], [76.5435901, 16.3159459], [76.5424737, 16.3156402], [76.5415343, 16.3151951], [76.540813, 16.3148534], [76.539218, 16.3137593], [76.5386755, 16.3134564], [76.5386754, 16.3134563], [76.5381164, 16.3131483], [76.5372393, 16.312665], [76.5369821, 16.3125113], [76.5346807, 16.3111457], [76.5328985, 16.310422], [76.5300217, 16.3090923], [76.5266724, 16.3077262], [76.5238706, 16.3063965], [76.5238706, 16.3063964], [76.5222056, 16.3052977], [76.5211346, 16.3045606], [76.5211345, 16.3045606], [76.5210228, 16.3044841], [76.5207978, 16.30433], [76.5190722, 16.3028652], [76.5178133, 16.3022293], [76.5155861, 16.3014309], [76.5132059, 16.3005776], [76.5084253, 16.2990749], [76.5073531, 16.2990066], [76.5067084, 16.2989655], [76.5057716, 16.2989988], [76.5035428, 16.2990782], [76.4989477, 16.2992416], [76.4983578, 16.298964], [76.497483, 16.298969], [76.4964117, 16.2991594], [76.4953638, 16.2990973], [76.4950503, 16.2990788], [76.4950502, 16.2990788], [76.4947245, 16.2990117], [76.4941752, 16.2988985], [76.4935946, 16.2987502], [76.493099, 16.2986235], [76.4925898, 16.2985712], [76.4922241, 16.2985336], [76.4914474, 16.2983488], [76.4912929, 16.2982962], [76.4912927, 16.2982962], [76.4906952, 16.2980934], [76.4903711, 16.2979834], [76.4893931, 16.2975185], [76.489393, 16.2975185], [76.4885179, 16.2970581], [76.4876943, 16.2966474], [76.4865383, 16.2960064], [76.4850316, 16.2954559], [76.483436, 16.2949009], [76.482107, 16.2942962], [76.4806515, 16.2933842], [76.4791493, 16.2925038], [76.4782275, 16.2921518], [76.4768797, 16.2913572], [76.476102, 16.2908744], [76.4753307, 16.2903955], [76.4745212, 16.2899441], [76.4737912, 16.2895016], [76.473543, 16.2891267], [76.4731638, 16.288553], [76.4724759, 16.288079], [76.4724759, 16.2880789], [76.4714838, 16.2874016], [76.4713127, 16.2871972], [76.4710718, 16.2869093], [76.4708574, 16.2864862], [76.4706551, 16.2860872], [76.4705092, 16.2857941], [76.4704256, 16.2856264], [76.4699059, 16.2847094], [76.4697093, 16.2845077], [76.4694613, 16.2842532], [76.4693651, 16.2841853], [76.4686938, 16.2837114], [76.4681462, 16.2830655], [76.4680598, 16.2828988], [76.467898, 16.2825866], [76.4672241, 16.2820131], [76.4663725, 16.2814848], [76.464122, 16.2807673], [76.4628995, 16.2804782], [76.4618904, 16.2802396], [76.4606365, 16.2800051], [76.4597382, 16.2797208], [76.4591627, 16.2793596], [76.4589689, 16.2792381], [76.4584421, 16.278908], [76.4577018, 16.2783555], [76.4570383, 16.2778603], [76.4560653, 16.2769821], [76.4556671, 16.2766227], [76.4549371, 16.2758414], [76.4545112, 16.275349], [76.454097, 16.2751599], [76.4532947, 16.2747937], [76.4521532, 16.2742565], [76.4521531, 16.2742564], [76.4517882, 16.2740848], [76.4502985, 16.2734237], [76.4497436, 16.2731774], [76.4477271, 16.2722518], [76.4459165, 16.2713758], [76.4448403, 16.2707526], [76.4441151, 16.2702784], [76.4435115, 16.2696867], [76.4428984, 16.2686973], [76.4424724, 16.26783], [76.4424724, 16.2678299], [76.4418126, 16.2670666], [76.440961, 16.2662219], [76.439721, 16.2651198], [76.4383876, 16.2641533], [76.436736, 16.2630874], [76.4348741, 16.2621797], [76.4336531, 16.2617824], [76.4325538, 16.2615116], [76.431861, 16.261482], [76.4318194, 16.2614802], [76.4312862, 16.2613989], [76.4299248, 16.26083], [76.4286102, 16.2602068], [76.4277073, 16.2597145], [76.4265624, 16.2588807], [76.4258033, 16.2583278], [76.4249143, 16.2576683], [76.4235671, 16.2569412], [76.4207742, 16.2554191], [76.4186084, 16.2542854], [76.4183604, 16.2541544], [76.4166389, 16.252989], [76.4166329, 16.2529842], [76.4153945, 16.2519907], [76.4149173, 16.2515615], [76.4144257, 16.2509908], [76.4145149, 16.2505171], [76.4147253, 16.2502956], [76.4150802, 16.250189], [76.4152819, 16.2501284], [76.416484, 16.2500965], [76.4174891, 16.24989], [76.418135, 16.2497573], [76.4184893, 16.2496305], [76.4188927, 16.2494861], [76.4190409, 16.2492267], [76.4191405, 16.2490522], [76.418855, 16.2484559], [76.4180925, 16.2476201], [76.4172785, 16.2468974], [76.4157721, 16.2455015], [76.4141396, 16.2444806], [76.4132368, 16.2440244], [76.4131228, 16.2439514], [76.41203, 16.243252], [76.4113122, 16.2428648], [76.4107904, 16.2425834], [76.4096959, 16.2419104], [76.4091156, 16.2413761], [76.408793, 16.2410791], [76.4084779, 16.2407769], [76.4081195, 16.2404331], [76.4075815, 16.2398955], [76.406501, 16.2392811], [76.4054298, 16.2388791], [76.4047891, 16.2385855], [76.4043558, 16.2385889], [76.4041998, 16.2385901], [76.4041997, 16.2385901], [76.4026938, 16.2391144], [76.4013421, 16.2385543], [76.400299, 16.2374022], [76.3990034, 16.2369189], [76.397661, 16.2365485], [76.3976563, 16.2360877], [76.3977638, 16.235681], [76.3977137, 16.2353344], [76.3976468, 16.2348722], [76.3968189, 16.2337925], [76.3968189, 16.2337924], [76.3962809, 16.232577], [76.3958038, 16.2320394], [76.3955185, 16.2317186], [76.3944194, 16.23105], [76.3932922, 16.2302684], [76.3925626, 16.2298663], [76.3914962, 16.2294416], [76.3909956, 16.229146], [76.3905935, 16.2289085], [76.3900788, 16.2285245], [76.389443, 16.2280501], [76.3893987, 16.2280362], [76.3884188, 16.2277293], [76.3872683, 16.2275487], [76.3871453, 16.2273451], [76.3870718, 16.2272234], [76.3869399, 16.2268479], [76.3868099, 16.2264778], [76.3867645, 16.2263503], [76.3867023, 16.2261751], [76.3860241, 16.2253392], [76.3852057, 16.2250998], [76.3832461, 16.225005], [76.3815624, 16.2245803], [76.3806365, 16.2237444], [76.3798742, 16.223157], [76.3795201, 16.2231244], [76.3790885, 16.2230847], [76.3774937, 16.2229582], [76.3768624, 16.2222579], [76.3766031, 16.2218939], [76.375726, 16.2206629], [76.3751554, 16.2200619], [76.3746878, 16.2195649], [76.3745365, 16.2195425], [76.3739863, 16.219461], [76.3728358, 16.2190588], [76.3698896, 16.218512], [76.3687112, 16.2179743], [76.3685106, 16.2176295], [76.3684352, 16.2174998], [76.3682529, 16.217179], [76.3682014, 16.2170886], [76.3672849, 16.2157647], [76.3665461, 16.2140116], [76.3658354, 16.2123397], [76.3645354, 16.2105594], [76.362665, 16.2090592], [76.3620712, 16.2082458], [76.3614399, 16.2074641], [76.361309, 16.2073015], [76.361309, 16.2073014], [76.3608554, 16.206845], [76.3600137, 16.2066054], [76.3574932, 16.2066233], [76.3557256, 16.2062797], [76.3542948, 16.2050958], [76.3536122, 16.2041017], [76.3533457, 16.2034556], [76.353131, 16.2027461], [76.3529437, 16.2021271], [76.3529437, 16.202127], [76.3525612, 16.2017192], [76.3518122, 16.2009205], [76.3513961, 16.2005409], [76.3505497, 16.2001432], [76.3503955, 16.2000901], [76.3494602, 16.199768], [76.3490879, 16.1995843], [76.3483334, 16.1992121], [76.3475572, 16.1987105], [76.3470041, 16.1984795], [76.3457383, 16.1979511], [76.3440831, 16.1975352], [76.3428814, 16.1972684], [76.3417264, 16.1970061], [76.3412542, 16.1966582], [76.3383396, 16.1953086], [76.3373229, 16.1949082], [76.3362396, 16.1944816], [76.3355165, 16.1941969], [76.3345119, 16.1938012], [76.3337116, 16.193785], [76.3324966, 16.1937602], [76.3314816, 16.1940361], [76.322873, 16.1905001], [76.3133965, 16.1903544], [76.3034826, 16.1865638], [76.2993094, 16.1859987], [76.2971408, 16.1845954], [76.2949175, 16.1822445], [76.293759, 16.1787072], [76.2891951, 16.1646948], [76.2883932, 16.1594463], [76.2850036, 16.1552184], [76.2808121, 16.1525577], [76.2752519, 16.1510046], [76.267545, 16.1528857], [76.2643376, 16.1560202], [76.2602736, 16.1573141], [76.2507607, 16.1626355], [76.2497766, 16.1642939], [76.2480271, 16.1644579], [76.2428515, 16.1665901], [76.2403366, 16.1669182], [76.238683, 16.1667264], [76.2386802, 16.1666997], [76.2382568, 16.1647374], [76.2375487, 16.1608971], [76.2370656, 16.1580598], [76.236667, 16.155837], [76.2363713, 16.1538445], [76.236146, 16.1521954], [76.2359954, 16.1502933], [76.2356808, 16.1476004], [76.2354361, 16.1446726], [76.2351774, 16.1418579], [76.2348201, 16.1380851], [76.2346131, 16.1354645], [76.2342795, 16.1324374], [76.2341617, 16.1307114]]]}, "properties": {"level": "taluka", "name": "Lingsugur", "parent_level": "district", "parent_name": "Raichur"}}, {"type": "Feature", "geometry": {"type": "Polygon", "coordinates": [[[76.6493486, 16.3607328], [76.6558116, 16.3558378], [76.6879656, 16.3563713], [76.6936268, 16.3417194], [76.7035144, 16.3419859], [76.7298139, 16.3350215], [76.7356659, 16.3207021], [76.7335205, 16.3056522], [76.7340099, 16.2947764], [76.7425149, 16.2913198], [76.7527056, 16.2841858], [76.7624365, 16.2803612], [76.7646586, 16.2588837], [76.7579925, 16.2564563], [76.7322476, 16.2471141], [76.7265775, 16.2384336], [76.7217504, 16.2157008], [76.7364618, 16.2115806], [76.7480246, 16.2082771], [76.754472, 16.2095777], [76.7599441, 16.2259652], [76.7863642, 16.2270525], [76.7946406, 16.2249104], [76.8073769, 16.223095], [76.8160269, 16.2200887], [76.8341428, 16.2188453], [76.8379834, 16.2109223], [76.8438326, 16.2069335], [76.8491084, 16.1977638], [76.8671992, 16.1948336], [76.8679644, 16.1880912], [76.8780523, 16.1908836], [76.8927971, 16.1991844], [76.8965843, 16.2017383], [76.9026855, 16.1980053], [76.9149821, 16.1951337], [76.9269668, 16.1916196], [76.93148, 16.1928117], [76.9320164, 16.1995444], [76.9560606, 16.1940108], [76.9543269, 16.2043125], [76.9661381, 16.2018151], [76.9729647, 16.1942189], [76.9788161, 16.1919296], [76.9829338, 16.1977569], [76.9873765, 16.1977569], [76.997512, 16.1928483], [77.0003293, 16.1979992], [77.0454063, 16.1924018], [77.0461725, 16.1976997], [77.0627228, 16.1976997], [77.0677799, 16.1949036], [77.0740628, 16.1806283], [77.0840237, 16.1766546], [77.0840237, 16.1972582], [77.0921091, 16.2187181], [77.1080921, 16.2180418], [77.1096091, 16.2122671], [77.1188739, 16.2109145], [77.1221247, 16.2084172], [77.1186571, 16.2066483], [77.1194157, 16.2042551], [77.1276321, 16.1938736], [77.1514809, 16.1914887], [77.1536436, 16.1969368], [77.1637551, 16.2059768], [77.1639104, 16.2174771], [77.1594607, 16.2196135], [77.1449928, 16.2336152], [77.1481341, 16.2368003], [77.1552132, 16.2387422], [77.1653562, 16.23397], [77.1683473, 16.2300465], [77.1710697, 16.2293924], [77.1731428, 16.2331793], [77.1736485, 16.2401702], [77.1680863, 16.2491998], [77.168741, 16.273662], [77.1717575, 16.2755674], [77.170624, 16.2851295], [77.1775862, 16.2907236], [77.188306, 16.2888307], [77.1932614, 16.2787836], [77.1929142, 16.270997], [77.1941388, 16.2701818], [77.1968026, 16.2694954], [77.1992709, 16.2693637], [77.1971196, 16.2766929], [77.203238, 16.2919818], [77.2059179, 16.3025621], [77.2014682, 16.3081917], [77.2048486, 16.3141006], [77.2181978, 16.3287559], [77.2064667, 16.3329291], [77.2056576, 16.338946], [77.2019158, 16.3364227], [77.1968593, 16.3447687], [77.1970616, 16.3494266], [77.1999943, 16.3532112], [77.2010056, 16.3701922], [77.209804, 16.3767902], [77.2117254, 16.3884331], [77.2157201, 16.3977469], [77.2176861, 16.4023787], [77.218022, 16.4089973], [77.2237807, 16.420889], [77.2237047, 16.4209147], [77.2228399, 16.4212148], [77.2221332, 16.4215811], [77.2215596, 16.4217761], [77.2213749, 16.421839], [77.2207149, 16.4219748], [77.219994, 16.4219977], [77.2190296, 16.4220524], [77.2183555, 16.4220978], [77.2180559, 16.4221883], [77.2174474, 16.4223151], [77.2173421, 16.4223485], [77.2171338, 16.4224146], [77.21653, 16.4226499], [77.2162632, 16.4227539], [77.2156313, 16.4230117], [77.215402, 16.4230886], [77.2146483, 16.4232471], [77.2145397, 16.4232803], [77.2143675, 16.423333], [77.2140726, 16.4234371], [77.2136606, 16.4234914], [77.2134753, 16.4235139], [77.2133611, 16.4235277], [77.2124107, 16.4234648], [77.2113199, 16.4234653], [77.2109412, 16.4234679], [77.2106271, 16.4234701], [77.2103321, 16.4235335], [77.2099266, 16.4235543], [77.2096253, 16.4235699], [77.2083146, 16.4237285], [77.2083145, 16.4237285], [77.2076264, 16.4238192], [77.2075421, 16.4238444], [77.207294, 16.4239187], [77.2064001, 16.4243934], [77.205684, 16.424972], [77.2051177, 16.4253292], [77.204879, 16.4254784], [77.2041862, 16.4257362], [77.2038679, 16.4257815], [77.2030909, 16.4259354], [77.2022344, 16.4260486], [77.2022342, 16.4260487], [77.2013213, 16.4260896], [77.201141, 16.4261255], [77.201003, 16.426153], [77.2006527, 16.4262124], [77.2003616, 16.4262617], [77.200048, 16.4263612], [77.1994161, 16.4265105], [77.1989994, 16.4265784], [77.1983488, 16.4266509], [77.1983487, 16.4266509], [77.1979929, 16.4267052], [77.1974078, 16.4267868], [77.1970848, 16.4268366], [77.1964528, 16.4268142], [77.1961157, 16.4268459], [77.1957683, 16.4268595], [77.1955305, 16.4268687], [77.1952169, 16.4269321], [77.1925253, 16.4275745], [77.1925252, 16.4275745], [77.1919672, 16.4277107], [77.1915422, 16.4278143], [77.1913315, 16.4278776], [77.1905121, 16.4282231], [77.1904843, 16.4282348], [77.1896043, 16.4285965], [77.1888505, 16.4287549], [77.1885884, 16.4288092], [77.1879846, 16.4289811], [77.1878854, 16.4290116], [77.1876756, 16.4290761], [77.1871982, 16.4292976], [77.1871981, 16.4292976], [77.1869032, 16.4294378], [77.1863322, 16.429718], [77.1860701, 16.429813], [77.18541, 16.430012], [77.1845018, 16.430202], [77.1841367, 16.4302654], [77.1841366, 16.4302654], [77.1835047, 16.4304191], [77.1833708, 16.4304609], [77.1832004, 16.4305141], [77.1827276, 16.4306724], [77.1823905, 16.4308035], [77.1818429, 16.4310657], [77.1817071, 16.4311061], [77.1815386, 16.4311561], [77.1812837, 16.4312316], [77.1811875, 16.4312602], [77.1806023, 16.431319], [77.1795208, 16.4313148], [77.1784534, 16.4313151], [77.1778542, 16.4313559], [77.1775686, 16.4314147], [77.1766277, 16.4316001], [77.1763189, 16.4316723], [77.1757569, 16.4318037], [77.1749734, 16.4320124], [77.1742121, 16.4322151], [77.174212, 16.4322152], [77.1739791, 16.4322936], [77.1739031, 16.4323192], [77.1733414, 16.4325768], [77.1730277, 16.4328073], [77.1725129, 16.4332276], [77.1722742, 16.4334898], [77.1718623, 16.4338965], [77.1716189, 16.434136], [77.1712117, 16.4346196], [77.1710592, 16.4348036], [77.1710244, 16.4348455], [77.170636, 16.4352657], [77.170636, 16.4352658], [77.1704019, 16.4355686], [77.1700977, 16.4360701], [77.1699433, 16.4363955], [77.1696812, 16.4369016], [77.1695408, 16.4372405], [77.1691992, 16.4378415], [77.1690541, 16.4380449], [77.1685767, 16.4385194], [77.1682958, 16.438795], [77.1675609, 16.4393735], [77.1670506, 16.4397576], [77.1668152, 16.4398981], [77.1667323, 16.4399475], [77.1662314, 16.4403226], [77.1659974, 16.4405259], [77.1652952, 16.4411631], [77.1641531, 16.4423968], [77.1639658, 16.4426409], [77.1633339, 16.4434181], [77.1628658, 16.4440327], [77.1627675, 16.4441728], [77.1626105, 16.4444403], [77.1624306, 16.4447467], [77.1623905, 16.4448386], [77.1622948, 16.4450584], [77.1622442, 16.4451631], [77.1621965, 16.4452618], [77.1621622, 16.4455787], [77.1621451, 16.4457363], [77.1621598, 16.445867], [77.162178, 16.4460299], [77.1624075, 16.4466218], [77.1625901, 16.4469516], [77.1626979, 16.4471955], [77.1628443, 16.4473797], [77.1629133, 16.4474666], [77.1631662, 16.4477693], [77.1634331, 16.4480629], [77.1637047, 16.4482797], [77.1637047, 16.4482798], [77.1639716, 16.4484559], [77.1644258, 16.4488263], [77.1645034, 16.4489497], [77.1645991, 16.4491019], [77.1647583, 16.449373], [77.1647932, 16.449477], [77.1648614, 16.4496802], [77.1649223, 16.449888], [77.1650677, 16.4509227], [77.1650203, 16.4516085], [77.1649883, 16.4520704], [77.1649588, 16.4523134], [77.1649088, 16.4527255], [77.1648655, 16.452948], [77.164848, 16.4530373], [77.1646562, 16.4536835], [77.1645766, 16.4539636], [77.1643848, 16.4545826], [77.1643146, 16.4548311], [77.1642274, 16.4551017], [77.1641181, 16.4554411], [77.1640245, 16.4557258], [77.164067, 16.4577771], [77.1641795, 16.4585452], [77.1642038, 16.4589261], [77.1642406, 16.4595031], [77.1641143, 16.4601582], [77.1640113, 16.46047], [77.1639723, 16.4605606], [77.1638615, 16.4608179], [77.1636779, 16.4609986], [77.1636228, 16.4610529], [77.1633934, 16.4612156], [77.1628737, 16.4615862], [77.162649, 16.4617263], [77.1623368, 16.46197], [77.1621106, 16.4621466], [77.1618671, 16.4623816], [77.1614936, 16.46276], [77.1612024, 16.4630549], [77.1612023, 16.463055], [77.1606406, 16.4639767], [77.1604529, 16.4643391], [77.1603364, 16.4645642], [77.1602615, 16.4648534], [77.1599668, 16.4666923], [77.1598593, 16.4677451], [77.159747, 16.4683461], [77.1596969, 16.4685089], [77.1596581, 16.4686352], [77.1593632, 16.4692136], [77.1591712, 16.4695344], [77.1589479, 16.4698378], [77.158792, 16.4700496], [77.1586629, 16.4702119], [77.1585907, 16.4703026], [77.1581506, 16.4707365], [77.1580472, 16.4708341], [77.1579353, 16.4709398], [77.157748, 16.4711148], [77.1574905, 16.4713556], [77.1572845, 16.4715725], [77.156821, 16.4720289], [77.1567045, 16.4721132], [77.1565962, 16.4721916], [77.1563729, 16.4723825], [77.1560625, 16.472648], [77.1557488, 16.4728559], [77.1554283, 16.4730643], [77.1548872, 16.4734162], [77.1524103, 16.4748307], [77.1514972, 16.4753686], [77.1498397, 16.4763085], [77.1492356, 16.4766384], [77.1490609, 16.4767396], [77.1489079, 16.4768282], [77.1486677, 16.4769598], [77.1484209, 16.4770949], [77.1482865, 16.4771784], [77.1481446, 16.4772666], [77.1475452, 16.4775919], [77.1472362, 16.4777591], [77.1471398, 16.4778432], [77.1470911, 16.4778857], [77.1465104, 16.478202], [77.1461828, 16.4783729], [77.1459298, 16.4785048], [77.1458334, 16.4785565], [77.1456769, 16.4786404], [77.1450682, 16.4789793], [77.1447732, 16.4791239], [77.1441036, 16.4794628], [77.1437665, 16.479621], [77.1437664, 16.479621], [77.1435698, 16.479734], [77.1430393, 16.4799151], [77.143007, 16.4799261], [77.1421322, 16.479969], [77.1419518, 16.4799804], [77.1417014, 16.4799961], [77.1411907, 16.4799813], [77.1407742, 16.4799691], [77.1397908, 16.4799511], [77.1392054, 16.4799421], [77.138798, 16.4799285], [77.1379129, 16.4799015], [77.1369062, 16.4799377], [77.1352906, 16.4799739], [77.1351064, 16.4799621], [77.1349394, 16.4799513], [77.1347026, 16.4799459], [77.1343446, 16.4799377], [77.1339607, 16.4799378], [77.1334081, 16.4799243], [77.1322206, 16.4800323], [77.1315209, 16.480096], [77.1311604, 16.4801321], [77.1308954, 16.4801489], [77.130589, 16.4801683], [77.1304347, 16.4801824], [77.1302425, 16.4801999], [77.1296525, 16.4803219], [77.1293809, 16.4803852], [77.1287674, 16.4805479], [77.1283788, 16.4806156], [77.1277466, 16.4807512], [77.1275521, 16.4807878], [77.1273626, 16.4808235], [77.1266883, 16.4809681], [77.1265742, 16.4809898], [77.1263089, 16.4810403], [77.1253677, 16.4812211], [77.1246793, 16.4813521], [77.1243983, 16.4813882], [77.1242435, 16.4814133], [77.1236725, 16.4815057], [77.1233634, 16.4815735], [77.1231631, 16.4816054], [77.1227968, 16.4816638], [77.1225205, 16.4817497], [77.1224687, 16.4817653], [77.1222715, 16.4818246], [77.1219024, 16.4819349], [77.1216074, 16.4820659], [77.1209798, 16.4824274], [77.1208052, 16.4825365], [77.1207269, 16.4825855], [77.1198185, 16.4830418], [77.1189943, 16.4834168], [77.1189942, 16.4834168], [77.1180811, 16.4838098], [77.1175985, 16.4840225], [77.1171585, 16.4842164], [77.1171585, 16.4842165], [77.1163249, 16.4847179], [77.1157442, 16.4850613], [77.1154117, 16.485251], [77.1149256, 16.4854787], [77.1147655, 16.4855537], [77.1147654, 16.4855537], [77.1141754, 16.4858157], [77.1138663, 16.4858564], [77.1137149, 16.4858811], [77.11359, 16.4859015], [77.1128736, 16.4859241], [77.1128735, 16.4859241], [77.1125738, 16.485915], [77.1119978, 16.4858969], [77.1118293, 16.4858879], [77.1118292, 16.4858879], [77.1115529, 16.4858698], [77.1110659, 16.4858471], [77.11071, 16.4858064], [77.1105695, 16.485829], [77.1103728, 16.4858742], [77.1100637, 16.4859916], [77.1099161, 16.4860514], [77.1097734, 16.4861091], [77.1094562, 16.4862599], [77.1091177, 16.4864208], [77.1087806, 16.4865925], [77.1082654, 16.4868499], [77.1082654, 16.48685], [77.1079891, 16.486999], [77.1075161, 16.4872882], [77.1071871, 16.4874644], [77.1071367, 16.4874914], [77.1071367, 16.4874915], [77.106734, 16.4877354], [77.1064483, 16.4878845], [77.1062375, 16.4880245], [77.1060007, 16.4881413], [77.105816, 16.4882323], [77.1055397, 16.4883633], [77.1052306, 16.488535], [77.1051046, 16.4885902], [77.1049731, 16.4886479], [77.1046921, 16.4887156], [77.1044064, 16.4887518], [77.1040364, 16.4887517], [77.103812, 16.4887956], [77.1036899, 16.4888194], [77.1032778, 16.4889821], [77.1030108, 16.4891944], [77.1028188, 16.489357], [77.1023083, 16.4897907], [77.1020881, 16.489994], [77.1015402, 16.490265], [77.1012685, 16.4904005], [77.1006738, 16.4906761], [77.0999947, 16.4912227], [77.0999946, 16.4912227], [77.0998494, 16.4914215], [77.0997276, 16.4917061], [77.0995496, 16.4921037], [77.0994278, 16.4923206], [77.099217, 16.492569], [77.0989875, 16.4928491], [77.0988002, 16.4930163], [77.0984911, 16.4932512], [77.098271, 16.4934409], [77.0976574, 16.4937345], [77.0976574, 16.4937346], [77.0974747, 16.4938023], [77.0973796, 16.4938112], [77.0973296, 16.4938158], [77.0969737, 16.4938067], [77.0968029, 16.4937879], [77.0966458, 16.4937705], [77.0959153, 16.4937207], [77.0958103, 16.4937138], [77.0955734, 16.493698], [77.0952073, 16.4936562], [77.0948616, 16.4936166], [77.0945396, 16.4935821], [77.0945244, 16.4935804], [77.0939109, 16.4935261], [77.0936206, 16.4934719], [77.0936195, 16.4934718], [77.0930773, 16.4934221], [77.0929488, 16.4934083], [77.0927823, 16.4933904], [77.0925523, 16.4934027], [77.0923608, 16.4934129], [77.0922222, 16.4934391], [77.0921453, 16.4934535], [77.0919891, 16.4935726], [77.0918784, 16.4936568], [77.0915687, 16.4939484], [77.0912882, 16.4942124], [77.0910592, 16.4944846], [77.0907636, 16.4948359], [77.090578, 16.4950326], [77.0901968, 16.4954367], [77.0896836, 16.4958864], [77.0895832, 16.4959743], [77.0890305, 16.4966745], [77.0880327, 16.4981337], [77.0879015, 16.498328], [77.0874658, 16.4986577], [77.0873476, 16.4987337], [77.0872129, 16.4988203], [77.0870156, 16.4989437], [77.08696, 16.4989784], [77.0866181, 16.4991365], [77.0865452, 16.4991691], [77.0864261, 16.4992223], [77.0863331, 16.4992671], [77.086145, 16.4993578], [77.0859062, 16.4994526], [77.0857095, 16.4995248], [77.0856014, 16.4995575], [77.0854846, 16.4995926], [77.0851662, 16.49971], [77.0849367, 16.4997823], [77.0847212, 16.4998229], [77.0844262, 16.4998861], [77.0843241, 16.4999177], [77.0841639, 16.4999674], [77.0839812, 16.5000351], [77.0837517, 16.5001299], [77.0832599, 16.5003783], [77.0830023, 16.5005455], [77.0820289, 16.5009859], [77.0820266, 16.5009873], [77.0820263, 16.5009874], [77.08148, 16.5013244], [77.0801358, 16.5018121], [77.0796305, 16.5020711], [77.0788055, 16.502494], [77.0770256, 16.5034876], [77.0755642, 16.5041153], [77.0746931, 16.5045588], [77.0739763, 16.5049237], [77.0728382, 16.5052442], [77.0718622, 16.5056833], [77.0717843, 16.5057183], [77.0711988, 16.5059124], [77.0707865, 16.5061638], [77.0703322, 16.5064408], [77.0687254, 16.50757], [77.0681332, 16.5081817], [77.0674792, 16.5088573], [77.066425, 16.5101537], [77.0650951, 16.5121712], [77.0648647, 16.5125208], [77.0633794, 16.5143457], [77.0633794, 16.5143458], [77.0628873, 16.5150414], [77.0622032, 16.5160488], [77.0612895, 16.5170199], [77.0596731, 16.5185827], [77.0589102, 16.5191593], [77.0586752, 16.5193369], [77.0582655, 16.5195146], [77.0576446, 16.5197839], [77.0556725, 16.5204067], [77.0545436, 16.5207452], [77.0536021, 16.5208669], [77.0525015, 16.5207129], [77.0525014, 16.5207129], [77.0518927, 16.5205319], [77.0518926, 16.5205319], [77.0518923, 16.5205319], [77.0506375, 16.5203823], [77.0487876, 16.5199479], [77.0469189, 16.5194412], [77.0458043, 16.5190928], [77.0439733, 16.5182969], [77.0428512, 16.5175854], [77.0428511, 16.5175853], [77.0422549, 16.5172073], [77.0406348, 16.5161448], [77.0392442, 16.5150689], [77.0381909, 16.5141468], [77.0381908, 16.5141467], [77.0379273, 16.5138886], [77.0372218, 16.5131975], [77.0348302, 16.5110553], [77.0340992, 16.5102276], [77.0337856, 16.5098389], [77.0327838, 16.508849], [77.0325123, 16.5085687], [77.0314123, 16.5072534], [77.0310499, 16.5067953], [77.0308366, 16.5065257], [77.0306195, 16.506206], [77.0302563, 16.5056715], [77.0299577, 16.5053215], [77.0297087, 16.5050296], [77.0285945, 16.5041345], [77.0275551, 16.5034653], [77.02699, 16.5028891], [77.0267172, 16.5026109], [77.0255797, 16.5015983], [77.0252635, 16.5014888], [77.0239596, 16.5010373], [77.0236491, 16.5009897], [77.0171211, 16.4995805], [77.0132151, 16.4995784], [77.013111, 16.5004433], [77.0130455, 16.5009879], [77.0124657, 16.5027075], [77.0112894, 16.5039765], [77.0109684, 16.5044903], [77.0106768, 16.5049569], [77.0106768, 16.504957], [77.0102424, 16.5056523], [77.009297, 16.5071653], [77.0083097, 16.5092309], [77.0079887, 16.5099026], [77.0077539, 16.5104719], [77.0073554, 16.5114384], [77.0070797, 16.5118559], [77.0068632, 16.5121836], [77.0065633, 16.5126475], [77.0059959, 16.5135251], [77.0055317, 16.5144329], [77.0054308, 16.5149258], [77.0053015, 16.5155579], [77.0051271, 16.5172928], [77.005159, 16.5187025], [77.0053314, 16.5201258], [77.0053724, 16.5219196], [77.0055433, 16.5228027], [77.0057319, 16.5237768], [77.0060499, 16.5246128], [77.0064146, 16.5256206], [77.006657, 16.5275275], [77.0067167, 16.5293709], [77.0068146, 16.5300487], [77.0069459, 16.5304591], [77.0071325, 16.5310429], [77.0074787, 16.5318654], [77.0077964, 16.5331217], [77.0081141, 16.5345361], [77.0087914, 16.537514], [77.0089547, 16.537971], [77.0091047, 16.5383907], [77.0095112, 16.5400943], [77.0099457, 16.5419515], [77.0101045, 16.5427559], [77.010029, 16.5437182], [77.0097707, 16.5447528], [77.0093767, 16.5456471], [77.0080586, 16.5484838], [77.0075574, 16.5496747], [77.0074065, 16.5500332], [77.0071701, 16.5503757], [77.0068392, 16.5508552], [77.0063328, 16.5515146], [77.0052363, 16.5521329], [77.0045847, 16.5525343], [77.0038585, 16.5529815], [77.0017307, 16.5545887], [77.0017306, 16.5545888], [77.000779, 16.555546], [76.9999683, 16.5560199], [76.9999683, 16.55602], [76.9988865, 16.5574865], [76.9986208, 16.5575692], [76.9968645, 16.5582931], [76.9968645, 16.5582932], [76.9958015, 16.5589308], [76.9953899, 16.5594035], [76.9951835, 16.5596405], [76.9943125, 16.5601877], [76.9923827, 16.5606858], [76.9915349, 16.5609122], [76.9882138, 16.5616369], [76.9852204, 16.5620451], [76.9841615, 16.5617745], [76.9834776, 16.5617749], [76.9825504, 16.5616442], [76.9798044, 16.5612571], [76.978847, 16.56095], [76.9784363, 16.5609189], [76.9759858, 16.5601746], [76.9759857, 16.5601746], [76.9740738, 16.5589782], [76.9729438, 16.5571036], [76.9722829, 16.5561777], [76.9705861, 16.5541859], [76.9692637, 16.5514755], [76.9691603, 16.5506759], [76.9688546, 16.5482407], [76.9680519, 16.5445767], [76.9688045, 16.5413233], [76.9691827, 16.5386574], [76.9696491, 16.5344055], [76.9704493, 16.5326882], [76.9713571, 16.5308489], [76.9728513, 16.5279513], [76.9736969, 16.5263115], [76.9745633, 16.5239916], [76.9745764, 16.523954], [76.975437, 16.5216524], [76.9757817, 16.5201319], [76.9762361, 16.5181278], [76.9764252, 16.5172639], [76.9765585, 16.5166547], [76.9763755, 16.5157737], [76.9755217, 16.5132258], [76.9751462, 16.5115768], [76.9752079, 16.5110735], [76.9752908, 16.5103975], [76.9742078, 16.5076767], [76.973401, 16.5056497], [76.9726673, 16.5049778], [76.97133, 16.503753], [76.9709855, 16.5037146], [76.9706012, 16.5036718], [76.9689196, 16.5034846], [76.9685011, 16.503438], [76.968314, 16.5034471], [76.9676038, 16.503482], [76.9647825, 16.5036203], [76.9631055, 16.5034983], [76.9604596, 16.5033057], [76.9589282, 16.5033064], [76.9564554, 16.5031943], [76.9552036, 16.5029651], [76.9542399, 16.5027885], [76.9496732, 16.5015025], [76.9479037, 16.501224], [76.9465216, 16.5010065], [76.9416173, 16.4997453], [76.9412004, 16.499619], [76.9373409, 16.4982059], [76.9365112, 16.4979097], [76.9359499, 16.4977093], [76.9352122, 16.497401], [76.9340482, 16.4969146], [76.9327641, 16.4965169], [76.9321092, 16.4963142], [76.9305215, 16.4957814], [76.9295566, 16.4952846], [76.9286947, 16.4945981], [76.9277439, 16.4939703], [76.9270413, 16.4936587], [76.9265027, 16.4934555], [76.9261096, 16.493283], [76.925669, 16.4930897], [76.924381, 16.49248], [76.9242954, 16.4924412], [76.9241421, 16.4923716], [76.9231914, 16.4918884], [76.922634, 16.4916174], [76.9204628, 16.4904091], [76.9198098, 16.4900457], [76.9180674, 16.4888486], [76.9170698, 16.4879362], [76.9170335, 16.4878979], [76.9159269, 16.48673], [76.9150276, 16.4859847], [76.9145639, 16.4857136], [76.9145218, 16.4856956], [76.9139551, 16.4854291], [76.9130325, 16.4850904], [76.9130324, 16.4850904], [76.9118336, 16.4848873], [76.9113, 16.4848388], [76.9105927, 16.4847745], [76.9095122, 16.4846799], [76.9087382, 16.4846121], [76.9081294, 16.4845716], [76.9076477, 16.4846196], [76.9069493, 16.4846892], [76.9066158, 16.4847277], [76.9063218, 16.4847616], [76.9057552, 16.4849379], [76.9057551, 16.4849379], [76.9054929, 16.485078], [76.9054368, 16.4851277], [76.9047812, 16.4853717], [76.904336, 16.4856058], [76.9041537, 16.4857017], [76.9032078, 16.486122], [76.9030346, 16.4862079], [76.9025335, 16.4863615], [76.9004637, 16.4870214], [76.899451, 16.4873063], [76.8988247, 16.4874825], [76.8972875, 16.4880253], [76.8963803, 16.4883457], [76.894997, 16.4888097], [76.8939686, 16.4891547], [76.8931397, 16.4894258], [76.8910792, 16.4900179], [76.8900583, 16.4903161], [76.8884989, 16.4907997], [76.8883026, 16.4908519], [76.8880915, 16.4909082], [76.8877637, 16.4911025], [76.8870612, 16.4913329], [76.886326, 16.4915453], [76.8846541, 16.4918933], [76.8836192, 16.4921554], [76.8822517, 16.4923813], [76.8807438, 16.4922729], [76.8794934, 16.4920786], [76.8792633, 16.4919864], [76.8788868, 16.4918305], [76.8784771, 16.491663], [76.8778836, 16.4915323], [76.8775124, 16.4914506], [76.8762386, 16.4912925], [76.8746604, 16.4909807], [76.8730073, 16.4904611], [76.8707314, 16.4897426], [76.8698463, 16.4893043], [76.8693608, 16.4890118], [76.8688114, 16.4886807], [76.8682916, 16.4883373], [76.86743, 16.4878041], [76.8674299, 16.4878041], [76.8671231, 16.4874747], [76.8668493, 16.4871806], [76.8664934, 16.4868824], [76.8658753, 16.4861007], [76.8648779, 16.4850117], [76.864049, 16.4841351], [76.8633607, 16.4832178], [76.8632624, 16.4827465], [76.863225, 16.4825672], [76.8631267, 16.4815144], [76.8631642, 16.4808051], [76.8630616, 16.4805734], [76.8629442, 16.4803081], [76.8627803, 16.4794089], [76.862757, 16.4785911], [76.8628431, 16.4784193], [76.8628928, 16.47832], [76.8631165, 16.4780726], [76.8632768, 16.4778953], [76.8639512, 16.4770911], [76.8640844, 16.4768595], [76.8642369, 16.4765941], [76.864546, 16.4757989], [76.8645694, 16.4749721], [76.864621, 16.4741046], [76.8646318, 16.4737525], [76.8646445, 16.4733365], [76.8648495, 16.4720135], [76.8650989, 16.4704042], [76.8651973, 16.4696586], [76.8653238, 16.4687098], [76.865764, 16.4671827], [76.8658998, 16.4668302], [76.8659139, 16.466026], [76.8658593, 16.4654731], [76.8658156, 16.465032], [76.8658625, 16.464544], [76.8659141, 16.4636449], [76.8659141, 16.4630891], [76.8659656, 16.4625334], [76.8659883, 16.4623908], [76.8661108, 16.4616207], [76.8661249, 16.4610424], [76.86605, 16.4604957], [76.8659751, 16.4603059], [76.8656193, 16.459714], [76.8652354, 16.4592079], [76.8650809, 16.4585798], [76.8649171, 16.4580196], [76.864772, 16.4575226], [76.8647719, 16.4575225], [76.864772, 16.4570752], [76.8647465, 16.4569712], [76.8647111, 16.4568267], [76.8646264, 16.4567399], [76.8645613, 16.4566731], [76.8642897, 16.4564246], [76.8636858, 16.456045], [76.863035, 16.4557016], [76.8624544, 16.4552407], [76.8622734, 16.4550618], [76.8620611, 16.4548521], [76.8619928, 16.4547861], [76.8619347, 16.4547301], [76.8618739, 16.4543912], [76.8618739, 16.454093], [76.8619114, 16.4539529], [76.8618597, 16.4536704], [76.861799, 16.4533384], [76.8617736, 16.4531637], [76.8617522, 16.4530176], [76.8615041, 16.4525296], [76.8609751, 16.4516982], [76.8608541, 16.4514868], [76.8604087, 16.4507087], [76.859964, 16.4498999], [76.8599639, 16.4498999], [76.8586344, 16.447984], [76.8584518, 16.44774], [76.8583395, 16.4476044], [76.8579511, 16.4468176], [76.8572067, 16.445309], [76.8550159, 16.442024], [76.8544541, 16.4412875], [76.8538128, 16.4406729], [76.8519684, 16.4386395], [76.8519684, 16.4386394], [76.851182, 16.4377131], [76.8494547, 16.4360908], [76.8482563, 16.4348708], [76.8482563, 16.4348707], [76.8469034, 16.4340889], [76.8458548, 16.4336414], [76.8449138, 16.4332572], [76.8444129, 16.4330312], [76.8441803, 16.4328597], [76.8436593, 16.4324753], [76.843357, 16.4322408], [76.8431818, 16.4321048], [76.8424983, 16.4315534], [76.8418571, 16.4309885], [76.8412111, 16.4305908], [76.8410098, 16.4304417], [76.8404808, 16.4301795], [76.8404479, 16.4301672], [76.8403966, 16.4301478], [76.8399144, 16.4299354], [76.8391514, 16.4295422], [76.8376347, 16.4288461], [76.8362912, 16.4282766], [76.8353979, 16.4280213], [76.8351677, 16.4279555], [76.8350377, 16.4279481], [76.834133, 16.4278966], [76.8335582, 16.4277051], [76.8333185, 16.4276253], [76.8319001, 16.4270873], [76.8317457, 16.427024], [76.8317456, 16.427024], [76.8311746, 16.4267167], [76.8311745, 16.4267167], [76.8302477, 16.4263189], [76.8297983, 16.4261154], [76.8296018, 16.4259934], [76.8294894, 16.4259482], [76.8288575, 16.4257673], [76.8279446, 16.4256812], [76.8276198, 16.4257461], [76.8272891, 16.4258121], [76.8261609, 16.4258389], [76.8244053, 16.425843], [76.8240589, 16.425843], [76.8237368, 16.4257028], [76.8235393, 16.4256169], [76.82287, 16.4250474], [76.8218823, 16.4246089], [76.8217543, 16.4245932], [76.8214751, 16.4245591], [76.8203374, 16.4245814], [76.8194736, 16.4243818], [76.8191625, 16.4243099], [76.8186751, 16.4241544], [76.8180858, 16.4239663], [76.8171497, 16.4236226], [76.8145797, 16.4230796], [76.8135171, 16.423007], [76.813517, 16.423007], [76.8110267, 16.4222336], [76.8106851, 16.4221973], [76.8105255, 16.4221766], [76.8104417, 16.4221657], [76.8104416, 16.4221657], [76.810362, 16.4221657], [76.8095896, 16.4221338], [76.8088406, 16.4220386], [76.8079558, 16.4220609], [76.8075126, 16.4220535], [76.8068557, 16.4220425], [76.8067509, 16.4220361], [76.8067059, 16.4220334], [76.8061114, 16.421979], [76.8044542, 16.4217073], [76.8027503, 16.421413], [76.8001384, 16.4206711], [76.8001383, 16.4206711], [76.7997311, 16.4205354], [76.7993801, 16.4204404], [76.7990899, 16.4203499], [76.7989822, 16.4203408], [76.7982894, 16.4201734], [76.7967728, 16.4199153], [76.7962706, 16.4198012], [76.7959162, 16.4197206], [76.7955558, 16.4195669], [76.7944652, 16.4190423], [76.7931031, 16.4186577], [76.7926304, 16.418522], [76.7922418, 16.4184767], [76.7914695, 16.418386], [76.7906362, 16.4183721], [76.7906361, 16.4183721], [76.7902055, 16.4183719], [76.7898029, 16.4183762], [76.7897399, 16.4183762], [76.7896999, 16.4183762], [76.7895903, 16.4183691], [76.7894191, 16.418358], [76.7892025, 16.4182994], [76.7891911, 16.4182963], [76.788951, 16.4182313], [76.7888365, 16.4182362], [76.7887403, 16.4182402], [76.7886046, 16.4182266], [76.7872189, 16.4181312], [76.7869522, 16.4180457], [76.7862875, 16.4178326], [76.785487, 16.4177599], [76.7852243, 16.4178087], [76.7848316, 16.4178816], [76.7839746, 16.4185093], [76.7834688, 16.4188299], [76.7824434, 16.4192225], [76.7817505, 16.4194345], [76.7807111, 16.4195967], [76.7799152, 16.4197364], [76.779514, 16.4198348], [76.779124, 16.4199303], [76.7786557, 16.4202554], [76.7781687, 16.4205941], [76.7781686, 16.4205941], [76.7771713, 16.4211268], [76.7771712, 16.4211268], [76.7759959, 16.421813], [76.7759958, 16.421813], [76.7753403, 16.4221877], [76.7753402, 16.4221877], [76.7747549, 16.422463], [76.7742864, 16.4227495], [76.7741789, 16.4228151], [76.7741789, 16.4228152], [76.7738278, 16.4229866], [76.7736873, 16.4230724], [76.7736076, 16.4231402], [76.7730331, 16.4234465], [76.7729895, 16.4234697], [76.7720623, 16.4240295], [76.771238, 16.4245668], [76.7709412, 16.4247596], [76.7705637, 16.4250047], [76.7698097, 16.4254787], [76.7698097, 16.4254788], [76.7695193, 16.4256503], [76.7686905, 16.4259707], [76.7683877, 16.4260883], [76.7678196, 16.4263091], [76.7666349, 16.4267829], [76.7642235, 16.4274548], [76.7623972, 16.4283213], [76.7614186, 16.428628], [76.7607912, 16.4286412], [76.7599629, 16.4280941], [76.7599629, 16.428094], [76.759751, 16.4280107], [76.7593076, 16.4278362], [76.7586523, 16.4276189], [76.7585843, 16.4275812], [76.7579504, 16.4272299], [76.7573093, 16.4267868], [76.7559195, 16.4257151], [76.7549308, 16.4248601], [76.7529811, 16.4231741], [76.7504362, 16.4204436], [76.7489161, 16.4183795], [76.7486669, 16.4177338], [76.7483086, 16.4168058], [76.7477602, 16.4155816], [76.747632, 16.4152478], [76.7472397, 16.4142265], [76.7467144, 16.4126047], [76.7460677, 16.4112903], [76.7460676, 16.4112902], [76.7456131, 16.4104953], [76.7449715, 16.4100077], [76.7449714, 16.4100076], [76.7448992, 16.4099609], [76.7442737, 16.4095562], [76.7435406, 16.4093423], [76.7428364, 16.4091368], [76.7419224, 16.4088363], [76.7414645, 16.4086857], [76.7399335, 16.4082076], [76.7389874, 16.4077482], [76.738688, 16.4076028], [76.7369932, 16.4071926], [76.7364831, 16.4070933], [76.7356262, 16.4069267], [76.7342826, 16.4065704], [76.7342825, 16.4065704], [76.7341448, 16.4065337], [76.7340625, 16.4065118], [76.7337095, 16.4063531], [76.7333696, 16.4062004], [76.7328498, 16.4059657], [76.7318618, 16.4053291], [76.7303916, 16.4046656], [76.7283127, 16.4036726], [76.7262713, 16.4027022], [76.7250318, 16.4021842], [76.7245109, 16.4019665], [76.7229471, 16.4012127], [76.7221399, 16.4008885], [76.7201708, 16.4000979], [76.7179656, 16.3990145], [76.7162427, 16.3982561], [76.7153835, 16.3979168], [76.7144824, 16.397561], [76.7133354, 16.3971097], [76.7113551, 16.3964146], [76.7109697, 16.3962427], [76.709665, 16.3956608], [76.7082278, 16.3950875], [76.7076235, 16.3948007], [76.7064394, 16.3942387], [76.7054393, 16.3937926], [76.7047493, 16.3934848], [76.7040653, 16.3932493], [76.7034385, 16.3930334], [76.7026146, 16.3927672], [76.7026146, 16.3927671], [76.7015894, 16.392257], [76.7007279, 16.3918009], [76.7000537, 16.3913448], [76.6991923, 16.39083], [76.6991639, 16.3908048], [76.6986117, 16.3903151], [76.6979094, 16.3897641], [76.6970432, 16.3890641], [76.6962754, 16.3883956], [76.6953203, 16.387664], [76.6953202, 16.3876639], [76.6941311, 16.386842], [76.6929841, 16.3860246], [76.6903906, 16.3845659], [76.6891126, 16.3838072], [76.6885261, 16.3834555], [76.6882466, 16.3832879], [76.6870341, 16.3826195], [76.6870189, 16.3826107], [76.6870107, 16.382606], [76.6848948, 16.3815041], [76.6831066, 16.380628], [76.6814448, 16.3798106], [76.6804853, 16.3794223], [76.6804852, 16.3794223], [76.6796567, 16.3790882], [76.6785052, 16.378605], [76.6770073, 16.3779683], [76.6770073, 16.3779682], [76.6767247, 16.37779], [76.676087, 16.3773875], [76.6755328, 16.3770378], [76.6750842, 16.3768041], [76.6741894, 16.3763378], [76.6733281, 16.375981], [76.6722562, 16.3756243], [76.6721486, 16.3755882], [76.6703981, 16.3753581], [76.6689331, 16.3749653], [76.6674961, 16.3744279], [76.6667274, 16.3739962], [76.665928, 16.3735471], [76.6657455, 16.3734207], [76.6641072, 16.3723004], [76.6641071, 16.3723004], [76.6627918, 16.3711485], [76.6625044, 16.3708918], [76.6612892, 16.3698068], [76.6604514, 16.3689981], [76.659459, 16.3679591], [76.6588513, 16.3675887], [76.658214, 16.3672002], [76.6576558, 16.3668382], [76.6567723, 16.3662651], [76.655649, 16.3651989], [76.6552946, 16.3648695], [76.6545022, 16.3641328], [76.6538937, 16.3636132], [76.6533789, 16.3634009], [76.6528407, 16.363654], [76.6526817, 16.363898], [76.6526816, 16.363898], [76.652424, 16.3642071], [76.6523728, 16.3642685], [76.6523728, 16.3642686], [76.6521482, 16.3641782], [76.6520551, 16.3640406], [76.6518579, 16.363749], [76.6517236, 16.363223], [76.6516941, 16.3631074], [76.6514927, 16.3624026], [76.6511417, 16.3618785], [76.6509846, 16.3616588], [76.6508187, 16.3614267], [76.650243, 16.3609704], [76.6495082, 16.3607807], [76.6493486, 16.3607328]]]}, "properties": {"level": "taluka", "name": "Devadurga", "parent_level": "district", "parent_name": "Raichur"}}, {"type": "Feature", "geometry": {"type": "Polygon", "coordinates": [[[76.7699715, 16.1356838], [76.777234, 16.1281011], [76.7782545, 16.1213946], [76.7749742, 16.1081276], [76.7732976, 16.1000361], [76.7712565, 16.0845092], [76.7778172, 16.0840719], [76.7953851, 16.0875709], [76.7976449, 16.0715338], [76.8020186, 16.0501752], [76.8265846, 16.0473323], [76.8519524, 16.0452912], [76.8519524, 16.034211], [76.8649279, 16.0322428], [76.8717801, 16.0299831], [76.9143513, 16.0420838], [76.9124561, 16.0597247], [76.9317006, 16.0620573], [76.9719392, 16.0632237], [76.9809783, 16.0623489], [76.993808, 16.0487903], [77.030985, 16.0458744], [77.0702031, 16.0467492], [77.0748684, 16.0578294], [77.0783674, 16.0655564], [77.0951335, 16.0753244], [77.1234172, 16.079115], [77.1183144, 16.0899036], [77.1279367, 16.0955895], [77.1521382, 16.0920905], [77.1741528, 16.0963185], [77.2173073, 16.0919447], [77.249878, 16.0891591], [77.2492344, 16.0965452], [77.2507299, 16.1112954], [77.2553066, 16.1244168], [77.2570943, 16.1309915], [77.2661403, 16.1310602], [77.2659825, 16.1452853], [77.2569166, 16.1655206], [77.2484249, 16.1677483], [77.2361252, 16.1763333], [77.234552, 16.1801106], [77.2113359, 16.1827203], [77.1930294, 16.1798359], [77.1784414, 16.1821709], [77.1740078, 16.1846432], [77.1703639, 16.190757], [77.1514809, 16.1914887], [77.1276321, 16.1938736], [77.1194157, 16.2042551], [77.1186571, 16.2066483], [77.1221247, 16.2084172], [77.1188739, 16.2109145], [77.1096091, 16.2122671], [77.1080921, 16.2180418], [77.0921091, 16.2187181], [77.0840237, 16.1972582], [77.0840237, 16.1766546], [77.0740628, 16.1806283], [77.0677799, 16.1949036], [77.0627228, 16.1976997], [77.0461725, 16.1976997], [77.0454063, 16.1924018], [77.0003293, 16.1979992], [76.997512, 16.1928483], [76.9873765, 16.1977569], [76.9829338, 16.1977569], [76.9788161, 16.1919296], [76.9729647, 16.1942189], [76.9661381, 16.2018151], [76.9543269, 16.2043125], [76.9560606, 16.1940108], [76.9320164, 16.1995444], [76.93148, 16.1928117], [76.9269668, 16.1916196], [76.9149821, 16.1951337], [76.9026855, 16.1980053], [76.8965843, 16.2017383], [76.8927971, 16.1991844], [76.8780523, 16.1908836], [76.8679644, 16.1880912], [76.8671992, 16.1948336], [76.8491084, 16.1977638], [76.8438326, 16.2069335], [76.8379834, 16.2109223], [76.8341428, 16.2188453], [76.8160269, 16.2200887], [76.8073769, 16.223095], [76.7946406, 16.2249104], [76.7877516, 16.2198262], [76.7817571, 16.212389], [76.7713127, 16.1901906], [76.7739846, 16.1779022], [76.7750002, 16.1732309], [76.7749383, 16.1698817], [76.7748356, 16.164319], [76.7730165, 16.1565803], [76.7732778, 16.1483449], [76.7699715, 16.1356838]]]}, "properties": {"level": "taluka", "name": "Sirwar", "parent_level": "district", "parent_name": "Raichur"}}, {"type": "Feature", "geometry": {"type": "Polygon", "coordinates": [[[76.4421808, 15.8240386], [76.4495663, 15.8179285], [76.4541588, 15.8069212], [76.4599176, 15.8003605], [76.4596989, 15.7906653], [76.4809845, 15.7812618], [76.4850667, 15.7816262], [76.4937413, 15.7839589], [76.5063523, 15.7818449], [76.5258885, 15.7905196], [76.5351463, 15.7995587], [76.5508189, 15.7982465], [76.5723961, 15.7908111], [76.5995135, 15.7893532], [76.6083339, 15.8236872], [76.6197786, 15.8241246], [76.6227673, 15.8365169], [76.6345765, 15.8339656], [76.6374194, 15.8376104], [76.6443445, 15.8362983], [76.648937, 15.8318516], [76.6668694, 15.8284984], [76.6791159, 15.8276236], [76.6861139, 15.8282797], [76.6877177, 15.8478158], [76.6885195, 15.8777032], [76.7115547, 15.8817854], [76.7252591, 15.8853573], [76.7404944, 15.8822228], [76.7418794, 15.8990617], [76.7566773, 15.8973122], [76.7567502, 15.8795985], [76.7684865, 15.8795256], [76.7665183, 15.8572923], [76.7724228, 15.856782], [76.7733705, 15.8686641], [76.7782545, 15.8822957], [76.7903553, 15.8814209], [76.7913758, 15.8851386], [76.790574, 15.8948338], [76.8082877, 15.8941777], [76.8093082, 15.9059869], [76.8100372, 15.9165568], [76.8118674, 15.9321276], [76.8036985, 15.9328593], [76.8030039, 15.9348412], [76.8021498, 15.9363513], [76.8014059, 15.9378614], [76.8001386, 15.9393185], [76.7983377, 15.9404735], [76.7947905, 15.9447685], [76.7901159, 15.9487569], [76.7864029, 15.950778], [76.7824681, 15.9525857], [76.7792882, 15.9539897], [76.7744599, 15.9547517], [76.7760402, 15.9622234], [76.7896064, 15.9665125], [76.7903449, 15.9715147], [76.7938696, 15.9750324], [76.7942355, 15.9780436], [76.81842, 15.9773523], [76.8644903, 15.9805597], [76.8604081, 16.0097181], [76.8717801, 16.0299831], [76.8649279, 16.0322428], [76.8519524, 16.034211], [76.8519524, 16.0452912], [76.8265846, 16.0473323], [76.8020186, 16.0501752], [76.7976449, 16.0715338], [76.7953851, 16.0875709], [76.7778172, 16.0840719], [76.7712565, 16.0845092], [76.7732976, 16.1000361], [76.7749742, 16.1081276], [76.7782545, 16.1213946], [76.777234, 16.1281011], [76.7699715, 16.1356838], [76.7581881, 16.1413242], [76.7339507, 16.152551], [76.7103862, 16.1571234], [76.7100568, 16.1544109], [76.698029, 16.1546024], [76.6942693, 16.1461162], [76.6885606, 16.1445685], [76.6900402, 16.1360777], [76.6936259, 16.1257557], [76.6915208, 16.1230144], [76.6837135, 16.1222074], [76.6814312, 16.1158625], [76.6695842, 16.1181219], [76.6658816, 16.1129327], [76.6592538, 16.1094442], [76.6562557, 16.0872401], [76.6501686, 16.0839766], [76.6468542, 16.078319], [76.6426737, 16.0786048], [76.6342485, 16.0791149], [76.6248084, 16.0862587], [76.6136189, 16.0910334], [76.6129628, 16.1021136], [76.6090993, 16.1032799], [76.611432, 16.1152713], [76.6025387, 16.1173853], [76.5846427, 16.1216862], [76.5840595, 16.1165835], [76.5813988, 16.1156358], [76.5781185, 16.1059406], [76.575312, 16.1033164], [76.5717766, 16.0967557], [76.5676579, 16.0963913], [76.5539535, 16.0984324], [76.551475, 16.0894661], [76.5484134, 16.0894297], [76.5479396, 16.084983], [76.5460443, 16.0849466], [76.5459714, 16.0790785], [76.529023, 16.0778757], [76.5236287, 16.0798074], [76.5145532, 16.0792607], [76.5000469, 16.0791878], [76.4932675, 16.0786411], [76.4860144, 16.079042], [76.482406, 16.0814111], [76.4736221, 16.0823588], [76.4703053, 16.0782402], [76.4660773, 16.0767822], [76.4637082, 16.0736113], [76.4595531, 16.070258], [76.4549607, 16.0595788], [76.4509878, 16.0536742], [76.4477075, 16.0409903], [76.455398, 16.0368352], [76.4548878, 16.0352315], [76.4555438, 16.0340652], [76.4580952, 16.0328988], [76.4587877, 16.0296185], [76.4606101, 16.0265204], [76.4665876, 16.0256092], [76.4654577, 16.023313], [76.4714352, 16.0210897], [76.4735856, 16.0217093], [76.475736, 16.0225476], [76.4783967, 16.0238597], [76.4818958, 16.0255728], [76.4866704, 16.0221831], [76.4898779, 16.0227298], [76.4904975, 16.0202514], [76.4897321, 16.0176271], [76.4893312, 16.0164243], [76.4899872, 16.0144926], [76.4896592, 16.0112123], [76.4853219, 16.0122692], [76.483135, 16.009973], [76.4800734, 16.0098272], [76.4762828, 16.0051619], [76.4744239, 16.0029386], [76.4733305, 16.0010797], [76.4731482, 15.9990022], [76.4718361, 15.9965966], [76.4701959, 15.9933527], [76.4720183, 15.9909836], [76.4724557, 15.9862454], [76.470852, 15.9847874], [76.4654941, 15.9855528], [76.4567102, 15.9799763], [76.4550336, 15.9676933], [76.4550336, 15.9630644], [76.4566008, 15.9572327], [76.452628, 15.9573056], [76.4487645, 15.9579617], [76.447744, 15.955629], [76.4494206, 15.9513646], [76.4466141, 15.94546], [76.4439169, 15.9380611], [76.4444636, 15.9352546], [76.4457758, 15.9319014], [76.4522635, 15.928621], [76.4520813, 15.9249398], [76.4537943, 15.9183427], [76.4593709, 15.9131306], [76.4675717, 15.9058046], [76.4680091, 15.9035448], [76.4653848, 15.895672], [76.4613026, 15.8847012], [76.4707791, 15.8828423], [76.4858321, 15.8787237], [76.494361, 15.878177], [76.4946161, 15.8739126], [76.4941605, 15.8721631], [76.4928302, 15.8684089], [76.501359, 15.8658575], [76.5000351, 15.8637852], [76.4950781, 15.8530791], [76.4835904, 15.8510355], [76.4699782, 15.852625], [76.4588052, 15.8576205], [76.4556449, 15.8595851], [76.4507997, 15.8538358], [76.4485768, 15.8539156], [76.447011, 15.8540059], [76.4471067, 15.8539604], [76.4478478, 15.8537596], [76.451179, 15.8489508], [76.4513656, 15.8484447], [76.451458, 15.8459234], [76.4509577, 15.8437004], [76.4502339, 15.8427608], [76.4500138, 15.8406915], [76.449453, 15.838848], [76.4488547, 15.8364173], [76.4480983, 15.8355951], [76.4449889, 15.833495], [76.4456466, 15.8322522], [76.4439558, 15.8286063], [76.4421808, 15.8240386]]]}, "properties": {"level": "taluka", "name": "Maski", "parent_level": "district", "parent_name": "Raichur"}}, {"type": "Feature", "geometry": {"type": "Polygon", "coordinates": [[[76.82990989999999, 15.6632271], [76.8327099, 15.6632271], [76.8327099, 15.6660271], [76.82990989999999, 15.6660271], [76.82990989999999, 15.6632271]]]}, "properties": {"level": "village", "name": "Salagunda", "parent_level": "taluka", "parent_name": "Sindhanur"}}, {"type": "Feature", "geometry": {"type": "Polygon", "coordinates": [[[76.5962263, 15.760668899999999], [76.5990263, 15.760668899999999], [76.5990263, 15.7634689], [76.5962263, 15.7634689], [76.5962263, 15.760668899999999]]]}, "properties": {"level": "village", "name": "Turavihala", "parent_level": "taluka", "parent_name": "Sindhanur"}}, {"type": "Feature", "geometry": {"type": "Polygon", "coordinates": [[[76.75359259999999, 15.7671584], [76.7563926, 15.7671584], [76.7563926, 15.7699584], [76.75359259999999, 15.7699584], [76.75359259999999, 15.7671584]]]}, "properties": {"level": "village", "name": "Sindhanur", "parent_level": "taluka", "parent_name": "Sindhanur"}}, {"type": "Feature", "geometry": {"type": "Polygon", "coordinates": [[[76.61198449999999, 15.8636187], [76.6147845, 15.8636187], [76.6147845, 15.8664187], [76.61198449999999, 15.8664187], [76.61198449999999, 15.8636187]]]}, "properties": {"level": "village", "name": "Gudagaladinni", "parent_level": "taluka", "parent_name": "Maski"}}, {"type": "Feature", "geometry": {"type": "Polygon", "coordinates": [[[76.8127525, 15.8649913], [76.81555250000001, 15.8649913], [76.81555250000001, 15.8677913], [76.8127525, 15.8677913], [76.8127525, 15.8649913]]]}, "properties": {"level": "village", "name": "Jawalagera", "parent_level": "taluka", "parent_name": "Sindhanur"}}, {"type": "Feature", "geometry": {"type": "Polygon", "coordinates": [[[76.65596289999999, 15.957198], [76.6587629, 15.957198], [76.6587629, 15.959998], [76.65596289999999, 15.959998], [76.65596289999999, 15.957198]]]}, "properties": {"level": "village", "name": "Maski", "parent_level": "taluka", "parent_name": "Maski"}}, {"type": "Feature", "geometry": {"type": "Polygon", "coordinates": [[[77.04671809999999, 15.9953483], [77.0495181, 15.9953483], [77.0495181, 15.9981483], [77.04671809999999, 15.9981483], [77.04671809999999, 15.9953483]]]}, "properties": {"level": "village", "name": "Manvi", "parent_level": "taluka", "parent_name": "Manvi"}}, {"type": "Feature", "geometry": {"type": "Polygon", "coordinates": [[[76.4396153, 16.011047], [76.44241530000001, 16.011047], [76.44241530000001, 16.013847000000002], [76.4396153, 16.013847000000002], [76.4396153, 16.011047]]]}, "properties": {"level": "village", "name": "Mudagal", "parent_level": "taluka", "parent_name": "Lingsugur"}}, {"type": "Feature", "geometry": {"type": "Polygon", "coordinates": [[[77.4125665, 16.0684798], [77.4153665, 16.0684798], [77.4153665, 16.0712798], [77.4125665, 16.0712798], [77.4125665, 16.0684798]]]}, "properties": {"level": "village", "name": "Yeregara", "parent_level": "taluka", "parent_name": "Raichur"}}, {"type": "Feature", "geometry": {"type": "Polygon", "coordinates": [[[76.79290619999999, 16.106014599999998], [76.7957062, 16.106014599999998], [76.7957062, 16.1088146], [76.79290619999999, 16.1088146], [76.79290619999999, 16.106014599999998]]]}, "properties": {"level": "village", "name": "Kavitala", "parent_level": "taluka", "parent_name": "Sirwar"}}, {"type": "Feature", "geometry": {"type": "Polygon", "coordinates": [[[77.3619355, 16.1515582], [77.36473550000001, 16.1515582], [77.36473550000001, 16.1543582], [77.3619355, 16.1543582], [77.3619355, 16.1515582]]]}, "properties": {"level": "village", "name": "Maliyabad", "parent_level": "taluka", "parent_name": "Raichur"}}, {"type": "Feature", "geometry": {"type": "Polygon", "coordinates": [[[77.2078093, 16.1376426], [77.2106093, 16.1376426], [77.2106093, 16.1404426], [77.2078093, 16.1404426], [77.2078093, 16.1376426]]]}, "properties": {"level": "village", "name": "Kallura", "parent_level": "taluka", "parent_name": "Sirwar"}}, {"type": "Feature", "geometry": {"type": "Polygon", "coordinates": [[[76.52279999999999, 16.1549], [76.5256, 16.1549], [76.5256, 16.157700000000002], [76.52279999999999, 16.157700000000002], [76.52279999999999, 16.1549]]]}, "properties": {"level": "village", "name": "Lingasugur", "parent_level": "taluka", "parent_name": "Lingsugur"}}, {"type": "Feature", "geometry": {"type": "Polygon", "coordinates": [[[77.02014, 16.1739157], [77.02294, 16.1739157], [77.02294, 16.1767157], [77.02014, 16.1767157], [77.02014, 16.1739157]]]}, "properties": {"level": "village", "name": "Siravara", "parent_level": "taluka", "parent_name": "Sirwar"}}, {"type": "Feature", "geometry": {"type": "Polygon", "coordinates": [[[76.9690373, 16.1627369], [76.9718373, 16.1627369], [76.9718373, 16.1655369], [76.9690373, 16.1655369], [76.9690373, 16.1627369]]]}, "properties": {"level": "village", "name": "Nawalakal", "parent_level": "taluka", "parent_name": "Sirwar"}}, {"type": "Feature", "geometry": {"type": "Polygon", "coordinates": [[[77.2048659, 16.1962216], [77.20766590000001, 16.1962216], [77.20766590000001, 16.199021600000002], [77.2048659, 16.199021600000002], [77.2048659, 16.1962216]]]}, "properties": {"level": "village", "name": "Kalamala", "parent_level": "taluka", "parent_name": "Raichur"}}, {"type": "Feature", "geometry": {"type": "Polygon", "coordinates": [[[76.8188476, 16.1903448], [76.8216476, 16.1903448], [76.8216476, 16.1931448], [76.8188476, 16.1931448], [76.8188476, 16.1903448]]]}, "properties": {"level": "village", "name": "Hira", "parent_level": "taluka", "parent_name": "Sirwar"}}, {"type": "Feature", "geometry": {"type": "Polygon", "coordinates": [[[77.3513444, 16.1969225], [77.35414440000001, 16.1969225], [77.35414440000001, 16.1997225], [77.3513444, 16.1997225], [77.3513444, 16.1969225]]]}, "properties": {"level": "village", "name": "Raichur", "parent_level": "taluka", "parent_name": "Raichur"}}, {"type": "Feature", "geometry": {"type": "Polygon", "coordinates": [[[77.35142069999999, 16.259006], [77.3542207, 16.259006], [77.3542207, 16.261806], [77.35142069999999, 16.261806], [77.35142069999999, 16.259006]]]}, "properties": {"level": "village", "name": "Yeramarasa", "parent_level": "taluka", "parent_name": "Raichur"}}, {"type": "Feature", "geometry": {"type": "Polygon", "coordinates": [[[76.62885709999999, 16.2861775], [76.6316571, 16.2861775], [76.6316571, 16.2889775], [76.62885709999999, 16.2889775], [76.62885709999999, 16.2861775]]]}, "properties": {"level": "village", "name": "Gurugunta", "parent_level": "taluka", "parent_name": "Lingsugur"}}, {"type": "Feature", "geometry": {"type": "Polygon", "coordinates": [[[77.1551884, 16.306813], [77.15798840000001, 16.306813], [77.15798840000001, 16.309613], [77.1551884, 16.309613], [77.1551884, 16.306813]]]}, "properties": {"level": "village", "name": "Gabburu", "parent_level": "taluka", "parent_name": "Devadurga"}}, {"type": "Feature", "geometry": {"type": "Polygon", "coordinates": [[[76.7794528, 16.3637178], [76.78225280000001, 16.3637178], [76.78225280000001, 16.3665178], [76.7794528, 16.3665178], [76.7794528, 16.3637178]]]}, "properties": {"level": "village", "name": "Jalahalli", "parent_level": "taluka", "parent_name": "Devadurga"}}, {"type": "Feature", "geometry": {"type": "Polygon", "coordinates": [[[77.3626464, 16.370299499999998], [77.36544640000001, 16.370299499999998], [77.36544640000001, 16.3730995], [77.3626464, 16.3730995], [77.3626464, 16.370299499999998]]]}, "properties": {"level": "village", "name": "Devasuguru", "parent_level": "taluka", "parent_name": "Raichur"}}, {"type": "Feature", "geometry": {"type": "Polygon", "coordinates": [[[76.9306221, 16.4161742], [76.9334221, 16.4161742], [76.9334221, 16.4189742], [76.9306221, 16.4189742], [76.9306221, 16.4161742]]]}, "properties": {"level": "village", "name": "Devadurga", "parent_level": "taluka", "parent_name": "Devadurga"}}, {"type": "Feature", "geometry": {"type": "Polygon", "coordinates": [[[76.7605734, 15.7428583], [76.7633734, 15.7428583], [76.7633734, 15.7456583], [76.7605734, 15.7456583], [76.7605734, 15.7428583]]]}, "properties": {"level": "village", "name": "Hosahalli", "parent_level": "taluka", "parent_name": "Sindhanur"}}, {"type": "Feature", "geometry": {"type": "Polygon", "coordinates": [[[76.7496993, 15.955325799999999], [76.75249930000001, 15.955325799999999], [76.75249930000001, 15.9581258], [76.7496993, 15.9581258], [76.7496993, 15.955325799999999]]]}, "properties": {"level": "village", "name": "Balaganuru", "parent_level": "taluka", "parent_name": "Maski"}}, {"type": "Feature", "geometry": {"type": "Polygon", "coordinates": [[[77.2599415, 16.1049055], [77.2627415, 16.1049055], [77.2627415, 16.1077055], [77.2599415, 16.1077055], [77.2599415, 16.1049055]]]}, "properties": {"level": "village", "name": "Dinni", "parent_level": "taluka", "parent_name": "Raichur"}}, {"type": "Feature", "geometry": {"type": "Polygon", "coordinates": [[[77.2945872, 16.0285682], [77.2973872, 16.0285682], [77.2973872, 16.0313682], [77.2945872, 16.0313682], [77.2945872, 16.0285682]]]}, "properties": {"level": "village", "name": "Matamari", "parent_level": "taluka", "parent_name": "Raichur"}}, {"type": "Feature", "geometry": {"type": "Polygon", "coordinates": [[[77.4504065, 16.2443941], [77.45320650000001, 16.2443941], [77.45320650000001, 16.2471941], [77.4504065, 16.2471941], [77.4504065, 16.2443941]]]}, "properties": {"level": "village", "name": "Chandrabanda", "parent_level": "taluka", "parent_name": "Raichur"}}, {"type": "Feature", "geometry": {"type": "Polygon", "coordinates": [[[77.2106249, 16.0500305], [77.2134249, 16.0500305], [77.2134249, 16.0528305], [77.2106249, 16.0528305], [77.2106249, 16.0500305]]]}, "properties": {"level": "village", "name": "Kurdi", "parent_level": "taluka", "parent_name": "Manvi"}}, {"type": "Feature", "geometry": {"type": "Polygon", "coordinates": [[[76.6251284, 15.774151699999999], [76.6279284, 15.774151699999999], [76.6279284, 15.7769517], [76.6251284, 15.7769517], [76.6251284, 15.774151699999999]]]}, "properties": {"level": "village", "name": "Gunjalli", "parent_level": "taluka", "parent_name": "Sindhanur"}}, {"type": "Feature", "geometry": {"type": "Polygon", "coordinates": [[[76.6822356, 15.7748115], [76.6850356, 15.7748115], [76.6850356, 15.7776115], [76.6822356, 15.7776115], [76.6822356, 15.7748115]]]}, "properties": {"level": "village", "name": "Arahalli", "parent_level": "taluka", "parent_name": "Sindhanur"}}, {"type": "Feature", "geometry": {"type": "Polygon", "coordinates": [[[76.8694725, 15.7650505], [76.87227250000001, 15.7650505], [76.87227250000001, 15.7678505], [76.8694725, 15.7678505], [76.8694725, 15.7650505]]]}, "properties": {"level": "village", "name": "Alabanuru", "parent_level": "taluka", "parent_name": "Sindhanur"}}, {"type": "Feature", "geometry": {"type": "Polygon", "coordinates": [[[76.7192754, 15.691167499999999], [76.72207540000001, 15.691167499999999], [76.72207540000001, 15.6939675], [76.7192754, 15.6939675], [76.7192754, 15.691167499999999]]]}, "properties": {"level": "village", "name": "Gorebal", "parent_level": "taluka", "parent_name": "Sindhanur"}}, {"type": "Feature", "geometry": {"type": "Polygon", "coordinates": [[[76.54188669999999, 15.7240194], [76.5446867, 15.7240194], [76.5446867, 15.7268194], [76.54188669999999, 15.7268194], [76.54188669999999, 15.7240194]]]}, "properties": {"level": "village", "name": "Kalamangi", "parent_level": "taluka", "parent_name": "Sindhanur"}}, {"type": "Feature", "geometry": {"type": "Polygon", "coordinates": [[[76.8167503, 15.557921799999999], [76.8195503, 15.557921799999999], [76.8195503, 15.5607218], [76.8167503, 15.5607218], [76.8167503, 15.557921799999999]]]}, "properties": {"level": "village", "name": "Sangapura", "parent_level": "taluka", "parent_name": "Sindhanur"}}, {"type": "Feature", "geometry": {"type": "Polygon", "coordinates": [[[76.95100719999999, 15.960954899999999], [76.9538072, 15.960954899999999], [76.9538072, 15.9637549], [76.95100719999999, 15.9637549], [76.95100719999999, 15.960954899999999]]]}, "properties": {"level": "village", "name": "Hire Kotankal", "parent_level": "taluka", "parent_name": "Manvi"}}, {"type": "Feature", "geometry": {"type": "Polygon", "coordinates": [[[76.5371411, 15.8784382], [76.53994110000001, 15.8784382], [76.53994110000001, 15.8812382], [76.5371411, 15.8812382], [76.5371411, 15.8784382]]]}, "properties": {"level": "village", "name": "Talekhana", "parent_level": "taluka", "parent_name": "Maski"}}, {"type": "Feature", "geometry": {"type": "Polygon", "coordinates": [[[76.6666329, 16.2009654], [76.6694329, 16.2009654], [76.6694329, 16.2037654], [76.6666329, 16.2037654], [76.6666329, 16.2009654]]]}, "properties": {"level": "village", "name": "Hutti", "parent_level": "taluka", "parent_name": "Lingsugur"}}, {"type": "Feature", "geometry": {"type": "Polygon", "coordinates": [[[76.5078094, 16.1596242], [76.5106094, 16.1596242], [76.5106094, 16.1624242], [76.5078094, 16.1624242], [76.5078094, 16.1596242]]]}, "properties": {"level": "village", "name": "Karadakala", "parent_level": "taluka", "parent_name": "Lingsugur"}}, {"type": "Feature", "geometry": {"type": "Polygon", "coordinates": [[[76.73532019999999, 15.6313123], [76.7381202, 15.6313123], [76.7381202, 15.6341123], [76.73532019999999, 15.6341123], [76.73532019999999, 15.6313123]]]}, "properties": {"level": "village", "name": "Sidrampura", "parent_level": "taluka", "parent_name": "Sindhanur"}}, {"type": "Feature", "geometry": {"type": "Polygon", "coordinates": [[[76.8755122, 15.8251426], [76.87831220000001, 15.8251426], [76.87831220000001, 15.8279426], [76.8755122, 15.8279426], [76.8755122, 15.8251426]]]}, "properties": {"level": "village", "name": "Timmapura", "parent_level": "taluka", "parent_name": "Sindhanur"}}, {"type": "Feature", "geometry": {"type": "Polygon", "coordinates": [[[76.5633031, 15.924117599999999], [76.5661031, 15.924117599999999], [76.5661031, 15.9269176], [76.5633031, 15.9269176], [76.5633031, 15.924117599999999]]]}, "properties": {"level": "village", "name": "Medikinala", "parent_level": "taluka", "parent_name": "Maski"}}, {"type": "Feature", "geometry": {"type": "Polygon", "coordinates": [[[76.6633263, 15.6957024], [76.6661263, 15.6957024], [76.6661263, 15.6985024], [76.6633263, 15.6985024], [76.6633263, 15.6957024]]]}, "properties": {"level": "village", "name": "Gandhinagara", "parent_level": "taluka", "parent_name": "Sindhanur"}}, {"type": "Feature", "geometry": {"type": "Polygon", "coordinates": [[[77.0683375, 16.2911648], [77.0711375, 16.2911648], [77.0711375, 16.2939648], [77.0683375, 16.2939648], [77.0683375, 16.2911648]]]}, "properties": {"level": "village", "name": "Ramadurga", "parent_level": "taluka", "parent_name": "Devadurga"}}, {"type": "Feature", "geometry": {"type": "Polygon", "coordinates": [[[77.29572329999999, 16.3415559], [77.2985233, 16.3415559], [77.2985233, 16.3443559], [77.29572329999999, 16.3443559], [77.29572329999999, 16.3415559]]]}, "properties": {"level": "village", "name": "Bevinabenchi", "parent_level": "taluka", "parent_name": "Raichur"}}, {"type": "Feature", "geometry": {"type": "Polygon", "coordinates": [[[77.0735107, 16.3986072], [77.07631070000001, 16.3986072], [77.07631070000001, 16.4014072], [77.0735107, 16.4014072], [77.0735107, 16.3986072]]]}, "properties": {"level": "village", "name": "Hirebuduru", "parent_level": "taluka", "parent_name": "Devadurga"}}, {"type": "Feature", "geometry": {"type": "Polygon", "coordinates": [[[77.1042621, 16.1822675], [77.10706210000001, 16.1822675], [77.10706210000001, 16.1850675], [77.1042621, 16.1850675], [77.1042621, 16.1822675]]]}, "properties": {"level": "village", "name": "Attanura", "parent_level": "taluka", "parent_name": "Sirwar"}}, {"type": "Feature", "geometry": {"type": "Polygon", "coordinates": [[[77.02279279999999, 16.4933935], [77.0255928, 16.4933935], [77.0255928, 16.4961935], [77.02279279999999, 16.4961935], [77.02279279999999, 16.4933935]]]}, "properties": {"level": "village", "name": "Koppara", "parent_level": "taluka", "parent_name": "Devadurga"}}, {"type": "Feature", "geometry": {"type": "Polygon", "coordinates": [[[77.4176634, 16.3194683], [77.4204634, 16.3194683], [77.4204634, 16.3222683], [77.4176634, 16.3222683], [77.4176634, 16.3194683]]]}, "properties": {"level": "village", "name": "Hanumanadoddi", "parent_level": "taluka", "parent_name": "Raichur"}}, {"type": "Feature", "geometry": {"type": "Polygon", "coordinates": [[[77.2424723, 16.2653776], [77.24527230000001, 16.2653776], [77.24527230000001, 16.2681776], [77.2424723, 16.2681776], [77.2424723, 16.2653776]]]}, "properties": {"level": "village", "name": "Venkatapura", "parent_level": "taluka", "parent_name": "Raichur"}}, {"type": "Feature", "geometry": {"type": "Polygon", "coordinates": [[[77.40963599999999, 16.3480099], [77.412436, 16.3480099], [77.412436, 16.3508099], [77.40963599999999, 16.3508099], [77.40963599999999, 16.3480099]]]}, "properties": {"level": "village", "name": "Ganjahalli", "parent_level": "taluka", "parent_name": "Raichur"}}, {"type": "Feature", "geometry": {"type": "Polygon", "coordinates": [[[77.0504052, 16.4338491], [77.05320520000001, 16.4338491], [77.05320520000001, 16.4366491], [77.0504052, 16.4366491], [77.0504052, 16.4338491]]]}, "properties": {"level": "village", "name": "Chikkabudura", "parent_level": "taluka", "parent_name": "Devadurga"}}, {"type": "Feature", "geometry": {"type": "Polygon", "coordinates": [[[76.9540049, 16.2307407], [76.95680490000001, 16.2307407], [76.95680490000001, 16.2335407], [76.9540049, 16.2335407], [76.9540049, 16.2307407]]]}, "properties": {"level": "village", "name": "Kyadigeri", "parent_level": "taluka", "parent_name": "Devadurga"}}, {"type": "Feature", "geometry": {"type": "Polygon", "coordinates": [[[76.9992992, 16.4578983], [77.0020992, 16.4578983], [77.0020992, 16.4606983], [76.9992992, 16.4606983], [76.9992992, 16.4578983]]]}, "properties": {"level": "village", "name": "Ramanala", "parent_level": "taluka", "parent_name": "Devadurga"}}, {"type": "Feature", "geometry": {"type": "Polygon", "coordinates": [[[77.05908149999999, 16.5017246], [77.0618815, 16.5017246], [77.0618815, 16.5045246], [77.05908149999999, 16.5045246], [77.05908149999999, 16.5017246]]]}, "properties": {"level": "village", "name": "Kurkihalli", "parent_level": "taluka", "parent_name": "Devadurga"}}, {"type": "Feature", "geometry": {"type": "Polygon", "coordinates": [[[77.0707546, 15.936147], [77.07355460000001, 15.936147], [77.07355460000001, 15.938947], [77.0707546, 15.938947], [77.0707546, 15.936147]]]}, "properties": {"level": "village", "name": "Madlapura", "parent_level": "taluka", "parent_name": "Manvi"}}, {"type": "Feature", "geometry": {"type": "Polygon", "coordinates": [[[77.0741448, 16.0919168], [77.0769448, 16.0919168], [77.0769448, 16.0947168], [77.0741448, 16.0947168], [77.0741448, 16.0919168]]]}, "properties": {"level": "village", "name": "Madagiri", "parent_level": "taluka", "parent_name": "Sirwar"}}, {"type": "Feature", "geometry": {"type": "Polygon", "coordinates": [[[76.7155672, 16.011196299999998], [76.7183672, 16.011196299999998], [76.7183672, 16.0139963], [76.7155672, 16.0139963], [76.7155672, 16.011196299999998]]]}, "properties": {"level": "village", "name": "Halapura", "parent_level": "taluka", "parent_name": "Maski"}}, {"type": "Feature", "geometry": {"type": "Polygon", "coordinates": [[[76.8893705, 15.9952692], [76.8921705, 15.9952692], [76.8921705, 15.9980692], [76.8893705, 15.9980692], [76.8893705, 15.9952692]]]}, "properties": {"level": "village", "name": "Byagawata", "parent_level": "taluka", "parent_name": "Manvi"}}, {"type": "Feature", "geometry": {"type": "Polygon", "coordinates": [[[77.01190559999999, 16.1210956], [77.0147056, 16.1210956], [77.0147056, 16.1238956], [77.01190559999999, 16.1238956], [77.01190559999999, 16.1210956]]]}, "properties": {"level": "village", "name": "Chagabhavi", "parent_level": "taluka", "parent_name": "Sirwar"}}, {"type": "Feature", "geometry": {"type": "Polygon", "coordinates": [[[76.77209409999999, 16.0263095], [76.7748941, 16.0263095], [76.7748941, 16.0291095], [76.77209409999999, 16.0291095], [76.77209409999999, 16.0263095]]]}, "properties": {"level": "village", "name": "Toranadinni", "parent_level": "taluka", "parent_name": "Maski"}}, {"type": "Feature", "geometry": {"type": "Polygon", "coordinates": [[[76.8880396, 16.0520288], [76.8908396, 16.0520288], [76.8908396, 16.0548288], [76.8880396, 16.0548288], [76.8880396, 16.0520288]]]}, "properties": {"level": "village", "name": "Bagalawada", "parent_level": "taluka", "parent_name": "Sirwar"}}, {"type": "Feature", "geometry": {"type": "Polygon", "coordinates": [[[76.785704, 16.2015276], [76.788504, 16.2015276], [76.788504, 16.2043276], [76.785704, 16.2043276], [76.785704, 16.2015276]]]}, "properties": {"level": "village", "name": "Chincharaki", "parent_level": "taluka", "parent_name": "Sirwar"}}, {"type": "Feature", "geometry": {"type": "Polygon", "coordinates": [[[76.4749587, 15.7322505], [76.47775870000001, 15.7322505], [76.47775870000001, 15.7350505], [76.4749587, 15.7350505], [76.4749587, 15.7322505]]]}, "properties": {"level": "village", "name": "Umaluti", "parent_level": "taluka", "parent_name": "Sindhanur"}}, {"type": "Feature", "geometry": {"type": "Polygon", "coordinates": [[[76.6807269, 15.6702045], [76.6835269, 15.6702045], [76.6835269, 15.673004500000001], [76.6807269, 15.673004500000001], [76.6807269, 15.6702045]]]}, "properties": {"level": "village", "name": "Hanchinala", "parent_level": "taluka", "parent_name": "Sindhanur"}}, {"type": "Feature", "geometry": {"type": "Polygon", "coordinates": [[[76.7741779, 15.6764776], [76.7769779, 15.6764776], [76.7769779, 15.6792776], [76.7741779, 15.6792776], [76.7741779, 15.6764776]]]}, "properties": {"level": "village", "name": "Raudakunda", "parent_level": "taluka", "parent_name": "Sindhanur"}}, {"type": "Feature", "geometry": {"type": "Polygon", "coordinates": [[[76.5559622, 15.7873804], [76.5587622, 15.7873804], [76.5587622, 15.7901804], [76.5559622, 15.7901804], [76.5559622, 15.7873804]]]}, "properties": {"level": "village", "name": "Hattigudda", "parent_level": "taluka", "parent_name": "Sindhanur"}}, {"type": "Feature", "geometry": {"type": "Polygon", "coordinates": [[[76.8167957, 15.604615299999999], [76.81959570000001, 15.604615299999999], [76.81959570000001, 15.6074153], [76.8167957, 15.6074153], [76.8167957, 15.604615299999999]]]}, "properties": {"level": "village", "name": "Mukunda", "parent_level": "taluka", "parent_name": "Sindhanur"}}, {"type": "Feature", "geometry": {"type": "Polygon", "coordinates": [[[76.52599579999999, 15.8219943], [76.5287958, 15.8219943], [76.5287958, 15.8247943], [76.52599579999999, 15.8247943], [76.52599579999999, 15.8219943]]]}, "properties": {"level": "village", "name": "Hogaranala", "parent_level": "taluka", "parent_name": "Maski"}}, {"type": "Feature", "geometry": {"type": "Polygon", "coordinates": [[[76.8204402, 15.7319], [76.8232402, 15.7319], [76.8232402, 15.7347], [76.8204402, 15.7347], [76.8204402, 15.7319]]]}, "properties": {"level": "village", "name": "Udbala", "parent_level": "taluka", "parent_name": "Sindhanur"}}, {"type": "Feature", "geometry": {"type": "Polygon", "coordinates": [[[76.31888839999999, 15.9730672], [76.3216884, 15.9730672], [76.3216884, 15.9758672], [76.31888839999999, 15.9758672], [76.31888839999999, 15.9730672]]]}, "properties": {"level": "village", "name": "Konasavi", "parent_level": "taluka", "parent_name": "Lingsugur"}}, {"type": "Feature", "geometry": {"type": "Polygon", "coordinates": [[[76.3638454, 16.012166999999998], [76.36664540000001, 16.012166999999998], [76.36664540000001, 16.014967], [76.3638454, 16.014967], [76.3638454, 16.012166999999998]]]}, "properties": {"level": "village", "name": "Amadihala", "parent_level": "taluka", "parent_name": "Lingsugur"}}, {"type": "Feature", "geometry": {"type": "Polygon", "coordinates": [[[76.37060249999999, 15.997471899999999], [76.3734025, 15.997471899999999], [76.3734025, 16.000271899999998], [76.37060249999999, 16.000271899999998], [76.37060249999999, 15.997471899999999]]]}, "properties": {"level": "village", "name": "Yaradihala", "parent_level": "taluka", "parent_name": "Lingsugur"}}, {"type": "Feature", "geometry": {"type": "Polygon", "coordinates": [[[76.3149597, 16.1339301], [76.31775970000001, 16.1339301], [76.31775970000001, 16.1367301], [76.3149597, 16.1367301], [76.3149597, 16.1339301]]]}, "properties": {"level": "village", "name": "Ramapura", "parent_level": "taluka", "parent_name": "Lingsugur"}}, {"type": "Feature", "geometry": {"type": "Polygon", "coordinates": [[[76.3100604, 16.1699721], [76.3128604, 16.1699721], [76.3128604, 16.1727721], [76.3100604, 16.1727721], [76.3100604, 16.1699721]]]}, "properties": {"level": "village", "name": "Kamaladinni", "parent_level": "taluka", "parent_name": "Lingsugur"}}, {"type": "Feature", "geometry": {"type": "Polygon", "coordinates": [[[76.4164886, 16.0841586], [76.4192886, 16.0841586], [76.4192886, 16.0869586], [76.4164886, 16.0869586], [76.4164886, 16.0841586]]]}, "properties": {"level": "village", "name": "Kachapura", "parent_level": "taluka", "parent_name": "Lingsugur"}}, {"type": "Feature", "geometry": {"type": "Polygon", "coordinates": [[[76.44039599999999, 15.9281305], [76.443196, 15.9281305], [76.443196, 15.9309305], [76.44039599999999, 15.9309305], [76.44039599999999, 15.9281305]]]}, "properties": {"level": "village", "name": "Nagalapura", "parent_level": "taluka", "parent_name": "Lingsugur"}}, {"type": "Feature", "geometry": {"type": "Polygon", "coordinates": [[[76.4357241, 16.0987904], [76.43852410000001, 16.0987904], [76.43852410000001, 16.1015904], [76.4357241, 16.1015904], [76.4357241, 16.0987904]]]}, "properties": {"level": "village", "name": "Mavinabhavi", "parent_level": "taluka", "parent_name": "Lingsugur"}}, {"type": "Feature", "geometry": {"type": "Polygon", "coordinates": [[[76.44560179999999, 16.1462792], [76.4484018, 16.1462792], [76.4484018, 16.1490792], [76.44560179999999, 16.1490792], [76.44560179999999, 16.1462792]]]}, "properties": {"level": "village", "name": "Niralakeri", "parent_level": "taluka", "parent_name": "Lingsugur"}}, {"type": "Feature", "geometry": {"type": "Polygon", "coordinates": [[[76.4207897, 15.9277932], [76.42358970000001, 15.9277932], [76.42358970000001, 15.9305932], [76.4207897, 15.9305932], [76.4207897, 15.9277932]]]}, "properties": {"level": "village", "name": "Vyakaranala", "parent_level": "taluka", "parent_name": "Lingsugur"}}, {"type": "Feature", "geometry": {"type": "Polygon", "coordinates": [[[76.39828969999999, 16.155848], [76.4010897, 16.155848], [76.4010897, 16.158648], [76.39828969999999, 16.158648], [76.39828969999999, 16.155848]]]}, "properties": {"level": "village", "name": "Anehosuru", "parent_level": "taluka", "parent_name": "Lingsugur"}}, {"type": "Feature", "geometry": {"type": "Polygon", "coordinates": [[[76.41121989999999, 15.9721044], [76.4140199, 15.9721044], [76.4140199, 15.9749044], [76.41121989999999, 15.9749044], [76.41121989999999, 15.9721044]]]}, "properties": {"level": "village", "name": "Bannigola", "parent_level": "taluka", "parent_name": "Lingsugur"}}, {"type": "Feature", "geometry": {"type": "Polygon", "coordinates": [[[76.83854439999999, 16.2627182], [76.8413444, 16.2627182], [76.8413444, 16.2655182], [76.83854439999999, 16.2655182], [76.83854439999999, 16.2627182]]]}, "properties": {"level": "village", "name": "Galaga", "parent_level": "taluka", "parent_name": "Devadurga"}}, {"type": "Feature", "geometry": {"type": "Polygon", "coordinates": [[[77.1021198, 16.2789798], [77.1049198, 16.2789798], [77.1049198, 16.2817798], [77.1021198, 16.2817798], [77.1021198, 16.2789798]]]}, "properties": {"level": "village", "name": "Maldakal", "parent_level": "taluka", "parent_name": "Devadurga"}}, {"type": "Feature", "geometry": {"type": "Polygon", "coordinates": [[[77.01623029999999, 16.3673137], [77.0190303, 16.3673137], [77.0190303, 16.3701137], [77.01623029999999, 16.3701137], [77.01623029999999, 16.3673137]]]}, "properties": {"level": "village", "name": "Masarakal", "parent_level": "taluka", "parent_name": "Devadurga"}}, {"type": "Feature", "geometry": {"type": "Polygon", "coordinates": [[[76.9480506, 16.2733571], [76.95085060000001, 16.2733571], [76.95085060000001, 16.2761571], [76.9480506, 16.2761571], [76.9480506, 16.2733571]]]}, "properties": {"level": "village", "name": "Arakera", "parent_level": "taluka", "parent_name": "Devadurga"}}, {"type": "Feature", "geometry": {"type": "Polygon", "coordinates": [[[77.11560899999999, 16.2331328], [77.118409, 16.2331328], [77.118409, 16.2359328], [77.11560899999999, 16.2359328], [77.11560899999999, 16.2331328]]]}, "properties": {"level": "village", "name": "Ganekal", "parent_level": "taluka", "parent_name": "Devadurga"}}, {"type": "Feature", "geometry": {"type": "Polygon", "coordinates": [[[76.7575997, 16.3108328], [76.76039970000001, 16.3108328], [76.76039970000001, 16.3136328], [76.7575997, 16.3136328], [76.7575997, 16.3108328]]]}, "properties": {"level": "village", "name": "Somanamaradi", "parent_level": "taluka", "parent_name": "Devadurga"}}, {"type": "Feature", "geometry": {"type": "Polygon", "coordinates": [[[76.9636058, 16.0432608], [76.9664058, 16.0432608], [76.9664058, 16.0460608], [76.9636058, 16.0460608], [76.9636058, 16.0432608]]]}, "properties": {"level": "village", "name": "Aldala", "parent_level": "taluka", "parent_name": "Manvi"}}, {"type": "Feature", "geometry": {"type": "Polygon", "coordinates": [[[76.67595419999999, 16.2608249], [76.6787542, 16.2608249], [76.6787542, 16.2636249], [76.67595419999999, 16.2636249], [76.67595419999999, 16.2608249]]]}, "properties": {"level": "village", "name": "Gauduru", "parent_level": "taluka", "parent_name": "Lingsugur"}}, {"type": "Feature", "geometry": {"type": "Polygon", "coordinates": [[[76.95459489999999, 16.0836147], [76.9573949, 16.0836147], [76.9573949, 16.0864147], [76.95459489999999, 16.0864147], [76.95459489999999, 16.0836147]]]}, "properties": {"level": "village", "name": "Ballatagi", "parent_level": "taluka", "parent_name": "Sirwar"}}, {"type": "Feature", "geometry": {"type": "Polygon", "coordinates": [[[76.7265053, 16.3916313], [76.72930530000001, 16.3916313], [76.72930530000001, 16.3944313], [76.7265053, 16.3944313], [76.7265053, 16.3916313]]]}, "properties": {"level": "village", "name": "Chinchodi", "parent_level": "taluka", "parent_name": "Devadurga"}}, {"type": "Feature", "geometry": {"type": "Polygon", "coordinates": [[[77.0552349, 15.8954696], [77.05803490000001, 15.8954696], [77.05803490000001, 15.8982696], [77.0552349, 15.8982696], [77.0552349, 15.8954696]]]}, "properties": {"level": "village", "name": "Chikalparvi", "parent_level": "taluka", "parent_name": "Manvi"}}, {"type": "Feature", "geometry": {"type": "Polygon", "coordinates": [[[77.1428219, 16.4679278], [77.14562190000001, 16.4679278], [77.14562190000001, 16.4707278], [77.1428219, 16.4707278], [77.1428219, 16.4679278]]]}, "properties": {"level": "village", "name": "Googal", "parent_level": "taluka", "parent_name": "Devadurga"}}, {"type": "Feature", "geometry": {"type": "Polygon", "coordinates": [[[76.8666684, 16.4480161], [76.8694684, 16.4480161], [76.8694684, 16.4508161], [76.8666684, 16.4508161], [76.8666684, 16.4480161]]]}, "properties": {"level": "village", "name": "Anjala", "parent_level": "taluka", "parent_name": "Devadurga"}}, {"type": "Feature", "geometry": {"type": "Polygon", "coordinates": [[[76.6953552, 16.1650963], [76.6981552, 16.1650963], [76.6981552, 16.1678963], [76.6953552, 16.1678963], [76.6953552, 16.1650963]]]}, "properties": {"level": "village", "name": "Hire Naganura", "parent_level": "taluka", "parent_name": "Lingsugur"}}, {"type": "Feature", "geometry": {"type": "Polygon", "coordinates": [[[76.76641839999999, 16.3436511], [76.7692184, 16.3436511], [76.7692184, 16.3464511], [76.76641839999999, 16.3464511], [76.76641839999999, 16.3436511]]]}, "properties": {"level": "village", "name": "Hosura Siddapura", "parent_level": "taluka", "parent_name": "Devadurga"}}, {"type": "Feature", "geometry": {"type": "Polygon", "coordinates": [[[76.9990323, 16.4262195], [77.0018323, 16.4262195], [77.0018323, 16.4290195], [76.9990323, 16.4290195], [76.9990323, 16.4262195]]]}, "properties": {"level": "village", "name": "Jerabandi", "parent_level": "taluka", "parent_name": "Devadurga"}}, {"type": "Feature", "geometry": {"type": "Polygon", "coordinates": [[[77.0017159, 16.47765], [77.0045159, 16.47765], [77.0045159, 16.48045], [77.0017159, 16.48045], [77.0017159, 16.47765]]]}, "properties": {"level": "village", "name": "Arashinige", "parent_level": "taluka", "parent_name": "Devadurga"}}, {"type": "Feature", "geometry": {"type": "Polygon", "coordinates": [[[76.59814709999999, 16.1762551], [76.6009471, 16.1762551], [76.6009471, 16.1790551], [76.59814709999999, 16.1790551], [76.59814709999999, 16.1762551]]]}, "properties": {"level": "village", "name": "Gudadnala", "parent_level": "taluka", "parent_name": "Lingsugur"}}, {"type": "Feature", "geometry": {"type": "Polygon", "coordinates": [[[76.97013369999999, 16.4910206], [76.9729337, 16.4910206], [76.9729337, 16.4938206], [76.97013369999999, 16.4938206], [76.97013369999999, 16.4910206]]]}, "properties": {"level": "village", "name": "Dondambali", "parent_level": "taluka", "parent_name": "Devadurga"}}, {"type": "Feature", "geometry": {"type": "Polygon", "coordinates": [[[77.2864992, 16.306358499999998], [77.2892992, 16.306358499999998], [77.2892992, 16.3091585], [77.2864992, 16.3091585], [77.2864992, 16.306358499999998]]]}, "properties": {"level": "village", "name": "Jegarakal", "parent_level": "taluka", "parent_name": "Raichur"}}, {"type": "Feature", "geometry": {"type": "Polygon", "coordinates": [[[76.9397137, 16.172243599999998], [76.9425137, 16.172243599999998], [76.9425137, 16.1750436], [76.9397137, 16.1750436], [76.9397137, 16.172243599999998]]]}, "properties": {"level": "village", "name": "Narabandi", "parent_level": "taluka", "parent_name": "Sirwar"}}, {"type": "Feature", "geometry": {"type": "Polygon", "coordinates": [[[77.53916029999999, 16.3309721], [77.5419603, 16.3309721], [77.5419603, 16.3337721], [77.53916029999999, 16.3337721], [77.53916029999999, 16.3309721]]]}, "properties": {"level": "village", "name": "Atkuru", "parent_level": "taluka", "parent_name": "Raichur"}}, {"type": "Feature", "geometry": {"type": "Polygon", "coordinates": [[[77.28932189999999, 16.3900074], [77.2921219, 16.3900074], [77.2921219, 16.3928074], [77.28932189999999, 16.3928074], [77.28932189999999, 16.3900074]]]}, "properties": {"level": "village", "name": "Kadluru", "parent_level": "taluka", "parent_name": "Raichur"}}, {"type": "Feature", "geometry": {"type": "Polygon", "coordinates": [[[77.43150659999999, 16.2991513], [77.4343066, 16.2991513], [77.4343066, 16.3019513], [77.43150659999999, 16.3019513], [77.43150659999999, 16.2991513]]]}, "properties": {"level": "village", "name": "Sagamkunta", "parent_level": "taluka", "parent_name": "Raichur"}}, {"type": "Feature", "geometry": {"type": "Polygon", "coordinates": [[[77.4054707, 16.2770358], [77.4082707, 16.2770358], [77.4082707, 16.2798358], [77.4054707, 16.2798358], [77.4054707, 16.2770358]]]}, "properties": {"level": "village", "name": "Shakhawadi", "parent_level": "taluka", "parent_name": "Raichur"}}, {"type": "Feature", "geometry": {"type": "Polygon", "coordinates": [[[77.5207181, 16.2912375], [77.5235181, 16.2912375], [77.5235181, 16.2940375], [77.5207181, 16.2940375], [77.5207181, 16.2912375]]]}, "properties": {"level": "village", "name": "Yapaladinni", "parent_level": "taluka", "parent_name": "Raichur"}}, {"type": "Feature", "geometry": {"type": "Polygon", "coordinates": [[[77.4831246, 16.2452443], [77.4859246, 16.2452443], [77.4859246, 16.2480443], [77.4831246, 16.2480443], [77.4831246, 16.2452443]]]}, "properties": {"level": "village", "name": "Arasigera", "parent_level": "taluka", "parent_name": "Raichur"}}, {"type": "Feature", "geometry": {"type": "Polygon", "coordinates": [[[77.4080986, 16.038137], [77.41089860000001, 16.038137], [77.41089860000001, 16.040937], [77.4080986, 16.040937], [77.4080986, 16.038137]]]}, "properties": {"level": "village", "name": "Gunjihalli", "parent_level": "taluka", "parent_name": "Raichur"}}, {"type": "Feature", "geometry": {"type": "Polygon", "coordinates": [[[77.3330525, 16.1162034], [77.3358525, 16.1162034], [77.3358525, 16.1190034], [77.3330525, 16.1190034], [77.3330525, 16.1162034]]]}, "properties": {"level": "village", "name": "Khanapura", "parent_level": "taluka", "parent_name": "Raichur"}}, {"type": "Feature", "geometry": {"type": "Polygon", "coordinates": [[[77.43381529999999, 16.2695229], [77.4366153, 16.2695229], [77.4366153, 16.2723229], [77.43381529999999, 16.2723229], [77.43381529999999, 16.2695229]]]}, "properties": {"level": "village", "name": "Ganamuru", "parent_level": "taluka", "parent_name": "Raichur"}}, {"type": "Feature", "geometry": {"type": "Polygon", "coordinates": [[[77.2997757, 16.2871523], [77.3025757, 16.2871523], [77.3025757, 16.2899523], [77.2997757, 16.2899523], [77.2997757, 16.2871523]]]}, "properties": {"level": "village", "name": "Hosapete", "parent_level": "taluka", "parent_name": "Raichur"}}, {"type": "Feature", "geometry": {"type": "Polygon", "coordinates": [[[77.3220036, 16.2500487], [77.32480360000001, 16.2500487], [77.32480360000001, 16.2528487], [77.3220036, 16.2528487], [77.3220036, 16.2500487]]]}, "properties": {"level": "village", "name": "Mansalapuru", "parent_level": "taluka", "parent_name": "Raichur"}}, {"type": "Feature", "geometry": {"type": "Polygon", "coordinates": [[[76.8749342, 16.2053747], [76.8777342, 16.2053747], [76.8777342, 16.2081747], [76.8749342, 16.2081747], [76.8749342, 16.2053747]]]}, "properties": {"level": "village", "name": "Akalakumpi", "parent_level": "taluka", "parent_name": "Devadurga"}}, {"type": "Feature", "geometry": {"type": "Polygon", "coordinates": [[[76.9220027, 16.2206141], [76.9248027, 16.2206141], [76.9248027, 16.2234141], [76.9220027, 16.2234141], [76.9220027, 16.2206141]]]}, "properties": {"level": "village", "name": "Alkoda", "parent_level": "taluka", "parent_name": "Devadurga"}}, {"type": "Feature", "geometry": {"type": "Polygon", "coordinates": [[[76.72539379999999, 16.1045275], [76.7281938, 16.1045275], [76.7281938, 16.1073275], [76.72539379999999, 16.1073275], [76.72539379999999, 16.1045275]]]}, "properties": {"level": "village", "name": "Aminagada", "parent_level": "taluka", "parent_name": "Maski"}}, {"type": "Feature", "geometry": {"type": "Polygon", "coordinates": [[[76.912521, 16.2568396], [76.915321, 16.2568396], [76.915321, 16.2596396], [76.912521, 16.2596396], [76.912521, 16.2568396]]]}, "properties": {"level": "village", "name": "Bhumanagunda", "parent_level": "taluka", "parent_name": "Devadurga"}}, {"type": "Feature", "geometry": {"type": "Polygon", "coordinates": [[[76.8530585, 16.0059629], [76.85585850000001, 16.0059629], [76.85585850000001, 16.0087629], [76.8530585, 16.0087629], [76.8530585, 16.0059629]]]}, "properties": {"level": "village", "name": "Donamaradi", "parent_level": "taluka", "parent_name": "Maski"}}, {"type": "Feature", "geometry": {"type": "Polygon", "coordinates": [[[76.8063167, 16.0254112], [76.8091167, 16.0254112], [76.8091167, 16.0282112], [76.8063167, 16.0282112], [76.8063167, 16.0254112]]]}, "properties": {"level": "village", "name": "Hiredinni", "parent_level": "taluka", "parent_name": "Maski"}}, {"type": "Feature", "geometry": {"type": "Polygon", "coordinates": [[[76.8914293, 16.1734956], [76.8942293, 16.1734956], [76.8942293, 16.1762956], [76.8914293, 16.1762956], [76.8914293, 16.1734956]]]}, "properties": {"level": "village", "name": "Kurakundi", "parent_level": "taluka", "parent_name": "Sirwar"}}, {"type": "Feature", "geometry": {"type": "Polygon", "coordinates": [[[76.8430472, 16.0162756], [76.84584720000001, 16.0162756], [76.84584720000001, 16.0190756], [76.8430472, 16.0190756], [76.8430472, 16.0162756]]]}, "properties": {"level": "village", "name": "Malladagudda", "parent_level": "taluka", "parent_name": "Maski"}}, {"type": "Feature", "geometry": {"type": "Polygon", "coordinates": [[[77.0057312, 16.3478667], [77.00853120000001, 16.3478667], [77.00853120000001, 16.3506667], [77.0057312, 16.3506667], [77.0057312, 16.3478667]]]}, "properties": {"level": "village", "name": "Chintalakunta", "parent_level": "taluka", "parent_name": "Devadurga"}}, {"type": "Feature", "geometry": {"type": "Polygon", "coordinates": [[[76.63762179999999, 16.2369576], [76.6404218, 16.2369576], [76.6404218, 16.2397576], [76.63762179999999, 16.2397576], [76.63762179999999, 16.2369576]]]}, "properties": {"level": "village", "name": "Kotha", "parent_level": "taluka", "parent_name": "Lingsugur"}}, {"type": "Feature", "geometry": {"type": "Polygon", "coordinates": [[[76.6809069, 16.345259], [76.6837069, 16.345259], [76.6837069, 16.348059], [76.6809069, 16.348059], [76.6809069, 16.345259]]]}, "properties": {"level": "village", "name": "Paidoddi", "parent_level": "taluka", "parent_name": "Lingsugur"}}, {"type": "Feature", "geometry": {"type": "Polygon", "coordinates": [[[76.7066182, 16.3162475], [76.7094182, 16.3162475], [76.7094182, 16.3190475], [76.7066182, 16.3190475], [76.7066182, 16.3162475]]]}, "properties": {"level": "village", "name": "Yarajanti", "parent_level": "taluka", "parent_name": "Lingsugur"}}, {"type": "Feature", "geometry": {"type": "Polygon", "coordinates": [[[77.44697769999999, 16.1918706], [77.4497777, 16.1918706], [77.4497777, 16.194670600000002], [77.44697769999999, 16.194670600000002], [77.44697769999999, 16.1918706]]]}, "properties": {"level": "village", "name": "Bayidoddi", "parent_level": "taluka", "parent_name": "Raichur"}}, {"type": "Feature", "geometry": {"type": "Polygon", "coordinates": [[[77.31983989999999, 16.2169343], [77.3226399, 16.2169343], [77.3226399, 16.2197343], [77.31983989999999, 16.2197343], [77.31983989999999, 16.2169343]]]}, "properties": {"level": "village", "name": "Eklasapura", "parent_level": "taluka", "parent_name": "Raichur"}}, {"type": "Feature", "geometry": {"type": "Polygon", "coordinates": [[[77.2664928, 16.2254659], [77.2692928, 16.2254659], [77.2692928, 16.2282659], [77.2664928, 16.2282659], [77.2664928, 16.2254659]]]}, "properties": {"level": "village", "name": "Gonal", "parent_level": "taluka", "parent_name": "Raichur"}}, {"type": "Feature", "geometry": {"type": "Polygon", "coordinates": [[[77.490769, 16.215510899999998], [77.49356900000001, 16.215510899999998], [77.49356900000001, 16.2183109], [77.490769, 16.2183109], [77.490769, 16.215510899999998]]]}, "properties": {"level": "village", "name": "Mandalagera", "parent_level": "taluka", "parent_name": "Raichur"}}, {"type": "Feature", "geometry": {"type": "Polygon", "coordinates": [[[77.2808701, 16.2402949], [77.28367010000001, 16.2402949], [77.28367010000001, 16.2430949], [77.2808701, 16.2430949], [77.2808701, 16.2402949]]]}, "properties": {"level": "village", "name": "Pattepura", "parent_level": "taluka", "parent_name": "Raichur"}}, {"type": "Feature", "geometry": {"type": "Polygon", "coordinates": [[[77.46912069999999, 16.2057479], [77.4719207, 16.2057479], [77.4719207, 16.2085479], [77.46912069999999, 16.2085479], [77.46912069999999, 16.2057479]]]}, "properties": {"level": "village", "name": "Singanodi", "parent_level": "taluka", "parent_name": "Raichur"}}, {"type": "Feature", "geometry": {"type": "Polygon", "coordinates": [[[76.7428832, 16.1601461], [76.7456832, 16.1601461], [76.7456832, 16.1629461], [76.7428832, 16.1629461], [76.7428832, 16.1601461]]]}, "properties": {"level": "village", "name": "Anwari", "parent_level": "taluka", "parent_name": "Lingsugur"}}, {"type": "Feature", "geometry": {"type": "Polygon", "coordinates": [[[76.64649849999999, 16.0307412], [76.6492985, 16.0307412], [76.6492985, 16.033541200000002], [76.64649849999999, 16.033541200000002], [76.64649849999999, 16.0307412]]]}, "properties": {"level": "village", "name": "Buddinni", "parent_level": "taluka", "parent_name": "Maski"}}, {"type": "Feature", "geometry": {"type": "Polygon", "coordinates": [[[76.5143351, 16.2823785], [76.5171351, 16.2823785], [76.5171351, 16.2851785], [76.5143351, 16.2851785], [76.5143351, 16.2823785]]]}, "properties": {"level": "village", "name": "Guntagola", "parent_level": "taluka", "parent_name": "Lingsugur"}}, {"type": "Feature", "geometry": {"type": "Polygon", "coordinates": [[[76.63251849999999, 16.0359331], [76.6353185, 16.0359331], [76.6353185, 16.0387331], [76.63251849999999, 16.0387331], [76.63251849999999, 16.0359331]]]}, "properties": {"level": "village", "name": "Huvinabhavi", "parent_level": "taluka", "parent_name": "Maski"}}, {"type": "Feature", "geometry": {"type": "Polygon", "coordinates": [[[76.5630365, 16.0546478], [76.5658365, 16.0546478], [76.5658365, 16.057447800000002], [76.5630365, 16.057447800000002], [76.5630365, 16.0546478]]]}, "properties": {"level": "village", "name": "Santekelluru", "parent_level": "taluka", "parent_name": "Maski"}}, {"type": "Feature", "geometry": {"type": "Polygon", "coordinates": [[[76.5243237, 16.1185987], [76.5271237, 16.1185987], [76.5271237, 16.1213987], [76.5243237, 16.1213987], [76.5243237, 16.1185987]]]}, "properties": {"level": "village", "name": "Kasba Lingasugur", "parent_level": "taluka", "parent_name": "Lingsugur"}}, {"type": "Feature", "geometry": {"type": "Polygon", "coordinates": [[[76.7240403, 15.8445686], [76.7268403, 15.8445686], [76.7268403, 15.847368600000001], [76.7240403, 15.847368600000001], [76.7240403, 15.8445686]]]}, "properties": {"level": "village", "name": "Bassapura", "parent_level": "taluka", "parent_name": "Sindhanur"}}, {"type": "Feature", "geometry": {"type": "Polygon", "coordinates": [[[76.962621, 15.8909349], [76.965421, 15.8909349], [76.965421, 15.8937349], [76.962621, 15.8937349], [76.962621, 15.8909349]]]}, "properties": {"level": "village", "name": "Chikka Kotinikal", "parent_level": "taluka", "parent_name": "Manvi"}}, {"type": "Feature", "geometry": {"type": "Polygon", "coordinates": [[[76.756153, 15.901493499999999], [76.758953, 15.901493499999999], [76.758953, 15.9042935], [76.756153, 15.9042935], [76.756153, 15.901493499999999]]]}, "properties": {"level": "village", "name": "Gaudanabhavi", "parent_level": "taluka", "parent_name": "Maski"}}, {"type": "Feature", "geometry": {"type": "Polygon", "coordinates": [[[76.9199857, 15.8978115], [76.9227857, 15.8978115], [76.9227857, 15.9006115], [76.9199857, 15.9006115], [76.9199857, 15.8978115]]]}, "properties": {"level": "village", "name": "Karabadinni", "parent_level": "taluka", "parent_name": "Manvi"}}, {"type": "Feature", "geometry": {"type": "Polygon", "coordinates": [[[77.0249398, 16.028776399999998], [77.0277398, 16.028776399999998], [77.0277398, 16.0315764], [77.0249398, 16.0315764], [77.0249398, 16.028776399999998]]]}, "properties": {"level": "village", "name": "Karidigudda", "parent_level": "taluka", "parent_name": "Manvi"}}, {"type": "Feature", "geometry": {"type": "Polygon", "coordinates": [[[76.7207622, 15.8167673], [76.7235622, 15.8167673], [76.7235622, 15.819567300000001], [76.7207622, 15.819567300000001], [76.7207622, 15.8167673]]]}, "properties": {"level": "village", "name": "Pagadadinni", "parent_level": "taluka", "parent_name": "Sindhanur"}}, {"type": "Feature", "geometry": {"type": "Polygon", "coordinates": [[[77.0028612, 15.8740141], [77.0056612, 15.8740141], [77.0056612, 15.8768141], [77.0028612, 15.8768141], [77.0028612, 15.8740141]]]}, "properties": {"level": "village", "name": "Jagira Panvuru", "parent_level": "taluka", "parent_name": "Manvi"}}, {"type": "Feature", "geometry": {"type": "Polygon", "coordinates": [[[76.8887858, 15.9226341], [76.8915858, 15.9226341], [76.8915858, 15.9254341], [76.8887858, 15.9254341], [76.8887858, 15.9226341]]]}, "properties": {"level": "village", "name": "Potnala", "parent_level": "taluka", "parent_name": "Manvi"}}, {"type": "Feature", "geometry": {"type": "Polygon", "coordinates": [[[76.996847, 16.0327729], [76.99964700000001, 16.0327729], [76.99964700000001, 16.035572900000002], [76.996847, 16.035572900000002], [76.996847, 16.0327729]]]}, "properties": {"level": "village", "name": "Sangapura", "parent_level": "taluka", "parent_name": "Manvi"}}, {"type": "Feature", "geometry": {"type": "Polygon", "coordinates": [[[76.6371535, 16.1092436], [76.6399535, 16.1092436], [76.6399535, 16.1120436], [76.6371535, 16.1120436], [76.6371535, 16.1092436]]]}, "properties": {"level": "village", "name": "Chikkahesarura", "parent_level": "taluka", "parent_name": "Lingsugur"}}, {"type": "Feature", "geometry": {"type": "Polygon", "coordinates": [[[76.63700519999999, 16.1246449], [76.6398052, 16.1246449], [76.6398052, 16.1274449], [76.63700519999999, 16.1274449], [76.63700519999999, 16.1246449]]]}, "properties": {"level": "village", "name": "Hirehesarura", "parent_level": "taluka", "parent_name": "Lingsugur"}}, {"type": "Feature", "geometry": {"type": "Polygon", "coordinates": [[[76.56125089999999, 16.2104894], [76.5640509, 16.2104894], [76.5640509, 16.2132894], [76.56125089999999, 16.2132894], [76.56125089999999, 16.2104894]]]}, "properties": {"level": "village", "name": "Honnahalli", "parent_level": "taluka", "parent_name": "Lingsugur"}}, {"type": "Feature", "geometry": {"type": "Polygon", "coordinates": [[[76.51253109999999, 16.1950205], [76.5153311, 16.1950205], [76.5153311, 16.1978205], [76.51253109999999, 16.1978205], [76.51253109999999, 16.1950205]]]}, "properties": {"level": "village", "name": "Kallapur", "parent_level": "taluka", "parent_name": "Lingsugur"}}, {"type": "Feature", "geometry": {"type": "Polygon", "coordinates": [[[76.5728896, 16.1291077], [76.5756896, 16.1291077], [76.5756896, 16.1319077], [76.5728896, 16.1319077], [76.5728896, 16.1291077]]]}, "properties": {"level": "village", "name": "Kuppigudda", "parent_level": "taluka", "parent_name": "Lingsugur"}}, {"type": "Feature", "geometry": {"type": "Polygon", "coordinates": [[[76.5366279, 15.998939700000001], [76.5394279, 15.998939700000001], [76.5394279, 16.0017397], [76.5366279, 16.0017397], [76.5366279, 15.998939700000001]]]}, "properties": {"level": "village", "name": "Maraladinni", "parent_level": "taluka", "parent_name": "Maski"}}, {"type": "Feature", "geometry": {"type": "Polygon", "coordinates": [[[76.7133791, 16.2306607], [76.7161791, 16.2306607], [76.7161791, 16.233460700000002], [76.7133791, 16.233460700000002], [76.7133791, 16.2306607]]]}, "properties": {"level": "village", "name": "Rodalabanda", "parent_level": "taluka", "parent_name": "Lingsugur"}}, {"type": "Feature", "geometry": {"type": "Polygon", "coordinates": [[[76.5829969, 16.1271537], [76.5857969, 16.1271537], [76.5857969, 16.1299537], [76.5829969, 16.1299537], [76.5829969, 16.1271537]]]}, "properties": {"level": "village", "name": "Sarjapura", "parent_level": "taluka", "parent_name": "Lingsugur"}}, {"type": "Feature", "geometry": {"type": "Polygon", "coordinates": [[[76.4074742, 16.0656133], [76.4102742, 16.0656133], [76.4102742, 16.0684133], [76.4074742, 16.0684133], [76.4074742, 16.0656133]]]}, "properties": {"level": "village", "name": "Adavibhavi", "parent_level": "taluka", "parent_name": "Lingsugur"}}, {"type": "Feature", "geometry": {"type": "Polygon", "coordinates": [[[76.38329519999999, 16.056488299999998], [76.3860952, 16.056488299999998], [76.3860952, 16.0592883], [76.38329519999999, 16.0592883], [76.38329519999999, 16.056488299999998]]]}, "properties": {"level": "village", "name": "Ashihala Tanda", "parent_level": "taluka", "parent_name": "Lingsugur"}}, {"type": "Feature", "geometry": {"type": "Polygon", "coordinates": [[[76.3265598, 16.0407971], [76.3293598, 16.0407971], [76.3293598, 16.0435971], [76.3265598, 16.0435971], [76.3265598, 16.0407971]]]}, "properties": {"level": "village", "name": "Hire Lekihala", "parent_level": "taluka", "parent_name": "Lingsugur"}}, {"type": "Feature", "geometry": {"type": "Polygon", "coordinates": [[[76.35634019999999, 16.0511086], [76.3591402, 16.0511086], [76.3591402, 16.0539086], [76.35634019999999, 16.0539086], [76.35634019999999, 16.0511086]]]}, "properties": {"level": "village", "name": "Kilarahatti", "parent_level": "taluka", "parent_name": "Lingsugur"}}, {"type": "Feature", "geometry": {"type": "Polygon", "coordinates": [[[76.3801823, 16.1752055], [76.38298230000001, 16.1752055], [76.38298230000001, 16.1780055], [76.3801823, 16.1780055], [76.3801823, 16.1752055]]]}, "properties": {"level": "village", "name": "Nandihala", "parent_level": "taluka", "parent_name": "Lingsugur"}}, {"type": "Feature", "geometry": {"type": "Polygon", "coordinates": [[[76.2631624, 16.1354111], [76.2659624, 16.1354111], [76.2659624, 16.1382111], [76.2631624, 16.1382111], [76.2631624, 16.1354111]]]}, "properties": {"level": "village", "name": "Tondihala", "parent_level": "taluka", "parent_name": "Lingsugur"}}, {"type": "Feature", "geometry": {"type": "Polygon", "coordinates": [[[76.34637479999999, 16.0310365], [76.3491748, 16.0310365], [76.3491748, 16.0338365], [76.34637479999999, 16.0338365], [76.34637479999999, 16.0310365]]]}, "properties": {"level": "village", "name": "Upparanandihala", "parent_level": "taluka", "parent_name": "Lingsugur"}}, {"type": "Feature", "geometry": {"type": "Polygon", "coordinates": [[[76.48264069999999, 16.0402444], [76.4854407, 16.0402444], [76.4854407, 16.0430444], [76.48264069999999, 16.0430444], [76.48264069999999, 16.0402444]]]}, "properties": {"level": "village", "name": "Gudihala", "parent_level": "taluka", "parent_name": "Maski"}}, {"type": "Feature", "geometry": {"type": "Polygon", "coordinates": [[[76.44326009999999, 16.1783978], [76.4460601, 16.1783978], [76.4460601, 16.1811978], [76.44326009999999, 16.1811978], [76.44326009999999, 16.1783978]]]}, "properties": {"level": "village", "name": "Ichanala", "parent_level": "taluka", "parent_name": "Lingsugur"}}, {"type": "Feature", "geometry": {"type": "Polygon", "coordinates": [[[76.4986191, 16.032595399999998], [76.5014191, 16.032595399999998], [76.5014191, 16.0353954], [76.4986191, 16.0353954], [76.4986191, 16.032595399999998]]]}, "properties": {"level": "village", "name": "Matturu", "parent_level": "taluka", "parent_name": "Maski"}}, {"type": "Feature", "geometry": {"type": "Polygon", "coordinates": [[[76.5339319, 16.045718], [76.5367319, 16.045718], [76.5367319, 16.048518], [76.5339319, 16.048518], [76.5339319, 16.045718]]]}, "properties": {"level": "village", "name": "Mitti Kellura", "parent_level": "taluka", "parent_name": "Maski"}}, {"type": "Feature", "geometry": {"type": "Polygon", "coordinates": [[[77.0072474, 16.2459112], [77.0100474, 16.2459112], [77.0100474, 16.2487112], [77.0072474, 16.2487112], [77.0072474, 16.2459112]]]}, "properties": {"level": "village", "name": "Agrahara", "parent_level": "taluka", "parent_name": "Devadurga"}}, {"type": "Feature", "geometry": {"type": "Polygon", "coordinates": [[[77.0199629, 16.2739931], [77.0227629, 16.2739931], [77.0227629, 16.2767931], [77.0199629, 16.2767931], [77.0199629, 16.2739931]]]}, "properties": {"level": "village", "name": "Buddinni", "parent_level": "taluka", "parent_name": "Devadurga"}}, {"type": "Feature", "geometry": {"type": "Polygon", "coordinates": [[[77.1754601, 16.3831985], [77.1782601, 16.3831985], [77.1782601, 16.3859985], [77.1754601, 16.3859985], [77.1754601, 16.3831985]]]}, "properties": {"level": "village", "name": "Hemanala", "parent_level": "taluka", "parent_name": "Devadurga"}}, {"type": "Feature", "geometry": {"type": "Polygon", "coordinates": [[[77.1669252, 16.3508871], [77.1697252, 16.3508871], [77.1697252, 16.353687100000002], [77.1669252, 16.353687100000002], [77.1669252, 16.3508871]]]}, "properties": {"level": "village", "name": "Honnatagi", "parent_level": "taluka", "parent_name": "Devadurga"}}, {"type": "Feature", "geometry": {"type": "Polygon", "coordinates": [[[76.99922749999999, 16.2213989], [77.0020275, 16.2213989], [77.0020275, 16.2241989], [76.99922749999999, 16.2241989], [76.99922749999999, 16.2213989]]]}, "properties": {"level": "village", "name": "Jadaladinni", "parent_level": "taluka", "parent_name": "Devadurga"}}, {"type": "Feature", "geometry": {"type": "Polygon", "coordinates": [[[77.0601264, 16.3221849], [77.06292640000001, 16.3221849], [77.06292640000001, 16.3249849], [77.0601264, 16.3249849], [77.0601264, 16.3221849]]]}, "properties": {"level": "village", "name": "Jinapura", "parent_level": "taluka", "parent_name": "Devadurga"}}, {"type": "Feature", "geometry": {"type": "Polygon", "coordinates": [[[77.04954959999999, 16.3376953], [77.0523496, 16.3376953], [77.0523496, 16.3404953], [77.04954959999999, 16.3404953], [77.04954959999999, 16.3376953]]]}, "properties": {"level": "village", "name": "Kakargal", "parent_level": "taluka", "parent_name": "Devadurga"}}, {"type": "Feature", "geometry": {"type": "Polygon", "coordinates": [[[77.1358581, 16.3413122], [77.1386581, 16.3413122], [77.1386581, 16.3441122], [77.1358581, 16.3441122], [77.1358581, 16.3413122]]]}, "properties": {"level": "village", "name": "Khanapura", "parent_level": "taluka", "parent_name": "Devadurga"}}, {"type": "Feature", "geometry": {"type": "Polygon", "coordinates": [[[77.1823988, 16.4037844], [77.18519880000001, 16.4037844], [77.18519880000001, 16.4065844], [77.1823988, 16.4065844], [77.1823988, 16.4037844]]]}, "properties": {"level": "village", "name": "Madarakalla", "parent_level": "taluka", "parent_name": "Devadurga"}}, {"type": "Feature", "geometry": {"type": "Polygon", "coordinates": [[[76.9889244, 16.2633006], [76.99172440000001, 16.2633006], [76.99172440000001, 16.2661006], [76.9889244, 16.2661006], [76.9889244, 16.2633006]]]}, "properties": {"level": "village", "name": "Nagoli", "parent_level": "taluka", "parent_name": "Devadurga"}}, {"type": "Feature", "geometry": {"type": "Polygon", "coordinates": [[[77.0876218, 16.3269803], [77.0904218, 16.3269803], [77.0904218, 16.3297803], [77.0876218, 16.3297803], [77.0876218, 16.3269803]]]}, "properties": {"level": "village", "name": "Sunkeshwarahala", "parent_level": "taluka", "parent_name": "Devadurga"}}, {"type": "Feature", "geometry": {"type": "Polygon", "coordinates": [[[77.4178117, 16.2008433], [77.42061170000001, 16.2008433], [77.42061170000001, 16.2036433], [77.4178117, 16.2036433], [77.4178117, 16.2008433]]]}, "properties": {"level": "village", "name": "Vadavatti", "parent_level": "taluka", "parent_name": "Raichur"}}, {"type": "Feature", "geometry": {"type": "Polygon", "coordinates": [[[77.04247649999999, 16.2596014], [77.0452765, 16.2596014], [77.0452765, 16.2624014], [77.04247649999999, 16.2624014], [77.04247649999999, 16.2596014]]]}, "properties": {"level": "village", "name": "Jagatakalla", "parent_level": "taluka", "parent_name": "Devadurga"}}, {"type": "Feature", "geometry": {"type": "Polygon", "coordinates": [[[77.3221509, 15.9570504], [77.3249509, 15.9570504], [77.3249509, 15.9598504], [77.3221509, 15.9598504], [77.3221509, 15.9570504]]]}, "properties": {"level": "village", "name": "Bichchali", "parent_level": "taluka", "parent_name": "Raichur"}}, {"type": "Feature", "geometry": {"type": "Polygon", "coordinates": [[[77.36871029999999, 15.9739019], [77.3715103, 15.9739019], [77.3715103, 15.9767019], [77.36871029999999, 15.9767019], [77.36871029999999, 15.9739019]]]}, "properties": {"level": "village", "name": "Gillesuguru", "parent_level": "taluka", "parent_name": "Raichur"}}, {"type": "Feature", "geometry": {"type": "Polygon", "coordinates": [[[77.3687485, 16.0374129], [77.3715485, 16.0374129], [77.3715485, 16.0402129], [77.3687485, 16.0402129], [77.3687485, 16.0374129]]]}, "properties": {"level": "village", "name": "Godihala", "parent_level": "taluka", "parent_name": "Raichur"}}, {"type": "Feature", "geometry": {"type": "Polygon", "coordinates": [[[77.4539193, 16.080187], [77.4567193, 16.080187], [77.4567193, 16.082987], [77.4539193, 16.082987], [77.4539193, 16.080187]]]}, "properties": {"level": "village", "name": "Jambaladinni", "parent_level": "taluka", "parent_name": "Raichur"}}, {"type": "Feature", "geometry": {"type": "Polygon", "coordinates": [[[77.48402039999999, 16.1090282], [77.4868204, 16.1090282], [77.4868204, 16.1118282], [77.48402039999999, 16.1118282], [77.48402039999999, 16.1090282]]]}, "properties": {"level": "village", "name": "Julumugera", "parent_level": "taluka", "parent_name": "Raichur"}}, {"type": "Feature", "geometry": {"type": "Polygon", "coordinates": [[[77.46909869999999, 16.0971052], [77.4718987, 16.0971052], [77.4718987, 16.099905200000002], [77.46909869999999, 16.099905200000002], [77.46909869999999, 16.0971052]]]}, "properties": {"level": "village", "name": "Linganakhanadoddi", "parent_level": "taluka", "parent_name": "Raichur"}}, {"type": "Feature", "geometry": {"type": "Polygon", "coordinates": [[[77.4570249, 16.112897], [77.4598249, 16.112897], [77.4598249, 16.115697], [77.4570249, 16.115697], [77.4570249, 16.112897]]]}, "properties": {"level": "village", "name": "Masadoddi", "parent_level": "taluka", "parent_name": "Raichur"}}, {"type": "Feature", "geometry": {"type": "Polygon", "coordinates": [[[77.441791, 16.0509533], [77.444591, 16.0509533], [77.444591, 16.0537533], [77.441791, 16.0537533], [77.441791, 16.0509533]]]}, "properties": {"level": "village", "name": "Puchchaladinni", "parent_level": "taluka", "parent_name": "Raichur"}}, {"type": "Feature", "geometry": {"type": "Polygon", "coordinates": [[[77.50028499999999, 15.9454137], [77.503085, 15.9454137], [77.503085, 15.9482137], [77.50028499999999, 15.9482137], [77.50028499999999, 15.9454137]]]}, "properties": {"level": "village", "name": "Talamari", "parent_level": "taluka", "parent_name": "Raichur"}}, {"type": "Feature", "geometry": {"type": "Polygon", "coordinates": [[[76.97893309999999, 16.4978213], [76.9817331, 16.4978213], [76.9817331, 16.5006213], [76.97893309999999, 16.5006213], [76.97893309999999, 16.4978213]]]}, "properties": {"level": "village", "name": "Benakal", "parent_level": "taluka", "parent_name": "Devadurga"}}, {"type": "Feature", "geometry": {"type": "Polygon", "coordinates": [[[77.1249193, 16.3776273], [77.12771930000001, 16.3776273], [77.12771930000001, 16.3804273], [77.1249193, 16.3804273], [77.1249193, 16.3776273]]]}, "properties": {"level": "village", "name": "Hanchinala", "parent_level": "taluka", "parent_name": "Devadurga"}}, {"type": "Feature", "geometry": {"type": "Polygon", "coordinates": [[[76.9186965, 16.4803452], [76.9214965, 16.4803452], [76.9214965, 16.4831452], [76.9186965, 16.4831452], [76.9186965, 16.4803452]]]}, "properties": {"level": "village", "name": "Huvinahedgi", "parent_level": "taluka", "parent_name": "Devadurga"}}, {"type": "Feature", "geometry": {"type": "Polygon", "coordinates": [[[76.93772489999999, 16.4865647], [76.9405249, 16.4865647], [76.9405249, 16.4893647], [76.93772489999999, 16.4893647], [76.93772489999999, 16.4865647]]]}, "properties": {"level": "village", "name": "Joladahedgi", "parent_level": "taluka", "parent_name": "Devadurga"}}, {"type": "Feature", "geometry": {"type": "Polygon", "coordinates": [[[76.9760699, 16.5405378], [76.9788699, 16.5405378], [76.9788699, 16.5433378], [76.9760699, 16.5433378], [76.9760699, 16.5405378]]]}, "properties": {"level": "village", "name": "Konachapalli", "parent_level": "taluka", "parent_name": "Devadurga"}}, {"type": "Feature", "geometry": {"type": "Polygon", "coordinates": [[[76.9968634, 16.524464899999998], [76.9996634, 16.524464899999998], [76.9996634, 16.5272649], [76.9968634, 16.5272649], [76.9968634, 16.524464899999998]]]}, "properties": {"level": "village", "name": "Kurakihalli", "parent_level": "taluka", "parent_name": "Devadurga"}}, {"type": "Feature", "geometry": {"type": "Polygon", "coordinates": [[[77.0881139, 16.4204501], [77.0909139, 16.4204501], [77.0909139, 16.4232501], [77.0881139, 16.4232501], [77.0881139, 16.4204501]]]}, "properties": {"level": "village", "name": "Masihala", "parent_level": "taluka", "parent_name": "Devadurga"}}, {"type": "Feature", "geometry": {"type": "Polygon", "coordinates": [[[76.99440129999999, 16.5076974], [76.9972013, 16.5076974], [76.9972013, 16.510497400000002], [76.99440129999999, 16.510497400000002], [76.99440129999999, 16.5076974]]]}, "properties": {"level": "village", "name": "Parapura", "parent_level": "taluka", "parent_name": "Devadurga"}}, {"type": "Feature", "geometry": {"type": "Polygon", "coordinates": [[[77.1370251, 16.3947808], [77.13982510000001, 16.3947808], [77.13982510000001, 16.3975808], [77.1370251, 16.3975808], [77.1370251, 16.3947808]]]}, "properties": {"level": "village", "name": "Shavantagera", "parent_level": "taluka", "parent_name": "Devadurga"}}, {"type": "Feature", "geometry": {"type": "Polygon", "coordinates": [[[77.00655309999999, 16.437412899999998], [77.0093531, 16.437412899999998], [77.0093531, 16.4402129], [77.00655309999999, 16.4402129], [77.00655309999999, 16.437412899999998]]]}, "properties": {"level": "village", "name": "Sugarala", "parent_level": "taluka", "parent_name": "Devadurga"}}, {"type": "Feature", "geometry": {"type": "Polygon", "coordinates": [[[77.4738921, 16.2895567], [77.47669210000001, 16.2895567], [77.47669210000001, 16.2923567], [77.4738921, 16.2923567], [77.4738921, 16.2895567]]]}, "properties": {"level": "village", "name": "Appanadoddi", "parent_level": "taluka", "parent_name": "Raichur"}}, {"type": "Feature", "geometry": {"type": "Polygon", "coordinates": [[[77.534312, 16.2972224], [77.53711200000001, 16.2972224], [77.53711200000001, 16.3000224], [77.534312, 16.3000224], [77.534312, 16.2972224]]]}, "properties": {"level": "village", "name": "Gajarala", "parent_level": "taluka", "parent_name": "Raichur"}}, {"type": "Feature", "geometry": {"type": "Polygon", "coordinates": [[[77.4790319, 16.2703661], [77.4818319, 16.2703661], [77.4818319, 16.2731661], [77.4790319, 16.2731661], [77.4790319, 16.2703661]]]}, "properties": {"level": "village", "name": "Naganadoddi", "parent_level": "taluka", "parent_name": "Raichur"}}, {"type": "Feature", "geometry": {"type": "Polygon", "coordinates": [[[77.3582279, 16.0232041], [77.36102790000001, 16.0232041], [77.36102790000001, 16.0260041], [77.3582279, 16.0260041], [77.3582279, 16.0232041]]]}, "properties": {"level": "village", "name": "Alkuru", "parent_level": "taluka", "parent_name": "Raichur"}}, {"type": "Feature", "geometry": {"type": "Polygon", "coordinates": [[[77.4742685, 16.1789007], [77.4770685, 16.1789007], [77.4770685, 16.1817007], [77.4742685, 16.1817007], [77.4742685, 16.1789007]]]}, "properties": {"level": "village", "name": "Bapuru", "parent_level": "taluka", "parent_name": "Raichur"}}, {"type": "Feature", "geometry": {"type": "Polygon", "coordinates": [[[77.46268909999999, 16.0041626], [77.4654891, 16.0041626], [77.4654891, 16.0069626], [77.46268909999999, 16.0069626], [77.46268909999999, 16.0041626]]]}, "properties": {"level": "village", "name": "Idapanuru", "parent_level": "taluka", "parent_name": "Raichur"}}, {"type": "Feature", "geometry": {"type": "Polygon", "coordinates": [[[77.1009016, 15.9454104], [77.10370160000001, 15.9454104], [77.10370160000001, 15.9482104], [77.1009016, 15.9482104], [77.1009016, 15.9454104]]]}, "properties": {"level": "village", "name": "Katariki", "parent_level": "taluka", "parent_name": "Manvi"}}, {"type": "Feature", "geometry": {"type": "Polygon", "coordinates": [[[77.49799089999999, 15.9979409], [77.5007909, 15.9979409], [77.5007909, 16.0007409], [77.49799089999999, 16.0007409], [77.49799089999999, 15.9979409]]]}, "properties": {"level": "village", "name": "Mirapura", "parent_level": "taluka", "parent_name": "Raichur"}}, {"type": "Feature", "geometry": {"type": "Polygon", "coordinates": [[[77.4830463, 15.981736399999999], [77.4858463, 15.981736399999999], [77.4858463, 15.9845364], [77.4830463, 15.9845364], [77.4830463, 15.981736399999999]]]}, "properties": {"level": "village", "name": "Mirzapura", "parent_level": "taluka", "parent_name": "Raichur"}}, {"type": "Feature", "geometry": {"type": "Polygon", "coordinates": [[[77.3374987, 16.090376], [77.3402987, 16.090376], [77.3402987, 16.093176], [77.3374987, 16.093176], [77.3374987, 16.090376]]]}, "properties": {"level": "village", "name": "Nagalapura", "parent_level": "taluka", "parent_name": "Raichur"}}, {"type": "Feature", "geometry": {"type": "Polygon", "coordinates": [[[77.1060153, 16.0391546], [77.1088153, 16.0391546], [77.1088153, 16.0419546], [77.1060153, 16.0419546], [77.1060153, 16.0391546]]]}, "properties": {"level": "village", "name": "Niramanvi", "parent_level": "taluka", "parent_name": "Manvi"}}, {"type": "Feature", "geometry": {"type": "Polygon", "coordinates": [[[77.318784, 16.0439211], [77.321584, 16.0439211], [77.321584, 16.0467211], [77.318784, 16.0467211], [77.318784, 16.0439211]]]}, "properties": {"level": "village", "name": "Puratipli", "parent_level": "taluka", "parent_name": "Raichur"}}, {"type": "Feature", "geometry": {"type": "Polygon", "coordinates": [[[77.077773, 15.962031], [77.080573, 15.962031], [77.080573, 15.964831], [77.077773, 15.964831], [77.077773, 15.962031]]]}, "properties": {"level": "village", "name": "Rabbanaka", "parent_level": "taluka", "parent_name": "Manvi"}}, {"type": "Feature", "geometry": {"type": "Polygon", "coordinates": [[[77.17941619999999, 15.9699204], [77.1822162, 15.9699204], [77.1822162, 15.9727204], [77.17941619999999, 15.9727204], [77.17941619999999, 15.9699204]]]}, "properties": {"level": "village", "name": "Rajalabanda", "parent_level": "taluka", "parent_name": "Manvi"}}, {"type": "Feature", "geometry": {"type": "Polygon", "coordinates": [[[77.4422663, 16.1424707], [77.44506630000001, 16.1424707], [77.44506630000001, 16.1452707], [77.4422663, 16.1452707], [77.4422663, 16.1424707]]]}, "properties": {"level": "village", "name": "Rajalabanda", "parent_level": "taluka", "parent_name": "Raichur"}}, {"type": "Feature", "geometry": {"type": "Polygon", "coordinates": [[[77.12698999999999, 15.9825473], [77.12979, 15.9825473], [77.12979, 15.9853473], [77.12698999999999, 15.9853473], [77.12698999999999, 15.9825473]]]}, "properties": {"level": "village", "name": "Sadapura", "parent_level": "taluka", "parent_name": "Manvi"}}, {"type": "Feature", "geometry": {"type": "Polygon", "coordinates": [[[77.3241336, 16.0041697], [77.3269336, 16.0041697], [77.3269336, 16.0069697], [77.3241336, 16.0069697], [77.3241336, 16.0041697]]]}, "properties": {"level": "village", "name": "Turakanadona", "parent_level": "taluka", "parent_name": "Raichur"}}, {"type": "Feature", "geometry": {"type": "Polygon", "coordinates": [[[77.4557568, 15.942592], [77.45855680000001, 15.942592], [77.45855680000001, 15.945392], [77.4557568, 15.945392], [77.4557568, 15.942592]]]}, "properties": {"level": "village", "name": "Malkapuru", "parent_level": "taluka", "parent_name": "Raichur"}}, {"type": "Feature", "geometry": {"type": "Polygon", "coordinates": [[[76.8405605, 16.2903812], [76.8433605, 16.2903812], [76.8433605, 16.2931812], [76.8405605, 16.2931812], [76.8405605, 16.2903812]]]}, "properties": {"level": "village", "name": "Devatagalla", "parent_level": "taluka", "parent_name": "Devadurga"}}, {"type": "Feature", "geometry": {"type": "Polygon", "coordinates": [[[77.0204055, 16.3090705], [77.0232055, 16.3090705], [77.0232055, 16.3118705], [77.0204055, 16.3118705], [77.0204055, 16.3090705]]]}, "properties": {"level": "village", "name": "Gejjebhavi", "parent_level": "taluka", "parent_name": "Devadurga"}}, {"type": "Feature", "geometry": {"type": "Polygon", "coordinates": [[[76.9881585, 16.4408951], [76.9909585, 16.4408951], [76.9909585, 16.4436951], [76.9881585, 16.4436951], [76.9881585, 16.4408951]]]}, "properties": {"level": "village", "name": "Gundagurti", "parent_level": "taluka", "parent_name": "Devadurga"}}, {"type": "Feature", "geometry": {"type": "Polygon", "coordinates": [[[77.0586397, 16.1124184], [77.06143970000001, 16.1124184], [77.06143970000001, 16.1152184], [77.0586397, 16.1152184], [77.0586397, 16.1124184]]]}, "properties": {"level": "village", "name": "Hallihosuru", "parent_level": "taluka", "parent_name": "Sirwar"}}, {"type": "Feature", "geometry": {"type": "Polygon", "coordinates": [[[77.01385069999999, 16.3121773], [77.0166507, 16.3121773], [77.0166507, 16.3149773], [77.01385069999999, 16.3149773], [77.01385069999999, 16.3121773]]]}, "properties": {"level": "village", "name": "Musturu", "parent_level": "taluka", "parent_name": "Devadurga"}}, {"type": "Feature", "geometry": {"type": "Polygon", "coordinates": [[[76.852856, 16.326568899999998], [76.85565600000001, 16.326568899999998], [76.85565600000001, 16.3293689], [76.852856, 16.3293689], [76.852856, 16.326568899999998]]]}, "properties": {"level": "village", "name": "Mundaragi", "parent_level": "taluka", "parent_name": "Devadurga"}}, {"type": "Feature", "geometry": {"type": "Polygon", "coordinates": [[[77.0509281, 16.1098647], [77.0537281, 16.1098647], [77.0537281, 16.1126647], [77.0509281, 16.1126647], [77.0509281, 16.1098647]]]}, "properties": {"level": "village", "name": "Sanna Hosuru", "parent_level": "taluka", "parent_name": "Sirwar"}}, {"type": "Feature", "geometry": {"type": "Polygon", "coordinates": [[[76.9946763, 16.3035919], [76.9974763, 16.3035919], [76.9974763, 16.3063919], [76.9946763, 16.3063919], [76.9946763, 16.3035919]]]}, "properties": {"level": "village", "name": "Shivangi", "parent_level": "taluka", "parent_name": "Devadurga"}}, {"type": "Feature", "geometry": {"type": "Polygon", "coordinates": [[[77.2654221, 16.0650624], [77.2682221, 16.0650624], [77.2682221, 16.0678624], [77.2654221, 16.0678624], [77.2654221, 16.0650624]]]}, "properties": {"level": "village", "name": "Garaladinni", "parent_level": "taluka", "parent_name": "Raichur"}}, {"type": "Feature", "geometry": {"type": "Polygon", "coordinates": [[[77.0189918, 16.0727525], [77.0217918, 16.0727525], [77.0217918, 16.0755525], [77.0189918, 16.0755525], [77.0189918, 16.0727525]]]}, "properties": {"level": "village", "name": "Gududinne", "parent_level": "taluka", "parent_name": "Sirwar"}}, {"type": "Feature", "geometry": {"type": "Polygon", "coordinates": [[[76.7301466, 16.0508772], [76.7329466, 16.0508772], [76.7329466, 16.0536772], [76.7301466, 16.0536772], [76.7301466, 16.0508772]]]}, "properties": {"level": "village", "name": "Irakal", "parent_level": "taluka", "parent_name": "Maski"}}, {"type": "Feature", "geometry": {"type": "Polygon", "coordinates": [[[77.2928645, 16.117843399999998], [77.2956645, 16.117843399999998], [77.2956645, 16.1206434], [77.2928645, 16.1206434], [77.2928645, 16.117843399999998]]]}, "properties": {"level": "village", "name": "Marchetahala", "parent_level": "taluka", "parent_name": "Raichur"}}, {"type": "Feature", "geometry": {"type": "Polygon", "coordinates": [[[76.6744806, 16.1008132], [76.6772806, 16.1008132], [76.6772806, 16.1036132], [76.6744806, 16.1036132], [76.6744806, 16.1008132]]]}, "properties": {"level": "village", "name": "Pamanakallura", "parent_level": "taluka", "parent_name": "Maski"}}, {"type": "Feature", "geometry": {"type": "Polygon", "coordinates": [[[76.7867776, 16.0787846], [76.7895776, 16.0787846], [76.7895776, 16.0815846], [76.7867776, 16.0815846], [76.7867776, 16.0787846]]]}, "properties": {"level": "village", "name": "Parasupura", "parent_level": "taluka", "parent_name": "Maski"}}, {"type": "Feature", "geometry": {"type": "Polygon", "coordinates": [[[76.7523439, 16.1000344], [76.75514390000001, 16.1000344], [76.75514390000001, 16.1028344], [76.7523439, 16.1028344], [76.7523439, 16.1000344]]]}, "properties": {"level": "village", "name": "Watagal", "parent_level": "taluka", "parent_name": "Maski"}}, {"type": "Feature", "geometry": {"type": "Polygon", "coordinates": [[[76.90359099999999, 15.773799499999999], [76.906391, 15.773799499999999], [76.906391, 15.7765995], [76.90359099999999, 15.7765995], [76.90359099999999, 15.773799499999999]]]}, "properties": {"level": "village", "name": "Badarli", "parent_level": "taluka", "parent_name": "Sindhanur"}}, {"type": "Feature", "geometry": {"type": "Polygon", "coordinates": [[[76.80863769999999, 15.8019163], [76.8114377, 15.8019163], [76.8114377, 15.8047163], [76.80863769999999, 15.8047163], [76.80863769999999, 15.8019163]]]}, "properties": {"level": "village", "name": "Bengali Camp", "parent_level": "taluka", "parent_name": "Sindhanur"}}, {"type": "Feature", "geometry": {"type": "Polygon", "coordinates": [[[76.5960526, 15.8772913], [76.5988526, 15.8772913], [76.5988526, 15.8800913], [76.5960526, 15.8800913], [76.5960526, 15.8772913]]]}, "properties": {"level": "village", "name": "Hampanala", "parent_level": "taluka", "parent_name": "Maski"}}, {"type": "Feature", "geometry": {"type": "Polygon", "coordinates": [[[76.68588419999999, 15.8643924], [76.6886842, 15.8643924], [76.6886842, 15.8671924], [76.68588419999999, 15.8671924], [76.68588419999999, 15.8643924]]]}, "properties": {"level": "village", "name": "Harapura", "parent_level": "taluka", "parent_name": "Maski"}}, {"type": "Feature", "geometry": {"type": "Polygon", "coordinates": [[[76.80488799999999, 15.9216997], [76.807688, 15.9216997], [76.807688, 15.9244997], [76.80488799999999, 15.9244997], [76.80488799999999, 15.9216997]]]}, "properties": {"level": "village", "name": "Jalawadagi", "parent_level": "taluka", "parent_name": "Maski"}}, {"type": "Feature", "geometry": {"type": "Polygon", "coordinates": [[[76.7896373, 15.8691854], [76.7924373, 15.8691854], [76.7924373, 15.8719854], [76.7896373, 15.8719854], [76.7896373, 15.8691854]]]}, "properties": {"level": "village", "name": "Jangamarahatti", "parent_level": "taluka", "parent_name": "Sindhanur"}}, {"type": "Feature", "geometry": {"type": "Polygon", "coordinates": [[[76.6523019, 15.7990017], [76.6551019, 15.7990017], [76.6551019, 15.8018017], [76.6523019, 15.8018017], [76.6523019, 15.7990017]]]}, "properties": {"level": "village", "name": "Kurukunda", "parent_level": "taluka", "parent_name": "Sindhanur"}}, {"type": "Feature", "geometry": {"type": "Polygon", "coordinates": [[[76.59351219999999, 15.9410607], [76.5963122, 15.9410607], [76.5963122, 15.9438607], [76.59351219999999, 15.9438607], [76.59351219999999, 15.9410607]]]}, "properties": {"level": "village", "name": "Myadarala", "parent_level": "taluka", "parent_name": "Maski"}}, {"type": "Feature", "geometry": {"type": "Polygon", "coordinates": [[[76.5992918, 15.9145716], [76.60209180000001, 15.9145716], [76.60209180000001, 15.917371600000001], [76.5992918, 15.917371600000001], [76.5992918, 15.9145716]]]}, "properties": {"level": "village", "name": "Nagarabenchi", "parent_level": "taluka", "parent_name": "Maski"}}, {"type": "Feature", "geometry": {"type": "Polygon", "coordinates": [[[76.9346195, 15.8782534], [76.9374195, 15.8782534], [76.9374195, 15.8810534], [76.9346195, 15.8810534], [76.9346195, 15.8782534]]]}, "properties": {"level": "village", "name": "Puladinni", "parent_level": "taluka", "parent_name": "Sindhanur"}}, {"type": "Feature", "geometry": {"type": "Polygon", "coordinates": [[[76.9139003, 15.8837256], [76.9167003, 15.8837256], [76.9167003, 15.8865256], [76.9139003, 15.8865256], [76.9139003, 15.8837256]]]}, "properties": {"level": "village", "name": "Ragalaparvi", "parent_level": "taluka", "parent_name": "Sindhanur"}}, {"type": "Feature", "geometry": {"type": "Polygon", "coordinates": [[[76.82571109999999, 15.929462], [76.8285111, 15.929462], [76.8285111, 15.932262], [76.82571109999999, 15.932262], [76.82571109999999, 15.929462]]]}, "properties": {"level": "village", "name": "Ramatnala", "parent_level": "taluka", "parent_name": "Sindhanur"}}, {"type": "Feature", "geometry": {"type": "Polygon", "coordinates": [[[76.7409794, 15.8772978], [76.74377940000001, 15.8772978], [76.74377940000001, 15.8800978], [76.7409794, 15.8800978], [76.7409794, 15.8772978]]]}, "properties": {"level": "village", "name": "Tippanahatti", "parent_level": "taluka", "parent_name": "Sindhanur"}}, {"type": "Feature", "geometry": {"type": "Polygon", "coordinates": [[[76.71449109999999, 15.9392731], [76.7172911, 15.9392731], [76.7172911, 15.9420731], [76.71449109999999, 15.9420731], [76.71449109999999, 15.9392731]]]}, "properties": {"level": "village", "name": "Udbala", "parent_level": "taluka", "parent_name": "Maski"}}, {"type": "Feature", "geometry": {"type": "Polygon", "coordinates": [[[76.6110041, 15.8194416], [76.61380410000001, 15.8194416], [76.61380410000001, 15.8222416], [76.6110041, 15.8222416], [76.6110041, 15.8194416]]]}, "properties": {"level": "village", "name": "Uppaladoddi", "parent_level": "taluka", "parent_name": "Sindhanur"}}, {"type": "Feature", "geometry": {"type": "Polygon", "coordinates": [[[76.93917689999999, 15.7646851], [76.9419769, 15.7646851], [76.9419769, 15.7674851], [76.93917689999999, 15.7674851], [76.93917689999999, 15.7646851]]]}, "properties": {"level": "village", "name": "Walaballari", "parent_level": "taluka", "parent_name": "Sindhanur"}}, {"type": "Feature", "geometry": {"type": "Polygon", "coordinates": [[[76.9092561, 15.8072368], [76.9120561, 15.8072368], [76.9120561, 15.8100368], [76.9092561, 15.8100368], [76.9092561, 15.8072368]]]}, "properties": {"level": "village", "name": "Yaddaladoddi", "parent_level": "taluka", "parent_name": "Sindhanur"}}, {"type": "Feature", "geometry": {"type": "Polygon", "coordinates": [[[76.6902643, 15.8440187], [76.6930643, 15.8440187], [76.6930643, 15.8468187], [76.6902643, 15.8468187], [76.6902643, 15.8440187]]]}, "properties": {"level": "village", "name": "Yelekudligi", "parent_level": "taluka", "parent_name": "Sindhanur"}}, {"type": "Feature", "geometry": {"type": "Polygon", "coordinates": [[[76.8074074, 15.819300499999999], [76.81020740000001, 15.819300499999999], [76.81020740000001, 15.8221005], [76.8074074, 15.8221005], [76.8074074, 15.819300499999999]]]}, "properties": {"level": "village", "name": "Burma Camp", "parent_level": "taluka", "parent_name": "Sindhanur"}}, {"type": "Feature", "geometry": {"type": "Polygon", "coordinates": [[[77.1260405, 16.087084], [77.12884050000001, 16.087084], [77.12884050000001, 16.089884], [77.1260405, 16.089884], [77.1260405, 16.087084]]]}, "properties": {"level": "village", "name": "Bommanala", "parent_level": "taluka", "parent_name": "Manvi"}}, {"type": "Feature", "geometry": {"type": "Polygon", "coordinates": [[[77.067037, 16.0352293], [77.069837, 16.0352293], [77.069837, 16.0380293], [77.067037, 16.0380293], [77.067037, 16.0352293]]]}, "properties": {"level": "village", "name": "Govinadoddi", "parent_level": "taluka", "parent_name": "Manvi"}}, {"type": "Feature", "geometry": {"type": "Polygon", "coordinates": [[[77.06441939999999, 16.0747025], [77.0672194, 16.0747025], [77.0672194, 16.0775025], [77.06441939999999, 16.0775025], [77.06441939999999, 16.0747025]]]}, "properties": {"level": "village", "name": "Harivi", "parent_level": "taluka", "parent_name": "Sirwar"}}, {"type": "Feature", "geometry": {"type": "Polygon", "coordinates": [[[76.9533079, 16.0129107], [76.9561079, 16.0129107], [76.9561079, 16.0157107], [76.9533079, 16.0157107], [76.9533079, 16.0129107]]]}, "properties": {"level": "village", "name": "Janekal", "parent_level": "taluka", "parent_name": "Manvi"}}, {"type": "Feature", "geometry": {"type": "Polygon", "coordinates": [[[77.1297203, 16.0597184], [77.13252030000001, 16.0597184], [77.13252030000001, 16.062518400000002], [77.1297203, 16.062518400000002], [77.1297203, 16.0597184]]]}, "properties": {"level": "village", "name": "Kapagal", "parent_level": "taluka", "parent_name": "Manvi"}}, {"type": "Feature", "geometry": {"type": "Polygon", "coordinates": [[[76.87164729999999, 16.466742], [76.8744473, 16.466742], [76.8744473, 16.469542], [76.87164729999999, 16.469542], [76.87164729999999, 16.466742]]]}, "properties": {"level": "village", "name": "Anchesugura", "parent_level": "taluka", "parent_name": "Devadurga"}}, {"type": "Feature", "geometry": {"type": "Polygon", "coordinates": [[[76.70925059999999, 16.2895952], [76.7120506, 16.2895952], [76.7120506, 16.2923952], [76.70925059999999, 16.2923952], [76.70925059999999, 16.2895952]]]}, "properties": {"level": "village", "name": "Bandebhavi", "parent_level": "taluka", "parent_name": "Lingsugur"}}, {"type": "Feature", "geometry": {"type": "Polygon", "coordinates": [[[77.0461337, 16.3795558], [77.0489337, 16.3795558], [77.0489337, 16.3823558], [77.0461337, 16.3823558], [77.0461337, 16.3795558]]]}, "properties": {"level": "village", "name": "Guntrala", "parent_level": "taluka", "parent_name": "Devadurga"}}, {"type": "Feature", "geometry": {"type": "Polygon", "coordinates": [[[76.8825329, 16.4097536], [76.88533290000001, 16.4097536], [76.88533290000001, 16.4125536], [76.8825329, 16.4125536], [76.8825329, 16.4097536]]]}, "properties": {"level": "village", "name": "Karigudda", "parent_level": "taluka", "parent_name": "Devadurga"}}, {"type": "Feature", "geometry": {"type": "Polygon", "coordinates": [[[76.70558899999999, 16.2603485], [76.708389, 16.2603485], [76.708389, 16.2631485], [76.70558899999999, 16.2631485], [76.70558899999999, 16.2603485]]]}, "properties": {"level": "village", "name": "Machanuru", "parent_level": "taluka", "parent_name": "Lingsugur"}}, {"type": "Feature", "geometry": {"type": "Polygon", "coordinates": [[[76.9753054, 16.3579197], [76.9781054, 16.3579197], [76.9781054, 16.3607197], [76.9753054, 16.3607197], [76.9753054, 16.3579197]]]}, "properties": {"level": "village", "name": "Teggihala", "parent_level": "taluka", "parent_name": "Devadurga"}}, {"type": "Feature", "geometry": {"type": "Polygon", "coordinates": [[[76.8960381, 16.4717311], [76.8988381, 16.4717311], [76.8988381, 16.4745311], [76.8960381, 16.4745311], [76.8960381, 16.4717311]]]}, "properties": {"level": "village", "name": "Gopalapura", "parent_level": "taluka", "parent_name": "Devadurga"}}, {"type": "Feature", "geometry": {"type": "Polygon", "coordinates": [[[77.1553352, 16.028737], [77.1581352, 16.028737], [77.1581352, 16.031537], [77.1553352, 16.031537], [77.1553352, 16.028737]]]}, "properties": {"level": "village", "name": "Bailamarchadi", "parent_level": "taluka", "parent_name": "Manvi"}}, {"type": "Feature", "geometry": {"type": "Polygon", "coordinates": [[[77.1801878, 16.0049496], [77.1829878, 16.0049496], [77.1829878, 16.0077496], [77.1801878, 16.0077496], [77.1801878, 16.0049496]]]}, "properties": {"level": "village", "name": "Gorkal", "parent_level": "taluka", "parent_name": "Manvi"}}, {"type": "Feature", "geometry": {"type": "Polygon", "coordinates": [[[76.84884939999999, 16.1214382], [76.8516494, 16.1214382], [76.8516494, 16.1242382], [76.84884939999999, 16.1242382], [76.84884939999999, 16.1214382]]]}, "properties": {"level": "village", "name": "Hirehanagi", "parent_level": "taluka", "parent_name": "Sirwar"}}, {"type": "Feature", "geometry": {"type": "Polygon", "coordinates": [[[76.9469026, 16.1802572], [76.94970260000001, 16.1802572], [76.94970260000001, 16.1830572], [76.9469026, 16.1830572], [76.9469026, 16.1802572]]]}, "properties": {"level": "village", "name": "Hunacheda", "parent_level": "taluka", "parent_name": "Sirwar"}}, {"type": "Feature", "geometry": {"type": "Polygon", "coordinates": [[[76.93378249999999, 16.1401452], [76.9365825, 16.1401452], [76.9365825, 16.1429452], [76.93378249999999, 16.1429452], [76.93378249999999, 16.1401452]]]}, "properties": {"level": "village", "name": "Marata", "parent_level": "taluka", "parent_name": "Sirwar"}}, {"type": "Feature", "geometry": {"type": "Polygon", "coordinates": [[[76.9845533, 16.1856532], [76.98735330000001, 16.1856532], [76.98735330000001, 16.1884532], [76.9845533, 16.1884532], [76.9845533, 16.1856532]]]}, "properties": {"level": "village", "name": "Murkigudda", "parent_level": "taluka", "parent_name": "Sirwar"}}, {"type": "Feature", "geometry": {"type": "Polygon", "coordinates": [[[77.2875543, 16.1438202], [77.2903543, 16.1438202], [77.2903543, 16.1466202], [77.2875543, 16.1466202], [77.2875543, 16.1438202]]]}, "properties": {"level": "village", "name": "Nilahalli", "parent_level": "taluka", "parent_name": "Raichur"}}, {"type": "Feature", "geometry": {"type": "Polygon", "coordinates": [[[77.1498134, 16.0145271], [77.1526134, 16.0145271], [77.1526134, 16.0173271], [77.1498134, 16.0173271], [77.1498134, 16.0145271]]]}, "properties": {"level": "village", "name": "Sunkeshwara", "parent_level": "taluka", "parent_name": "Manvi"}}, {"type": "Feature", "geometry": {"type": "Polygon", "coordinates": [[[76.6073213, 16.0597721], [76.6101213, 16.0597721], [76.6101213, 16.0625721], [76.6073213, 16.0625721], [76.6073213, 16.0597721]]]}, "properties": {"level": "village", "name": "Basapura", "parent_level": "taluka", "parent_name": "Maski"}}, {"type": "Feature", "geometry": {"type": "Polygon", "coordinates": [[[76.5916024, 16.0482911], [76.5944024, 16.0482911], [76.5944024, 16.0510911], [76.5916024, 16.0510911], [76.5916024, 16.0482911]]]}, "properties": {"level": "village", "name": "Bidakarlakunti", "parent_level": "taluka", "parent_name": "Maski"}}, {"type": "Feature", "geometry": {"type": "Polygon", "coordinates": [[[76.67535219999999, 16.1374039], [76.6781522, 16.1374039], [76.6781522, 16.1402039], [76.67535219999999, 16.1402039], [76.67535219999999, 16.1374039]]]}, "properties": {"level": "village", "name": "Gejjalagatta", "parent_level": "taluka", "parent_name": "Lingsugur"}}, {"type": "Feature", "geometry": {"type": "Polygon", "coordinates": [[[76.5979662, 16.0751061], [76.60076620000001, 16.0751061], [76.60076620000001, 16.0779061], [76.5979662, 16.0779061], [76.5979662, 16.0751061]]]}, "properties": {"level": "village", "name": "Gonavara", "parent_level": "taluka", "parent_name": "Maski"}}, {"type": "Feature", "geometry": {"type": "Polygon", "coordinates": [[[76.71017499999999, 15.9915317], [76.712975, 15.9915317], [76.712975, 15.9943317], [76.71017499999999, 15.9943317], [76.71017499999999, 15.9915317]]]}, "properties": {"level": "village", "name": "Jinnapura", "parent_level": "taluka", "parent_name": "Maski"}}, {"type": "Feature", "geometry": {"type": "Polygon", "coordinates": [[[76.6682817, 16.1523215], [76.6710817, 16.1523215], [76.6710817, 16.1551215], [76.6682817, 16.1551215], [76.6682817, 16.1523215]]]}, "properties": {"level": "village", "name": "Nilagola", "parent_level": "taluka", "parent_name": "Lingsugur"}}, {"type": "Feature", "geometry": {"type": "Polygon", "coordinates": [[[76.7129116, 15.9622191], [76.7157116, 15.9622191], [76.7157116, 15.965019100000001], [76.7129116, 15.965019100000001], [76.7129116, 15.9622191]]]}, "properties": {"level": "village", "name": "Ramaladinni", "parent_level": "taluka", "parent_name": "Maski"}}, {"type": "Feature", "geometry": {"type": "Polygon", "coordinates": [[[76.73243719999999, 16.011993099999998], [76.7352372, 16.011993099999998], [76.7352372, 16.0147931], [76.73243719999999, 16.0147931], [76.73243719999999, 16.011993099999998]]]}, "properties": {"level": "village", "name": "Jangamarahalli", "parent_level": "taluka", "parent_name": "Maski"}}, {"type": "Feature", "geometry": {"type": "Polygon", "coordinates": [[[76.9583966, 15.9950121], [76.96119660000001, 15.9950121], [76.96119660000001, 15.9978121], [76.9583966, 15.9978121], [76.9583966, 15.9950121]]]}, "properties": {"level": "village", "name": "Amarawati", "parent_level": "taluka", "parent_name": "Manvi"}}, {"type": "Feature", "geometry": {"type": "Polygon", "coordinates": [[[77.0353657, 15.9523099], [77.03816570000001, 15.9523099], [77.03816570000001, 15.9551099], [77.0353657, 15.9551099], [77.0353657, 15.9523099]]]}, "properties": {"level": "village", "name": "Musturu", "parent_level": "taluka", "parent_name": "Manvi"}}, {"type": "Feature", "geometry": {"type": "Polygon", "coordinates": [[[76.90518089999999, 16.0824368], [76.9079809, 16.0824368], [76.9079809, 16.0852368], [76.90518089999999, 16.0852368], [76.90518089999999, 16.0824368]]]}, "properties": {"level": "village", "name": "Hire Badaradinni", "parent_level": "taluka", "parent_name": "Sirwar"}}, {"type": "Feature", "geometry": {"type": "Polygon", "coordinates": [[[76.8102432, 16.1378238], [76.81304320000001, 16.1378238], [76.81304320000001, 16.1406238], [76.8102432, 16.1406238], [76.8102432, 16.1378238]]]}, "properties": {"level": "village", "name": "Hussainpura", "parent_level": "taluka", "parent_name": "Sirwar"}}, {"type": "Feature", "geometry": {"type": "Polygon", "coordinates": [[[76.931085, 15.9150379], [76.933885, 15.9150379], [76.933885, 15.9178379], [76.931085, 15.9178379], [76.931085, 15.9150379]]]}, "properties": {"level": "village", "name": "Iralaguddi", "parent_level": "taluka", "parent_name": "Manvi"}}, {"type": "Feature", "geometry": {"type": "Polygon", "coordinates": [[[77.0391614, 16.1457028], [77.0419614, 16.1457028], [77.0419614, 16.1485028], [77.0391614, 16.1485028], [77.0391614, 16.1457028]]]}, "properties": {"level": "village", "name": "Jalapura", "parent_level": "taluka", "parent_name": "Sirwar"}}, {"type": "Feature", "geometry": {"type": "Polygon", "coordinates": [[[76.9898618, 16.132962], [76.99266180000001, 16.132962], [76.99266180000001, 16.135762], [76.9898618, 16.135762], [76.9898618, 16.132962]]]}, "properties": {"level": "village", "name": "Kadidinni", "parent_level": "taluka", "parent_name": "Sirwar"}}, {"type": "Feature", "geometry": {"type": "Polygon", "coordinates": [[[76.9570597, 15.903718], [76.95985970000001, 15.903718], [76.95985970000001, 15.906518], [76.9570597, 15.906518], [76.9570597, 15.903718]]]}, "properties": {"level": "village", "name": "Umali Hosuru", "parent_level": "taluka", "parent_name": "Manvi"}}, {"type": "Feature", "geometry": {"type": "Polygon", "coordinates": [[[76.7099902, 16.1425049], [76.7127902, 16.1425049], [76.7127902, 16.1453049], [76.7099902, 16.1453049], [76.7099902, 16.1425049]]]}, "properties": {"level": "village", "name": "Yatagal", "parent_level": "taluka", "parent_name": "Maski"}}, {"type": "Feature", "geometry": {"type": "Polygon", "coordinates": [[[76.8917215, 16.1131501], [76.89452150000001, 16.1131501], [76.89452150000001, 16.1159501], [76.8917215, 16.1159501], [76.8917215, 16.1131501]]]}, "properties": {"level": "village", "name": "Goladinni", "parent_level": "taluka", "parent_name": "Sirwar"}}, {"type": "Feature", "geometry": {"type": "Polygon", "coordinates": [[[77.2303235, 16.4086085], [77.2331235, 16.4086085], [77.2331235, 16.4114085], [77.2303235, 16.4114085], [77.2303235, 16.4086085]]]}, "properties": {"level": "village", "name": "Arashinagi", "parent_level": "taluka", "parent_name": "Raichur"}}, {"type": "Feature", "geometry": {"type": "Polygon", "coordinates": [[[77.34153789999999, 16.3113653], [77.3443379, 16.3113653], [77.3443379, 16.3141653], [77.34153789999999, 16.3141653], [77.34153789999999, 16.3113653]]]}, "properties": {"level": "village", "name": "Chikkasuguru", "parent_level": "taluka", "parent_name": "Raichur"}}, {"type": "Feature", "geometry": {"type": "Polygon", "coordinates": [[[77.3473053, 16.3212974], [77.35010530000001, 16.3212974], [77.35010530000001, 16.3240974], [77.3473053, 16.3240974], [77.3473053, 16.3212974]]]}, "properties": {"level": "village", "name": "Haggasanahalli", "parent_level": "taluka", "parent_name": "Raichur"}}, {"type": "Feature", "geometry": {"type": "Polygon", "coordinates": [[[77.3132789, 16.3864378], [77.31607890000001, 16.3864378], [77.31607890000001, 16.3892378], [77.3132789, 16.3892378], [77.3132789, 16.3864378]]]}, "properties": {"level": "village", "name": "Karekal", "parent_level": "taluka", "parent_name": "Raichur"}}, {"type": "Feature", "geometry": {"type": "Polygon", "coordinates": [[[77.39600879999999, 16.2981978], [77.3988088, 16.2981978], [77.3988088, 16.3009978], [77.39600879999999, 16.3009978], [77.39600879999999, 16.2981978]]]}, "properties": {"level": "village", "name": "Kudluru", "parent_level": "taluka", "parent_name": "Raichur"}}, {"type": "Feature", "geometry": {"type": "Polygon", "coordinates": [[[77.2792504, 16.3118578], [77.2820504, 16.3118578], [77.2820504, 16.3146578], [77.2792504, 16.3146578], [77.2792504, 16.3118578]]]}, "properties": {"level": "village", "name": "Mallapura", "parent_level": "taluka", "parent_name": "Raichur"}}, {"type": "Feature", "geometry": {"type": "Polygon", "coordinates": [[[77.3932272, 16.262048], [77.3960272, 16.262048], [77.3960272, 16.264848], [77.3932272, 16.264848], [77.3932272, 16.262048]]]}, "properties": {"level": "village", "name": "Palakandoddi", "parent_level": "taluka", "parent_name": "Raichur"}}, {"type": "Feature", "geometry": {"type": "Polygon", "coordinates": [[[77.3059488, 16.3641057], [77.3087488, 16.3641057], [77.3087488, 16.3669057], [77.3059488, 16.3669057], [77.3059488, 16.3641057]]]}, "properties": {"level": "village", "name": "Rangapura", "parent_level": "taluka", "parent_name": "Raichur"}}, {"type": "Feature", "geometry": {"type": "Polygon", "coordinates": [[[77.218391, 16.3433264], [77.221191, 16.3433264], [77.221191, 16.3461264], [77.218391, 16.3461264], [77.218391, 16.3433264]]]}, "properties": {"level": "village", "name": "Timmapura", "parent_level": "taluka", "parent_name": "Raichur"}}, {"type": "Feature", "geometry": {"type": "Polygon", "coordinates": [[[77.3548871, 16.359561199999998], [77.3576871, 16.359561199999998], [77.3576871, 16.3623612], [77.3548871, 16.3623612], [77.3548871, 16.359561199999998]]]}, "properties": {"level": "village", "name": "Yadlapuru", "parent_level": "taluka", "parent_name": "Raichur"}}, {"type": "Feature", "geometry": {"type": "Polygon", "coordinates": [[[77.2325396, 16.3503522], [77.2353396, 16.3503522], [77.2353396, 16.3531522], [77.2325396, 16.3531522], [77.2325396, 16.3503522]]]}, "properties": {"level": "village", "name": "Hemberala", "parent_level": "taluka", "parent_name": "Raichur"}}, {"type": "Feature", "geometry": {"type": "Polygon", "coordinates": [[[76.62029679999999, 16.2012233], [76.6230968, 16.2012233], [76.6230968, 16.2040233], [76.62029679999999, 16.2040233], [76.62029679999999, 16.2012233]]]}, "properties": {"level": "village", "name": "Medinapura", "parent_level": "taluka", "parent_name": "Lingsugur"}}, {"type": "Feature", "geometry": {"type": "Polygon", "coordinates": [[[76.6845776, 15.9569796], [76.6873776, 15.9569796], [76.6873776, 15.959779600000001], [76.6845776, 15.959779600000001], [76.6845776, 15.9569796]]]}, "properties": {"level": "village", "name": "Hirekadabura", "parent_level": "taluka", "parent_name": "Maski"}}, {"type": "Feature", "geometry": {"type": "Polygon", "coordinates": [[[76.80747269999999, 15.984552599999999], [76.8102727, 15.984552599999999], [76.8102727, 15.9873526], [76.80747269999999, 15.9873526], [76.80747269999999, 15.984552599999999]]]}, "properties": {"level": "village", "name": "Marakandinni", "parent_level": "taluka", "parent_name": "Maski"}}, {"type": "Feature", "geometry": {"type": "Polygon", "coordinates": [[[76.7272251, 15.9756234], [76.7300251, 15.9756234], [76.7300251, 15.9784234], [76.7272251, 15.9784234], [76.7272251, 15.9756234]]]}, "properties": {"level": "village", "name": "Tuggaladinni", "parent_level": "taluka", "parent_name": "Maski"}}, {"type": "Feature", "geometry": {"type": "Polygon", "coordinates": [[[76.81372089999999, 15.9721814], [76.8165209, 15.9721814], [76.8165209, 15.9749814], [76.81372089999999, 15.9749814], [76.81372089999999, 15.9721814]]]}, "properties": {"level": "village", "name": "Udbal", "parent_level": "taluka", "parent_name": "Manvi"}}, {"type": "Feature", "geometry": {"type": "Polygon", "coordinates": [[[76.7584485, 16.1083654], [76.76124850000001, 16.1083654], [76.76124850000001, 16.1111654], [76.7584485, 16.1111654], [76.7584485, 16.1083654]]]}, "properties": {"level": "village", "name": "Yaklasapura", "parent_level": "taluka", "parent_name": "Maski"}}, {"type": "Feature", "geometry": {"type": "Polygon", "coordinates": [[[76.2953173, 16.080918699999998], [76.2981173, 16.080918699999998], [76.2981173, 16.0837187], [76.2953173, 16.0837187], [76.2953173, 16.080918699999998]]]}, "properties": {"level": "village", "name": "Komanura", "parent_level": "taluka", "parent_name": "Lingsugur"}}, {"type": "Feature", "geometry": {"type": "Polygon", "coordinates": [[[76.3099507, 16.1005388], [76.31275070000001, 16.1005388], [76.31275070000001, 16.1033388], [76.3099507, 16.1033388], [76.3099507, 16.1005388]]]}, "properties": {"level": "village", "name": "Nagarahala", "parent_level": "taluka", "parent_name": "Lingsugur"}}, {"type": "Feature", "geometry": {"type": "Polygon", "coordinates": [[[76.69325769999999, 16.0805616], [76.6960577, 16.0805616], [76.6960577, 16.0833616], [76.69325769999999, 16.0833616], [76.69325769999999, 16.0805616]]]}, "properties": {"level": "village", "name": "Anandagal", "parent_level": "taluka", "parent_name": "Maski"}}, {"type": "Feature", "geometry": {"type": "Polygon", "coordinates": [[[76.6602812, 16.0468863], [76.66308120000001, 16.0468863], [76.66308120000001, 16.0496863], [76.6602812, 16.0496863], [76.6602812, 16.0468863]]]}, "properties": {"level": "village", "name": "Benchamaradi", "parent_level": "taluka", "parent_name": "Maski"}}, {"type": "Feature", "geometry": {"type": "Polygon", "coordinates": [[[76.6613569, 16.071590399999998], [76.66415690000001, 16.071590399999998], [76.66415690000001, 16.0743904], [76.6613569, 16.0743904], [76.6613569, 16.071590399999998]]]}, "properties": {"level": "village", "name": "Harvapura", "parent_level": "taluka", "parent_name": "Maski"}}, {"type": "Feature", "geometry": {"type": "Polygon", "coordinates": [[[76.37293729999999, 15.9202742], [76.3757373, 15.9202742], [76.3757373, 15.9230742], [76.37293729999999, 15.9230742], [76.37293729999999, 15.9202742]]]}, "properties": {"level": "village", "name": "Hunuru", "parent_level": "taluka", "parent_name": "Lingsugur"}}, {"type": "Feature", "geometry": {"type": "Polygon", "coordinates": [[[76.65100869999999, 16.0705947], [76.6538087, 16.0705947], [76.6538087, 16.0733947], [76.65100869999999, 16.0733947], [76.65100869999999, 16.0705947]]]}, "properties": {"level": "village", "name": "Tuppaduru", "parent_level": "taluka", "parent_name": "Maski"}}, {"type": "Feature", "geometry": {"type": "Polygon", "coordinates": [[[76.3307833, 15.9072266], [76.3335833, 15.9072266], [76.3335833, 15.9100266], [76.3307833, 15.9100266], [76.3307833, 15.9072266]]]}, "properties": {"level": "village", "name": "Wandali", "parent_level": "taluka", "parent_name": "Lingsugur"}}, {"type": "Feature", "geometry": {"type": "Polygon", "coordinates": [[[77.58565569999999, 16.3258348], [77.5884557, 16.3258348], [77.5884557, 16.3286348], [77.58565569999999, 16.3286348], [77.58565569999999, 16.3258348]]]}, "properties": {"level": "village", "name": "Budadipadu", "parent_level": "taluka", "parent_name": "Raichur"}}, {"type": "Feature", "geometry": {"type": "Polygon", "coordinates": [[[77.3188572, 16.2039233], [77.3216572, 16.2039233], [77.3216572, 16.2067233], [77.3188572, 16.2067233], [77.3188572, 16.2039233]]]}, "properties": {"level": "village", "name": "Askihala", "parent_level": "taluka", "parent_name": "Raichur"}}, {"type": "Feature", "geometry": {"type": "Polygon", "coordinates": [[[77.327056, 16.1819973], [77.329856, 16.1819973], [77.329856, 16.1847973], [77.327056, 16.1847973], [77.327056, 16.1819973]]]}, "properties": {"level": "village", "name": "Hosura", "parent_level": "taluka", "parent_name": "Raichur"}}, {"type": "Feature", "geometry": {"type": "Polygon", "coordinates": [[[77.4579787, 16.3650948], [77.4607787, 16.3650948], [77.4607787, 16.367894800000002], [77.4579787, 16.367894800000002], [77.4579787, 16.3650948]]]}, "properties": {"level": "village", "name": "Koratakunda", "parent_level": "taluka", "parent_name": "Raichur"}}, {"type": "Feature", "geometry": {"type": "Polygon", "coordinates": [[[77.46706929999999, 16.3518224], [77.4698693, 16.3518224], [77.4698693, 16.3546224], [77.46706929999999, 16.3546224], [77.46706929999999, 16.3518224]]]}, "properties": {"level": "village", "name": "Mamadadoddi", "parent_level": "taluka", "parent_name": "Raichur"}}, {"type": "Feature", "geometry": {"type": "Polygon", "coordinates": [[[77.30358249999999, 16.273427599999998], [77.3063825, 16.273427599999998], [77.3063825, 16.2762276], [77.30358249999999, 16.2762276], [77.30358249999999, 16.273427599999998]]]}, "properties": {"level": "village", "name": "Marcheda", "parent_level": "taluka", "parent_name": "Raichur"}}, {"type": "Feature", "geometry": {"type": "Polygon", "coordinates": [[[77.4579638, 16.3209893], [77.46076380000001, 16.3209893], [77.46076380000001, 16.3237893], [77.4579638, 16.3237893], [77.4579638, 16.3209893]]]}, "properties": {"level": "village", "name": "Yarragunta", "parent_level": "taluka", "parent_name": "Raichur"}}, {"type": "Feature", "geometry": {"type": "Polygon", "coordinates": [[[77.16115119999999, 15.9639609], [77.1639512, 15.9639609], [77.1639512, 15.9667609], [77.16115119999999, 15.9667609], [77.16115119999999, 15.9639609]]]}, "properties": {"level": "village", "name": "Haranahalli", "parent_level": "taluka", "parent_name": "Manvi"}}, {"type": "Feature", "geometry": {"type": "Polygon", "coordinates": [[[77.2205841, 15.9668887], [77.2233841, 15.9668887], [77.2233841, 15.9696887], [77.2205841, 15.9696887], [77.2205841, 15.9668887]]]}, "properties": {"level": "village", "name": "Jukuru", "parent_level": "taluka", "parent_name": "Manvi"}}, {"type": "Feature", "geometry": {"type": "Polygon", "coordinates": [[[77.10158609999999, 15.9785064], [77.1043861, 15.9785064], [77.1043861, 15.981306400000001], [77.10158609999999, 15.981306400000001], [77.10158609999999, 15.9785064]]]}, "properties": {"level": "village", "name": "Koravi", "parent_level": "taluka", "parent_name": "Manvi"}}, {"type": "Feature", "geometry": {"type": "Polygon", "coordinates": [[[77.25003129999999, 15.9754399], [77.2528313, 15.9754399], [77.2528313, 15.9782399], [77.25003129999999, 15.9782399], [77.25003129999999, 15.9754399]]]}, "properties": {"level": "village", "name": "Rajoli", "parent_level": "taluka", "parent_name": "Manvi"}}, {"type": "Feature", "geometry": {"type": "Polygon", "coordinates": [[[77.23192209999999, 15.9823378], [77.2347221, 15.9823378], [77.2347221, 15.9851378], [77.23192209999999, 15.9851378], [77.23192209999999, 15.9823378]]]}, "properties": {"level": "village", "name": "Valkamdinni", "parent_level": "taluka", "parent_name": "Manvi"}}, {"type": "Feature", "geometry": {"type": "Polygon", "coordinates": [[[77.013288, 15.8398088], [77.01608800000001, 15.8398088], [77.01608800000001, 15.8426088], [77.013288, 15.8426088], [77.013288, 15.8398088]]]}, "properties": {"level": "village", "name": "Ayananura", "parent_level": "taluka", "parent_name": "Sindhanur"}}, {"type": "Feature", "geometry": {"type": "Polygon", "coordinates": [[[76.9718908, 15.8031825], [76.9746908, 15.8031825], [76.9746908, 15.8059825], [76.9718908, 15.8059825], [76.9718908, 15.8031825]]]}, "properties": {"level": "village", "name": "Hedaginal", "parent_level": "taluka", "parent_name": "Sindhanur"}}, {"type": "Feature", "geometry": {"type": "Polygon", "coordinates": [[[76.9452527, 15.8709815], [76.9480527, 15.8709815], [76.9480527, 15.8737815], [76.9452527, 15.8737815], [76.9452527, 15.8709815]]]}, "properties": {"level": "village", "name": "Dumati", "parent_level": "taluka", "parent_name": "Sindhanur"}}, {"type": "Feature", "geometry": {"type": "Polygon", "coordinates": [[[76.96914149999999, 15.8654513], [76.9719415, 15.8654513], [76.9719415, 15.8682513], [76.96914149999999, 15.8682513], [76.96914149999999, 15.8654513]]]}, "properties": {"level": "village", "name": "Gonavara", "parent_level": "taluka", "parent_name": "Sindhanur"}}, {"type": "Feature", "geometry": {"type": "Polygon", "coordinates": [[[76.8285246, 15.7461032], [76.8313246, 15.7461032], [76.8313246, 15.7489032], [76.8285246, 15.7489032], [76.8285246, 15.7461032]]]}, "properties": {"level": "village", "name": "Madasiravara", "parent_level": "taluka", "parent_name": "Sindhanur"}}, {"type": "Feature", "geometry": {"type": "Polygon", "coordinates": [[[76.7622756, 15.7003802], [76.7650756, 15.7003802], [76.7650756, 15.7031802], [76.7622756, 15.7031802], [76.7622756, 15.7003802]]]}, "properties": {"level": "village", "name": "Sasalamari", "parent_level": "taluka", "parent_name": "Sindhanur"}}, {"type": "Feature", "geometry": {"type": "Polygon", "coordinates": [[[76.89597789999999, 15.6942907], [76.8987779, 15.6942907], [76.8987779, 15.6970907], [76.89597789999999, 15.6970907], [76.89597789999999, 15.6942907]]]}, "properties": {"level": "village", "name": "Dadesuguru", "parent_level": "taluka", "parent_name": "Sindhanur"}}, {"type": "Feature", "geometry": {"type": "Polygon", "coordinates": [[[76.8053278, 15.7089392], [76.80812780000001, 15.7089392], [76.80812780000001, 15.7117392], [76.8053278, 15.7117392], [76.8053278, 15.7089392]]]}, "properties": {"level": "village", "name": "Budivala Camp", "parent_level": "taluka", "parent_name": "Sindhanur"}}, {"type": "Feature", "geometry": {"type": "Polygon", "coordinates": [[[76.8011925, 15.6282008], [76.8039925, 15.6282008], [76.8039925, 15.6310008], [76.8011925, 15.6310008], [76.8011925, 15.6282008]]]}, "properties": {"level": "village", "name": "Huda", "parent_level": "taluka", "parent_name": "Sindhanur"}}, {"type": "Feature", "geometry": {"type": "Polygon", "coordinates": [[[76.87115209999999, 15.6775764], [76.8739521, 15.6775764], [76.8739521, 15.6803764], [76.87115209999999, 15.6803764], [76.87115209999999, 15.6775764]]]}, "properties": {"level": "village", "name": "Kengal", "parent_level": "taluka", "parent_name": "Sindhanur"}}, {"type": "Feature", "geometry": {"type": "Polygon", "coordinates": [[[76.7978088, 15.6797067], [76.8006088, 15.6797067], [76.8006088, 15.682506700000001], [76.7978088, 15.682506700000001], [76.7978088, 15.6797067]]]}, "properties": {"level": "village", "name": "Somalapura", "parent_level": "taluka", "parent_name": "Sindhanur"}}, {"type": "Feature", "geometry": {"type": "Polygon", "coordinates": [[[76.3387625, 15.975511299999999], [76.34156250000001, 15.975511299999999], [76.34156250000001, 15.9783113], [76.3387625, 15.9783113], [76.3387625, 15.975511299999999]]]}, "properties": {"level": "village", "name": "Adapura", "parent_level": "taluka", "parent_name": "Lingsugur"}}, {"type": "Feature", "geometry": {"type": "Polygon", "coordinates": [[[76.5022724, 15.7850703], [76.5050724, 15.7850703], [76.5050724, 15.7878703], [76.5022724, 15.7878703], [76.5022724, 15.7850703]]]}, "properties": {"level": "village", "name": "Bhogapura", "parent_level": "taluka", "parent_name": "Maski"}}, {"type": "Feature", "geometry": {"type": "Polygon", "coordinates": [[[76.4051709, 15.9812282], [76.40797090000001, 15.9812282], [76.40797090000001, 15.984028200000001], [76.4051709, 15.984028200000001], [76.4051709, 15.9812282]]]}, "properties": {"level": "village", "name": "Jantapura", "parent_level": "taluka", "parent_name": "Lingsugur"}}, {"type": "Feature", "geometry": {"type": "Polygon", "coordinates": [[[76.6896914, 15.9510747], [76.69249140000001, 15.9510747], [76.69249140000001, 15.9538747], [76.6896914, 15.9538747], [76.6896914, 15.9510747]]]}, "properties": {"level": "village", "name": "Chikkakadabura", "parent_level": "taluka", "parent_name": "Maski"}}, {"type": "Feature", "geometry": {"type": "Polygon", "coordinates": [[[76.63251799999999, 15.814374299999999], [76.635318, 15.814374299999999], [76.635318, 15.8171743], [76.63251799999999, 15.8171743], [76.63251799999999, 15.814374299999999]]]}, "properties": {"level": "village", "name": "Nidagola", "parent_level": "taluka", "parent_name": "Sindhanur"}}, {"type": "Feature", "geometry": {"type": "Polygon", "coordinates": [[[76.68405279999999, 15.7447242], [76.6868528, 15.7447242], [76.6868528, 15.7475242], [76.68405279999999, 15.7475242], [76.68405279999999, 15.7447242]]]}, "properties": {"level": "village", "name": "Virupapura", "parent_level": "taluka", "parent_name": "Sindhanur"}}, {"type": "Feature", "geometry": {"type": "Polygon", "coordinates": [[[76.46251439999999, 16.1175216], [76.4653144, 16.1175216], [76.4653144, 16.1203216], [76.46251439999999, 16.1203216], [76.46251439999999, 16.1175216]]]}, "properties": {"level": "village", "name": "Bhupura", "parent_level": "taluka", "parent_name": "Lingsugur"}}, {"type": "Feature", "geometry": {"type": "Polygon", "coordinates": [[[76.339567, 16.1784476], [76.34236700000001, 16.1784476], [76.34236700000001, 16.1812476], [76.339567, 16.1812476], [76.339567, 16.1784476]]]}, "properties": {"level": "village", "name": "Chittapura", "parent_level": "taluka", "parent_name": "Lingsugur"}}, {"type": "Feature", "geometry": {"type": "Polygon", "coordinates": [[[76.4147436, 16.0999148], [76.4175436, 16.0999148], [76.4175436, 16.1027148], [76.4147436, 16.1027148], [76.4147436, 16.0999148]]]}, "properties": {"level": "village", "name": "Gundasagara", "parent_level": "taluka", "parent_name": "Lingsugur"}}, {"type": "Feature", "geometry": {"type": "Polygon", "coordinates": [[[76.4489689, 16.2160989], [76.4517689, 16.2160989], [76.4517689, 16.2188989], [76.4489689, 16.2188989], [76.4489689, 16.2160989]]]}, "properties": {"level": "village", "name": "Halabhavi", "parent_level": "taluka", "parent_name": "Lingsugur"}}, {"type": "Feature", "geometry": {"type": "Polygon", "coordinates": [[[76.368129, 16.1109355], [76.370929, 16.1109355], [76.370929, 16.1137355], [76.368129, 16.1137355], [76.368129, 16.1109355]]]}, "properties": {"level": "village", "name": "Hanumantagudda", "parent_level": "taluka", "parent_name": "Lingsugur"}}, {"type": "Feature", "geometry": {"type": "Polygon", "coordinates": [[[76.3476278, 16.1186135], [76.3504278, 16.1186135], [76.3504278, 16.1214135], [76.3476278, 16.1214135], [76.3476278, 16.1186135]]]}, "properties": {"level": "village", "name": "Julagudda", "parent_level": "taluka", "parent_name": "Lingsugur"}}, {"type": "Feature", "geometry": {"type": "Polygon", "coordinates": [[[76.48382459999999, 16.1156587], [76.4866246, 16.1156587], [76.4866246, 16.1184587], [76.48382459999999, 16.1184587], [76.48382459999999, 16.1156587]]]}, "properties": {"level": "village", "name": "Kalli Lingasuguru", "parent_level": "taluka", "parent_name": "Lingsugur"}}, {"type": "Feature", "geometry": {"type": "Polygon", "coordinates": [[[76.3728999, 16.0765991], [76.3756999, 16.0765991], [76.3756999, 16.0793991], [76.3728999, 16.0793991], [76.3728999, 16.0765991]]]}, "properties": {"level": "village", "name": "Khairawadagi", "parent_level": "taluka", "parent_name": "Lingsugur"}}, {"type": "Feature", "geometry": {"type": "Polygon", "coordinates": [[[76.3347656, 16.1398026], [76.3375656, 16.1398026], [76.3375656, 16.1426026], [76.3347656, 16.1426026], [76.3347656, 16.1398026]]]}, "properties": {"level": "village", "name": "Narakaladinni", "parent_level": "taluka", "parent_name": "Lingsugur"}}, {"type": "Feature", "geometry": {"type": "Polygon", "coordinates": [[[76.43142449999999, 16.2056446], [76.4342245, 16.2056446], [76.4342245, 16.2084446], [76.43142449999999, 16.2084446], [76.43142449999999, 16.2056446]]]}, "properties": {"level": "village", "name": "Hire Upperi", "parent_level": "taluka", "parent_name": "Lingsugur"}}, {"type": "Feature", "geometry": {"type": "Polygon", "coordinates": [[[76.7653165, 16.0505909], [76.7681165, 16.0505909], [76.7681165, 16.0533909], [76.7653165, 16.0533909], [76.7653165, 16.0505909]]]}, "properties": {"level": "village", "name": "Bassapura", "parent_level": "taluka", "parent_name": "Maski"}}, {"type": "Feature", "geometry": {"type": "Polygon", "coordinates": [[[76.34517249999999, 16.0719396], [76.3479725, 16.0719396], [76.3479725, 16.0747396], [76.34517249999999, 16.0747396], [76.34517249999999, 16.0719396]]]}, "properties": {"level": "village", "name": "Bommanala", "parent_level": "taluka", "parent_name": "Lingsugur"}}, {"type": "Feature", "geometry": {"type": "Polygon", "coordinates": [[[76.703907, 16.039022199999998], [76.70670700000001, 16.039022199999998], [76.70670700000001, 16.0418222], [76.703907, 16.0418222], [76.703907, 16.039022199999998]]]}, "properties": {"level": "village", "name": "Godihala", "parent_level": "taluka", "parent_name": "Maski"}}, {"type": "Feature", "geometry": {"type": "Polygon", "coordinates": [[[76.8193593, 16.2134473], [76.82215930000001, 16.2134473], [76.82215930000001, 16.2162473], [76.8193593, 16.2162473], [76.8193593, 16.2134473]]]}, "properties": {"level": "village", "name": "Huda", "parent_level": "taluka", "parent_name": "Sirwar"}}, {"type": "Feature", "geometry": {"type": "Polygon", "coordinates": [[[77.0059204, 16.1063248], [77.0087204, 16.1063248], [77.0087204, 16.1091248], [77.0059204, 16.1091248], [77.0059204, 16.1063248]]]}, "properties": {"level": "village", "name": "Jambaladinne", "parent_level": "taluka", "parent_name": "Sirwar"}}, {"type": "Feature", "geometry": {"type": "Polygon", "coordinates": [[[76.651071, 15.8494188], [76.65387100000001, 15.8494188], [76.65387100000001, 15.852218800000001], [76.651071, 15.852218800000001], [76.651071, 15.8494188]]]}, "properties": {"level": "village", "name": "Kannura", "parent_level": "taluka", "parent_name": "Maski"}}, {"type": "Feature", "geometry": {"type": "Polygon", "coordinates": [[[76.8614029, 16.1854941], [76.86420290000001, 16.1854941], [76.86420290000001, 16.1882941], [76.8614029, 16.1882941], [76.8614029, 16.1854941]]]}, "properties": {"level": "village", "name": "Kasanadoddi", "parent_level": "taluka", "parent_name": "Sirwar"}}, {"type": "Feature", "geometry": {"type": "Polygon", "coordinates": [[[76.79068, 16.1584481], [76.79348, 16.1584481], [76.79348, 16.1612481], [76.79068, 16.1612481], [76.79068, 16.1584481]]]}, "properties": {"level": "village", "name": "Toppaladoddi", "parent_level": "taluka", "parent_name": "Sirwar"}}, {"type": "Feature", "geometry": {"type": "Polygon", "coordinates": [[[76.8507285, 16.2191998], [76.85352850000001, 16.2191998], [76.85352850000001, 16.2219998], [76.8507285, 16.2219998], [76.8507285, 16.2191998]]]}, "properties": {"level": "village", "name": "Chadakalagudi", "parent_level": "taluka", "parent_name": "Devadurga"}}, {"type": "Feature", "geometry": {"type": "Polygon", "coordinates": [[[77.50211209999999, 16.347132], [77.5049121, 16.347132], [77.5049121, 16.349932], [77.50211209999999, 16.349932], [77.50211209999999, 16.347132]]]}, "properties": {"level": "village", "name": "Donga Ramapura", "parent_level": "taluka", "parent_name": "Raichur"}}, {"type": "Feature", "geometry": {"type": "Polygon", "coordinates": [[[77.15463079999999, 16.432534699999998], [77.1574308, 16.432534699999998], [77.1574308, 16.4353347], [77.15463079999999, 16.4353347], [77.15463079999999, 16.432534699999998]]]}, "properties": {"level": "village", "name": "Hire Rayakumpi", "parent_level": "taluka", "parent_name": "Devadurga"}}, {"type": "Feature", "geometry": {"type": "Polygon", "coordinates": [[[77.3733486, 16.3131807], [77.37614860000001, 16.3131807], [77.37614860000001, 16.3159807], [77.3733486, 16.3159807], [77.3733486, 16.3131807]]]}, "properties": {"level": "village", "name": "Vadluru", "parent_level": "taluka", "parent_name": "Raichur"}}, {"type": "Feature", "geometry": {"type": "Polygon", "coordinates": [[[76.98456209999999, 16.3984303], [76.9873621, 16.3984303], [76.9873621, 16.4012303], [76.98456209999999, 16.4012303], [76.98456209999999, 16.3984303]]]}, "properties": {"level": "village", "name": "Chikkahonnakuni", "parent_level": "taluka", "parent_name": "Devadurga"}}, {"type": "Feature", "geometry": {"type": "Polygon", "coordinates": [[[76.8403187, 16.4112625], [76.8431187, 16.4112625], [76.8431187, 16.4140625], [76.8403187, 16.4140625], [76.8403187, 16.4112625]]]}, "properties": {"level": "village", "name": "Herundi", "parent_level": "taluka", "parent_name": "Devadurga"}}, {"type": "Feature", "geometry": {"type": "Polygon", "coordinates": [[[76.9299594, 16.36146], [76.93275940000001, 16.36146], [76.93275940000001, 16.36426], [76.9299594, 16.36426], [76.9299594, 16.36146]]]}, "properties": {"level": "village", "name": "Kelagina Irabagera", "parent_level": "taluka", "parent_name": "Devadurga"}}, {"type": "Feature", "geometry": {"type": "Polygon", "coordinates": [[[76.9490704, 16.3699576], [76.9518704, 16.3699576], [76.9518704, 16.3727576], [76.9490704, 16.3727576], [76.9490704, 16.3699576]]]}, "properties": {"level": "village", "name": "Kotigudda", "parent_level": "taluka", "parent_name": "Devadurga"}}, {"type": "Feature", "geometry": {"type": "Polygon", "coordinates": [[[76.93666569999999, 16.3285353], [76.9394657, 16.3285353], [76.9394657, 16.3313353], [76.93666569999999, 16.3313353], [76.93666569999999, 16.3285353]]]}, "properties": {"level": "village", "name": "Pilikal", "parent_level": "taluka", "parent_name": "Devadurga"}}, {"type": "Feature", "geometry": {"type": "Polygon", "coordinates": [[[76.9556681, 16.3633247], [76.9584681, 16.3633247], [76.9584681, 16.3661247], [76.9556681, 16.3661247], [76.9556681, 16.3633247]]]}, "properties": {"level": "village", "name": "Manasagal", "parent_level": "taluka", "parent_name": "Devadurga"}}, {"type": "Feature", "geometry": {"type": "Polygon", "coordinates": [[[76.85666189999999, 16.4180653], [76.8594619, 16.4180653], [76.8594619, 16.4208653], [76.85666189999999, 16.4208653], [76.85666189999999, 16.4180653]]]}, "properties": {"level": "village", "name": "Nilavanji", "parent_level": "taluka", "parent_name": "Devadurga"}}, {"type": "Feature", "geometry": {"type": "Polygon", "coordinates": [[[76.5854848, 15.8288639], [76.58828480000001, 15.8288639], [76.58828480000001, 15.8316639], [76.5854848, 15.8316639], [76.5854848, 15.8288639]]]}, "properties": {"level": "village", "name": "Bappura", "parent_level": "taluka", "parent_name": "Maski"}}, {"type": "Feature", "geometry": {"type": "Polygon", "coordinates": [[[76.63342999999999, 15.6705723], [76.63623, 15.6705723], [76.63623, 15.6733723], [76.63342999999999, 15.6733723], [76.63342999999999, 15.6705723]]]}, "properties": {"level": "village", "name": "Basapura", "parent_level": "taluka", "parent_name": "Sindhanur"}}, {"type": "Feature", "geometry": {"type": "Polygon", "coordinates": [[[76.6954418, 15.8028587], [76.6982418, 15.8028587], [76.6982418, 15.8056587], [76.6954418, 15.8056587], [76.6954418, 15.8028587]]]}, "properties": {"level": "village", "name": "Bommanala", "parent_level": "taluka", "parent_name": "Sindhanur"}}, {"type": "Feature", "geometry": {"type": "Polygon", "coordinates": [[[76.70336549999999, 15.6218951], [76.7061655, 15.6218951], [76.7061655, 15.6246951], [76.70336549999999, 15.6246951], [76.70336549999999, 15.6218951]]]}, "properties": {"level": "village", "name": "Channahalli", "parent_level": "taluka", "parent_name": "Sindhanur"}}, {"type": "Feature", "geometry": {"type": "Polygon", "coordinates": [[[76.6501562, 15.6743607], [76.6529562, 15.6743607], [76.6529562, 15.6771607], [76.6501562, 15.6771607], [76.6501562, 15.6743607]]]}, "properties": {"level": "village", "name": "Jalihala", "parent_level": "taluka", "parent_name": "Sindhanur"}}, {"type": "Feature", "geometry": {"type": "Polygon", "coordinates": [[[76.71425959999999, 15.825834], [76.7170596, 15.825834], [76.7170596, 15.828634000000001], [76.71425959999999, 15.828634000000001], [76.71425959999999, 15.825834]]]}, "properties": {"level": "village", "name": "Kunnatagi", "parent_level": "taluka", "parent_name": "Sindhanur"}}, {"type": "Feature", "geometry": {"type": "Polygon", "coordinates": [[[76.59998399999999, 15.8202327], [76.602784, 15.8202327], [76.602784, 15.8230327], [76.59998399999999, 15.8230327], [76.59998399999999, 15.8202327]]]}, "properties": {"level": "village", "name": "Maturu", "parent_level": "taluka", "parent_name": "Maski"}}, {"type": "Feature", "geometry": {"type": "Polygon", "coordinates": [[[76.7555115, 15.629753599999999], [76.7583115, 15.629753599999999], [76.7583115, 15.6325536], [76.7555115, 15.6325536], [76.7555115, 15.629753599999999]]]}, "properties": {"level": "village", "name": "Mavinamadu", "parent_level": "taluka", "parent_name": "Sindhanur"}}, {"type": "Feature", "geometry": {"type": "Polygon", "coordinates": [[[76.73198289999999, 15.8107828], [76.7347829, 15.8107828], [76.7347829, 15.8135828], [76.73198289999999, 15.8135828], [76.73198289999999, 15.8107828]]]}, "properties": {"level": "village", "name": "Mullura", "parent_level": "taluka", "parent_name": "Sindhanur"}}, {"type": "Feature", "geometry": {"type": "Polygon", "coordinates": [[[76.7036656, 15.737715], [76.7064656, 15.737715], [76.7064656, 15.740515], [76.7036656, 15.740515], [76.7036656, 15.737715]]]}, "properties": {"level": "village", "name": "Hatti", "parent_level": "taluka", "parent_name": "Sindhanur"}}, {"type": "Feature", "geometry": {"type": "Polygon", "coordinates": [[[76.64864109999999, 15.6795923], [76.6514411, 15.6795923], [76.6514411, 15.6823923], [76.64864109999999, 15.6823923], [76.64864109999999, 15.6795923]]]}, "properties": {"level": "village", "name": "Janbunathanahalli", "parent_level": "taluka", "parent_name": "Sindhanur"}}, {"type": "Feature", "geometry": {"type": "Polygon", "coordinates": [[[76.8506895, 15.7506527], [76.85348950000001, 15.7506527], [76.85348950000001, 15.7534527], [76.8506895, 15.7534527], [76.8506895, 15.7506527]]]}, "properties": {"level": "village", "name": "Belagurki", "parent_level": "taluka", "parent_name": "Sindhanur"}}, {"type": "Feature", "geometry": {"type": "Polygon", "coordinates": [[[76.7876893, 15.9381852], [76.7904893, 15.9381852], [76.7904893, 15.9409852], [76.7876893, 15.9409852], [76.7876893, 15.9381852]]]}, "properties": {"level": "village", "name": "Belliganuru", "parent_level": "taluka", "parent_name": "Maski"}}, {"type": "Feature", "geometry": {"type": "Polygon", "coordinates": [[[76.80467399999999, 15.7517288], [76.807474, 15.7517288], [76.807474, 15.754528800000001], [76.80467399999999, 15.754528800000001], [76.80467399999999, 15.7517288]]]}, "properties": {"level": "village", "name": "Gomarsi", "parent_level": "taluka", "parent_name": "Sindhanur"}}, {"type": "Feature", "geometry": {"type": "Polygon", "coordinates": [[[76.6504101, 15.8811002], [76.65321010000001, 15.8811002], [76.65321010000001, 15.883900200000001], [76.6504101, 15.883900200000001], [76.6504101, 15.8811002]]]}, "properties": {"level": "village", "name": "Gonala", "parent_level": "taluka", "parent_name": "Maski"}}, {"type": "Feature", "geometry": {"type": "Polygon", "coordinates": [[[76.6274316, 15.854515], [76.6302316, 15.854515], [76.6302316, 15.857315], [76.6274316, 15.857315], [76.6274316, 15.854515]]]}, "properties": {"level": "village", "name": "Hanchinala", "parent_level": "taluka", "parent_name": "Maski"}}, {"type": "Feature", "geometry": {"type": "Polygon", "coordinates": [[[76.6704091, 15.8481304], [76.67320910000001, 15.8481304], [76.67320910000001, 15.850930400000001], [76.6704091, 15.850930400000001], [76.6704091, 15.8481304]]]}, "properties": {"level": "village", "name": "Kolabala", "parent_level": "taluka", "parent_name": "Maski"}}, {"type": "Feature", "geometry": {"type": "Polygon", "coordinates": [[[76.6019639, 15.8928038], [76.60476390000001, 15.8928038], [76.60476390000001, 15.8956038], [76.6019639, 15.8956038], [76.6019639, 15.8928038]]]}, "properties": {"level": "village", "name": "Nanjaladinni", "parent_level": "taluka", "parent_name": "Maski"}}, {"type": "Feature", "geometry": {"type": "Polygon", "coordinates": [[[77.3671797, 16.283022], [77.3699797, 16.283022], [77.3699797, 16.285822], [77.3671797, 16.285822], [77.3671797, 16.283022]]]}, "properties": {"level": "village", "name": "Eganuru", "parent_level": "taluka", "parent_name": "Raichur"}}, {"type": "Feature", "geometry": {"type": "Polygon", "coordinates": [[[77.3752549, 16.2496015], [77.37805490000001, 16.2496015], [77.37805490000001, 16.2524015], [77.3752549, 16.2524015], [77.3752549, 16.2496015]]]}, "properties": {"level": "village", "name": "Potgal", "parent_level": "taluka", "parent_name": "Raichur"}}, {"type": "Feature", "geometry": {"type": "Polygon", "coordinates": [[[76.8745363, 15.9198351], [76.87733630000001, 15.9198351], [76.87733630000001, 15.9226351], [76.8745363, 15.9226351], [76.8745363, 15.9198351]]]}, "properties": {"level": "village", "name": "Banniganuru", "parent_level": "taluka", "parent_name": "Sindhanur"}}, {"type": "Feature", "geometry": {"type": "Polygon", "coordinates": [[[76.88561059999999, 15.7743234], [76.8884106, 15.7743234], [76.8884106, 15.7771234], [76.88561059999999, 15.7771234], [76.88561059999999, 15.7743234]]]}, "properties": {"level": "village", "name": "Haretanuru", "parent_level": "taluka", "parent_name": "Sindhanur"}}, {"type": "Feature", "geometry": {"type": "Polygon", "coordinates": [[[76.91840309999999, 15.7360929], [76.9212031, 15.7360929], [76.9212031, 15.7388929], [76.91840309999999, 15.7388929], [76.91840309999999, 15.7360929]]]}, "properties": {"level": "village", "name": "Uppala", "parent_level": "taluka", "parent_name": "Sindhanur"}}, {"type": "Feature", "geometry": {"type": "Polygon", "coordinates": [[[76.9016809, 15.9007798], [76.90448090000001, 15.9007798], [76.90448090000001, 15.903579800000001], [76.9016809, 15.903579800000001], [76.9016809, 15.9007798]]]}, "properties": {"level": "village", "name": "Valkandinni", "parent_level": "taluka", "parent_name": "Sindhanur"}}, {"type": "Feature", "geometry": {"type": "Polygon", "coordinates": [[[76.5773061, 15.9801573], [76.58010610000001, 15.9801573], [76.58010610000001, 15.9829573], [76.5773061, 15.9829573], [76.5773061, 15.9801573]]]}, "properties": {"level": "village", "name": "Adavibhavi", "parent_level": "taluka", "parent_name": "Maski"}}, {"type": "Feature", "geometry": {"type": "Polygon", "coordinates": [[[76.57012569999999, 16.3141456], [76.5729257, 16.3141456], [76.5729257, 16.3169456], [76.57012569999999, 16.3169456], [76.57012569999999, 16.3141456]]]}, "properties": {"level": "village", "name": "Aidabhavi", "parent_level": "taluka", "parent_name": "Lingsugur"}}, {"type": "Feature", "geometry": {"type": "Polygon", "coordinates": [[[76.51968819999999, 16.1819687], [76.5224882, 16.1819687], [76.5224882, 16.1847687], [76.51968819999999, 16.1847687], [76.51968819999999, 16.1819687]]]}, "properties": {"level": "village", "name": "Aidanala", "parent_level": "taluka", "parent_name": "Lingsugur"}}, {"type": "Feature", "geometry": {"type": "Polygon", "coordinates": [[[76.2471382, 16.149541199999998], [76.2499382, 16.149541199999998], [76.2499382, 16.1523412], [76.2471382, 16.1523412], [76.2471382, 16.149541199999998]]]}, "properties": {"level": "village", "name": "Ankanala", "parent_level": "taluka", "parent_name": "Lingsugur"}}, {"type": "Feature", "geometry": {"type": "Polygon", "coordinates": [[[76.6065454, 16.033812], [76.60934540000001, 16.033812], [76.60934540000001, 16.036612], [76.6065454, 16.036612], [76.6065454, 16.033812]]]}, "properties": {"level": "village", "name": "Ankasadoddi", "parent_level": "taluka", "parent_name": "Maski"}}, {"type": "Feature", "geometry": {"type": "Polygon", "coordinates": [[[76.6806297, 16.2680471], [76.6834297, 16.2680471], [76.6834297, 16.2708471], [76.6806297, 16.2708471], [76.6806297, 16.2680471]]]}, "properties": {"level": "village", "name": "Gauduru Tanda", "parent_level": "taluka", "parent_name": "Lingsugur"}}, {"type": "Feature", "geometry": {"type": "Polygon", "coordinates": [[[76.50733369999999, 16.2474056], [76.5101337, 16.2474056], [76.5101337, 16.2502056], [76.50733369999999, 16.2502056], [76.50733369999999, 16.2474056]]]}, "properties": {"level": "village", "name": "Gonavatla Tanda", "parent_level": "taluka", "parent_name": "Lingsugur"}}, {"type": "Feature", "geometry": {"type": "Polygon", "coordinates": [[[76.5032995, 16.2780181], [76.5060995, 16.2780181], [76.5060995, 16.2808181], [76.5032995, 16.2808181], [76.5032995, 16.2780181]]]}, "properties": {"level": "village", "name": "Gonavatla", "parent_level": "taluka", "parent_name": "Lingsugur"}}, {"type": "Feature", "geometry": {"type": "Polygon", "coordinates": [[[76.4662793, 16.2086664], [76.4690793, 16.2086664], [76.4690793, 16.2114664], [76.4662793, 16.2114664], [76.4662793, 16.2086664]]]}, "properties": {"level": "village", "name": "Gorebala", "parent_level": "taluka", "parent_name": "Lingsugur"}}, {"type": "Feature", "geometry": {"type": "Polygon", "coordinates": [[[76.2747272, 16.1262122], [76.27752720000001, 16.1262122], [76.27752720000001, 16.129012200000002], [76.2747272, 16.129012200000002], [76.2747272, 16.1262122]]]}, "properties": {"level": "village", "name": "Halkavatigi", "parent_level": "taluka", "parent_name": "Lingsugur"}}, {"type": "Feature", "geometry": {"type": "Polygon", "coordinates": [[[76.48102639999999, 16.2529838], [76.4838264, 16.2529838], [76.4838264, 16.2557838], [76.48102639999999, 16.2557838], [76.48102639999999, 16.2529838]]]}, "properties": {"level": "village", "name": "Hanchinala", "parent_level": "taluka", "parent_name": "Lingsugur"}}, {"type": "Feature", "geometry": {"type": "Polygon", "coordinates": [[[76.7500714, 16.1983302], [76.7528714, 16.1983302], [76.7528714, 16.2011302], [76.7500714, 16.2011302], [76.7500714, 16.1983302]]]}, "properties": {"level": "village", "name": "Hosur", "parent_level": "taluka", "parent_name": "Lingsugur"}}, {"type": "Feature", "geometry": {"type": "Polygon", "coordinates": [[[76.4990401, 16.1136733], [76.50184010000001, 16.1136733], [76.50184010000001, 16.1164733], [76.4990401, 16.1164733], [76.4990401, 16.1136733]]]}, "properties": {"level": "village", "name": "Hunakunti", "parent_level": "taluka", "parent_name": "Lingsugur"}}, {"type": "Feature", "geometry": {"type": "Polygon", "coordinates": [[[76.37822919999999, 16.2097715], [76.3810292, 16.2097715], [76.3810292, 16.2125715], [76.37822919999999, 16.2125715], [76.37822919999999, 16.2097715]]]}, "properties": {"level": "village", "name": "Jangiramapura Tanda", "parent_level": "taluka", "parent_name": "Lingsugur"}}, {"type": "Feature", "geometry": {"type": "Polygon", "coordinates": [[[76.6053452, 16.0069583], [76.60814520000001, 16.0069583], [76.60814520000001, 16.0097583], [76.6053452, 16.0097583], [76.6053452, 16.0069583]]]}, "properties": {"level": "village", "name": "Katagal", "parent_level": "taluka", "parent_name": "Maski"}}, {"type": "Feature", "geometry": {"type": "Polygon", "coordinates": [[[76.4829094, 16.1729994], [76.4857094, 16.1729994], [76.4857094, 16.1757994], [76.4829094, 16.1757994], [76.4829094, 16.1729994]]]}, "properties": {"level": "village", "name": "Kesaratti", "parent_level": "taluka", "parent_name": "Lingsugur"}}, {"type": "Feature", "geometry": {"type": "Polygon", "coordinates": [[[76.4589347, 15.8719023], [76.46173470000001, 15.8719023], [76.46173470000001, 15.874702300000001], [76.4589347, 15.874702300000001], [76.4589347, 15.8719023]]]}, "properties": {"level": "village", "name": "Kumarakheda", "parent_level": "taluka", "parent_name": "Lingsugur"}}, {"type": "Feature", "geometry": {"type": "Polygon", "coordinates": [[[76.4225331, 16.1304749], [76.4253331, 16.1304749], [76.4253331, 16.1332749], [76.4225331, 16.1332749], [76.4225331, 16.1304749]]]}, "properties": {"level": "village", "name": "Maragattanala", "parent_level": "taluka", "parent_name": "Lingsugur"}}, {"type": "Feature", "geometry": {"type": "Polygon", "coordinates": [[[76.62915319999999, 16.01648], [76.6319532, 16.01648], [76.6319532, 16.019280000000002], [76.62915319999999, 16.019280000000002], [76.62915319999999, 16.01648]]]}, "properties": {"level": "village", "name": "Mudavala", "parent_level": "taluka", "parent_name": "Maski"}}, {"type": "Feature", "geometry": {"type": "Polygon", "coordinates": [[[76.30519799999999, 16.1601287], [76.307998, 16.1601287], [76.307998, 16.162928700000002], [76.30519799999999, 16.162928700000002], [76.30519799999999, 16.1601287]]]}, "properties": {"level": "village", "name": "Navali", "parent_level": "taluka", "parent_name": "Lingsugur"}}, {"type": "Feature", "geometry": {"type": "Polygon", "coordinates": [[[76.2892976, 16.1229768], [76.2920976, 16.1229768], [76.2920976, 16.1257768], [76.2892976, 16.1257768], [76.2892976, 16.1229768]]]}, "properties": {"level": "village", "name": "Palagaladinni", "parent_level": "taluka", "parent_name": "Lingsugur"}}, {"type": "Feature", "geometry": {"type": "Polygon", "coordinates": [[[76.5298789, 16.2277214], [76.53267890000001, 16.2277214], [76.53267890000001, 16.2305214], [76.5298789, 16.2305214], [76.5298789, 16.2277214]]]}, "properties": {"level": "village", "name": "Pulabhavi", "parent_level": "taluka", "parent_name": "Lingsugur"}}, {"type": "Feature", "geometry": {"type": "Polygon", "coordinates": [[[76.6189065, 16.3205633], [76.6217065, 16.3205633], [76.6217065, 16.3233633], [76.6189065, 16.3233633], [76.6189065, 16.3205633]]]}, "properties": {"level": "village", "name": "Rayadurga", "parent_level": "taluka", "parent_name": "Lingsugur"}}, {"type": "Feature", "geometry": {"type": "Polygon", "coordinates": [[[76.40487069999999, 16.2053279], [76.4076707, 16.2053279], [76.4076707, 16.2081279], [76.40487069999999, 16.2081279], [76.40487069999999, 16.2053279]]]}, "properties": {"level": "village", "name": "Sunakal", "parent_level": "taluka", "parent_name": "Lingsugur"}}, {"type": "Feature", "geometry": {"type": "Polygon", "coordinates": [[[76.6042921, 16.3295338], [76.6070921, 16.3295338], [76.6070921, 16.3323338], [76.6042921, 16.3323338], [76.6042921, 16.3295338]]]}, "properties": {"level": "village", "name": "Tanamanakal", "parent_level": "taluka", "parent_name": "Lingsugur"}}, {"type": "Feature", "geometry": {"type": "Polygon", "coordinates": [[[76.40380809999999, 16.1770453], [76.4066081, 16.1770453], [76.4066081, 16.1798453], [76.40380809999999, 16.1798453], [76.40380809999999, 16.1770453]]]}, "properties": {"level": "village", "name": "Toralabenchi", "parent_level": "taluka", "parent_name": "Lingsugur"}}, {"type": "Feature", "geometry": {"type": "Polygon", "coordinates": [[[76.682666, 16.1608028], [76.685466, 16.1608028], [76.685466, 16.1636028], [76.682666, 16.1636028], [76.682666, 16.1608028]]]}, "properties": {"level": "village", "name": "Virapura", "parent_level": "taluka", "parent_name": "Lingsugur"}}, {"type": "Feature", "geometry": {"type": "Polygon", "coordinates": [[[76.5236814, 16.1691274], [76.52648140000001, 16.1691274], [76.52648140000001, 16.1719274], [76.5236814, 16.1719274], [76.5236814, 16.1691274]]]}, "properties": {"level": "village", "name": "Yalagaladinni", "parent_level": "taluka", "parent_name": "Lingsugur"}}, {"type": "Feature", "geometry": {"type": "Polygon", "coordinates": [[[76.56622809999999, 16.2224203], [76.5690281, 16.2224203], [76.5690281, 16.2252203], [76.56622809999999, 16.2252203], [76.56622809999999, 16.2224203]]]}, "properties": {"level": "village", "name": "Yaradona", "parent_level": "taluka", "parent_name": "Lingsugur"}}, {"type": "Feature", "geometry": {"type": "Polygon", "coordinates": [[[76.47831389999999, 15.9230703], [76.4811139, 15.9230703], [76.4811139, 15.9258703], [76.47831389999999, 15.9258703], [76.47831389999999, 15.9230703]]]}, "properties": {"level": "village", "name": "Hadagali", "parent_level": "taluka", "parent_name": "Maski"}}, {"type": "Feature", "geometry": {"type": "Polygon", "coordinates": [[[76.4674278, 15.9594605], [76.4702278, 15.9594605], [76.4702278, 15.962260500000001], [76.4674278, 15.962260500000001], [76.4674278, 15.9594605]]]}, "properties": {"level": "village", "name": "Kannala", "parent_level": "taluka", "parent_name": "Maski"}}, {"type": "Feature", "geometry": {"type": "Polygon", "coordinates": [[[76.4839125, 15.961923], [76.48671250000001, 15.961923], [76.48671250000001, 15.964723000000001], [76.4839125, 15.964723000000001], [76.4839125, 15.961923]]]}, "properties": {"level": "village", "name": "Timmapura", "parent_level": "taluka", "parent_name": "Maski"}}, {"type": "Feature", "geometry": {"type": "Polygon", "coordinates": [[[76.7601621, 16.3275876], [76.76296210000001, 16.3275876], [76.76296210000001, 16.3303876], [76.7601621, 16.3303876], [76.7601621, 16.3275876]]]}, "properties": {"level": "village", "name": "Bommanahalli", "parent_level": "taluka", "parent_name": "Devadurga"}}, {"type": "Feature", "geometry": {"type": "Polygon", "coordinates": [[[77.1746058, 16.3655837], [77.1774058, 16.3655837], [77.1774058, 16.3683837], [77.1746058, 16.3683837], [77.1746058, 16.3655837]]]}, "properties": {"level": "village", "name": "Bommanala", "parent_level": "taluka", "parent_name": "Devadurga"}}, {"type": "Feature", "geometry": {"type": "Polygon", "coordinates": [[[76.83306999999999, 16.3581967], [76.83587, 16.3581967], [76.83587, 16.3609967], [76.83306999999999, 16.3609967], [76.83306999999999, 16.3581967]]]}, "properties": {"level": "village", "name": "Gajaladinni", "parent_level": "taluka", "parent_name": "Devadurga"}}, {"type": "Feature", "geometry": {"type": "Polygon", "coordinates": [[[77.043549, 16.284005699999998], [77.046349, 16.284005699999998], [77.046349, 16.2868057], [77.043549, 16.2868057], [77.043549, 16.284005699999998]]]}, "properties": {"level": "village", "name": "Govindapalli", "parent_level": "taluka", "parent_name": "Devadurga"}}, {"type": "Feature", "geometry": {"type": "Polygon", "coordinates": [[[77.092157, 16.4754909], [77.09495700000001, 16.4754909], [77.09495700000001, 16.4782909], [77.092157, 16.4782909], [77.092157, 16.4754909]]]}, "properties": {"level": "village", "name": "Herura", "parent_level": "taluka", "parent_name": "Devadurga"}}, {"type": "Feature", "geometry": {"type": "Polygon", "coordinates": [[[76.8231552, 16.297901799999998], [76.82595520000001, 16.297901799999998], [76.82595520000001, 16.3007018], [76.8231552, 16.3007018], [76.8231552, 16.297901799999998]]]}, "properties": {"level": "village", "name": "Huligudda", "parent_level": "taluka", "parent_name": "Devadurga"}}, {"type": "Feature", "geometry": {"type": "Polygon", "coordinates": [[[76.8005791, 16.3176806], [76.8033791, 16.3176806], [76.8033791, 16.3204806], [76.8005791, 16.3204806], [76.8005791, 16.3176806]]]}, "properties": {"level": "village", "name": "Kakkaladoddi", "parent_level": "taluka", "parent_name": "Devadurga"}}, {"type": "Feature", "geometry": {"type": "Polygon", "coordinates": [[[76.79886069999999, 16.3238327], [76.8016607, 16.3238327], [76.8016607, 16.3266327], [76.79886069999999, 16.3266327], [76.79886069999999, 16.3238327]]]}, "properties": {"level": "village", "name": "Kammaladinni", "parent_level": "taluka", "parent_name": "Devadurga"}}, {"type": "Feature", "geometry": {"type": "Polygon", "coordinates": [[[76.8155209, 16.3756529], [76.8183209, 16.3756529], [76.8183209, 16.3784529], [76.8155209, 16.3784529], [76.8155209, 16.3756529]]]}, "properties": {"level": "village", "name": "Karadigudda", "parent_level": "taluka", "parent_name": "Devadurga"}}, {"type": "Feature", "geometry": {"type": "Polygon", "coordinates": [[[76.75289, 16.4114866], [76.75569, 16.4114866], [76.75569, 16.4142866], [76.75289, 16.4142866], [76.75289, 16.4114866]]]}, "properties": {"level": "village", "name": "Lingadahalli", "parent_level": "taluka", "parent_name": "Devadurga"}}, {"type": "Feature", "geometry": {"type": "Polygon", "coordinates": [[[77.0239326, 16.221473], [77.0267326, 16.221473], [77.0267326, 16.224273], [77.0239326, 16.224273], [77.0239326, 16.221473]]]}, "properties": {"level": "village", "name": "Marakamadinni", "parent_level": "taluka", "parent_name": "Devadurga"}}, {"type": "Feature", "geometry": {"type": "Polygon", "coordinates": [[[77.1314079, 16.2622491], [77.1342079, 16.2622491], [77.1342079, 16.2650491], [77.1314079, 16.2650491], [77.1314079, 16.2622491]]]}, "properties": {"level": "village", "name": "Masid Pura", "parent_level": "taluka", "parent_name": "Devadurga"}}, {"type": "Feature", "geometry": {"type": "Polygon", "coordinates": [[[77.0999803, 16.4445943], [77.1027803, 16.4445943], [77.1027803, 16.4473943], [77.0999803, 16.4473943], [77.0999803, 16.4445943]]]}, "properties": {"level": "village", "name": "Matpalli", "parent_level": "taluka", "parent_name": "Devadurga"}}, {"type": "Feature", "geometry": {"type": "Polygon", "coordinates": [[[76.79055559999999, 16.4073324], [76.7933556, 16.4073324], [76.7933556, 16.410132400000002], [76.79055559999999, 16.410132400000002], [76.79055559999999, 16.4073324]]]}, "properties": {"level": "village", "name": "Mudagota", "parent_level": "taluka", "parent_name": "Devadurga"}}, {"type": "Feature", "geometry": {"type": "Polygon", "coordinates": [[[76.7857509, 16.3127114], [76.7885509, 16.3127114], [76.7885509, 16.315511400000002], [76.7857509, 16.315511400000002], [76.7857509, 16.3127114]]]}, "properties": {"level": "village", "name": "Myakaladoddi", "parent_level": "taluka", "parent_name": "Devadurga"}}, {"type": "Feature", "geometry": {"type": "Polygon", "coordinates": [[[76.8415297, 16.3878389], [76.8443297, 16.3878389], [76.8443297, 16.3906389], [76.8415297, 16.3906389], [76.8415297, 16.3878389]]]}, "properties": {"level": "village", "name": "Navalagudda", "parent_level": "taluka", "parent_name": "Devadurga"}}, {"type": "Feature", "geometry": {"type": "Polygon", "coordinates": [[[77.1296047, 16.2008851], [77.13240470000001, 16.2008851], [77.13240470000001, 16.2036851], [77.1296047, 16.2036851], [77.1296047, 16.2008851]]]}, "properties": {"level": "village", "name": "Nilagal", "parent_level": "taluka", "parent_name": "Devadurga"}}, {"type": "Feature", "geometry": {"type": "Polygon", "coordinates": [[[77.0712319, 16.1880915], [77.07403190000001, 16.1880915], [77.07403190000001, 16.1908915], [77.0712319, 16.1908915], [77.0712319, 16.1880915]]]}, "properties": {"level": "village", "name": "Tippaladinni", "parent_level": "taluka", "parent_name": "Devadurga"}}, {"type": "Feature", "geometry": {"type": "Polygon", "coordinates": [[[77.0223206, 16.2015192], [77.02512060000001, 16.2015192], [77.02512060000001, 16.2043192], [77.0223206, 16.2043192], [77.0223206, 16.2015192]]]}, "properties": {"level": "village", "name": "Yaramarasa", "parent_level": "taluka", "parent_name": "Devadurga"}}, {"type": "Feature", "geometry": {"type": "Polygon", "coordinates": [[[76.9858574, 16.4327093], [76.98865740000001, 16.4327093], [76.98865740000001, 16.4355093], [76.9858574, 16.4355093], [76.9858574, 16.4327093]]]}, "properties": {"level": "village", "name": "Kambadala", "parent_level": "taluka", "parent_name": "Devadurga"}}, {"type": "Feature", "geometry": {"type": "Polygon", "coordinates": [[[76.79932749999999, 16.2299592], [76.8021275, 16.2299592], [76.8021275, 16.2327592], [76.79932749999999, 16.2327592], [76.79932749999999, 16.2299592]]]}, "properties": {"level": "village", "name": "Madarakal", "parent_level": "taluka", "parent_name": "Devadurga"}}, {"type": "Feature", "geometry": {"type": "Polygon", "coordinates": [[[76.7943988, 16.2492355], [76.7971988, 16.2492355], [76.7971988, 16.2520355], [76.7943988, 16.2520355], [76.7943988, 16.2492355]]]}, "properties": {"level": "village", "name": "Mudalagunda", "parent_level": "taluka", "parent_name": "Devadurga"}}, {"type": "Feature", "geometry": {"type": "Polygon", "coordinates": [[[76.8103907, 16.2746737], [76.8131907, 16.2746737], [76.8131907, 16.2774737], [76.8103907, 16.2774737], [76.8103907, 16.2746737]]]}, "properties": {"level": "village", "name": "Sunnadakal", "parent_level": "taluka", "parent_name": "Devadurga"}}, {"type": "Feature", "geometry": {"type": "Polygon", "coordinates": [[[76.7941185, 16.2684708], [76.7969185, 16.2684708], [76.7969185, 16.2712708], [76.7941185, 16.2712708], [76.7941185, 16.2684708]]]}, "properties": {"level": "village", "name": "Uti", "parent_level": "taluka", "parent_name": "Devadurga"}}, {"type": "Feature", "geometry": {"type": "Polygon", "coordinates": [[[76.99240379999999, 16.4133624], [76.9952038, 16.4133624], [76.9952038, 16.4161624], [76.99240379999999, 16.4161624], [76.99240379999999, 16.4133624]]]}, "properties": {"level": "village", "name": "Yaramasala", "parent_level": "taluka", "parent_name": "Devadurga"}}, {"type": "Feature", "geometry": {"type": "Polygon", "coordinates": [[[77.4501629, 16.1399539], [77.4529629, 16.1399539], [77.4529629, 16.1427539], [77.4501629, 16.1427539], [77.4501629, 16.1399539]]]}, "properties": {"level": "village", "name": "Ayajapura", "parent_level": "taluka", "parent_name": "Raichur"}}, {"type": "Feature", "geometry": {"type": "Polygon", "coordinates": [[[77.44541149999999, 15.9624091], [77.4482115, 15.9624091], [77.4482115, 15.965209100000001], [77.44541149999999, 15.965209100000001], [77.44541149999999, 15.9624091]]]}, "properties": {"level": "village", "name": "Budadinni", "parent_level": "taluka", "parent_name": "Raichur"}}, {"type": "Feature", "geometry": {"type": "Polygon", "coordinates": [[[77.40011349999999, 15.952942499999999], [77.4029135, 15.952942499999999], [77.4029135, 15.9557425], [77.40011349999999, 15.9557425], [77.40011349999999, 15.952942499999999]]]}, "properties": {"level": "village", "name": "Bullapura", "parent_level": "taluka", "parent_name": "Raichur"}}, {"type": "Feature", "geometry": {"type": "Polygon", "coordinates": [[[77.4180969, 15.952117099999999], [77.4208969, 15.952117099999999], [77.4208969, 15.9549171], [77.4180969, 15.9549171], [77.4180969, 15.952117099999999]]]}, "properties": {"level": "village", "name": "Chikkamanchali", "parent_level": "taluka", "parent_name": "Raichur"}}, {"type": "Feature", "geometry": {"type": "Polygon", "coordinates": [[[77.4093951, 16.142660499999998], [77.4121951, 16.142660499999998], [77.4121951, 16.1454605], [77.4093951, 16.1454605], [77.4093951, 16.142660499999998]]]}, "properties": {"level": "village", "name": "Devanapalli", "parent_level": "taluka", "parent_name": "Raichur"}}, {"type": "Feature", "geometry": {"type": "Polygon", "coordinates": [[[77.3561343, 15.988553999999999], [77.3589343, 15.988553999999999], [77.3589343, 15.991354], [77.3561343, 15.991354], [77.3561343, 15.988553999999999]]]}, "properties": {"level": "village", "name": "Duganuru", "parent_level": "taluka", "parent_name": "Raichur"}}, {"type": "Feature", "geometry": {"type": "Polygon", "coordinates": [[[77.36284959999999, 16.0698126], [77.3656496, 16.0698126], [77.3656496, 16.0726126], [77.36284959999999, 16.0726126], [77.36284959999999, 16.0698126]]]}, "properties": {"level": "village", "name": "Gadhara", "parent_level": "taluka", "parent_name": "Raichur"}}, {"type": "Feature", "geometry": {"type": "Polygon", "coordinates": [[[77.4076695, 15.9740435], [77.4104695, 15.9740435], [77.4104695, 15.976843500000001], [77.4076695, 15.976843500000001], [77.4076695, 15.9740435]]]}, "properties": {"level": "village", "name": "Ganadhala", "parent_level": "taluka", "parent_name": "Raichur"}}, {"type": "Feature", "geometry": {"type": "Polygon", "coordinates": [[[77.3038401, 15.9824865], [77.30664010000001, 15.9824865], [77.30664010000001, 15.9852865], [77.3038401, 15.9852865], [77.3038401, 15.9824865]]]}, "properties": {"level": "village", "name": "Gattubichchali", "parent_level": "taluka", "parent_name": "Raichur"}}, {"type": "Feature", "geometry": {"type": "Polygon", "coordinates": [[[77.381813, 16.1103438], [77.384613, 16.1103438], [77.384613, 16.1131438], [77.381813, 16.1131438], [77.381813, 16.1103438]]]}, "properties": {"level": "village", "name": "Gonvara", "parent_level": "taluka", "parent_name": "Raichur"}}, {"type": "Feature", "geometry": {"type": "Polygon", "coordinates": [[[77.2943129, 15.9755837], [77.2971129, 15.9755837], [77.2971129, 15.9783837], [77.2943129, 15.9783837], [77.2943129, 15.9755837]]]}, "properties": {"level": "village", "name": "Hanumapura", "parent_level": "taluka", "parent_name": "Raichur"}}, {"type": "Feature", "geometry": {"type": "Polygon", "coordinates": [[[77.2918569, 15.9977465], [77.2946569, 15.9977465], [77.2946569, 16.0005465], [77.2918569, 16.0005465], [77.2918569, 15.9977465]]]}, "properties": {"level": "village", "name": "Hirapura", "parent_level": "taluka", "parent_name": "Raichur"}}, {"type": "Feature", "geometry": {"type": "Polygon", "coordinates": [[[77.35720309999999, 16.107204199999998], [77.3600031, 16.107204199999998], [77.3600031, 16.1100042], [77.35720309999999, 16.1100042], [77.35720309999999, 16.107204199999998]]]}, "properties": {"level": "village", "name": "Kamalapura", "parent_level": "taluka", "parent_name": "Raichur"}}, {"type": "Feature", "geometry": {"type": "Polygon", "coordinates": [[[77.41604459999999, 16.2430122], [77.4188446, 16.2430122], [77.4188446, 16.2458122], [77.41604459999999, 16.2458122], [77.41604459999999, 16.2430122]]]}, "properties": {"level": "village", "name": "Katlatakuru", "parent_level": "taluka", "parent_name": "Raichur"}}, {"type": "Feature", "geometry": {"type": "Polygon", "coordinates": [[[77.45278499999999, 16.284913], [77.455585, 16.284913], [77.455585, 16.287713], [77.45278499999999, 16.287713], [77.45278499999999, 16.284913]]]}, "properties": {"level": "village", "name": "Madamanaduddi", "parent_level": "taluka", "parent_name": "Raichur"}}, {"type": "Feature", "geometry": {"type": "Polygon", "coordinates": [[[77.30222289999999, 16.162399999999998], [77.3050229, 16.162399999999998], [77.3050229, 16.1652], [77.30222289999999, 16.1652], [77.30222289999999, 16.162399999999998]]]}, "properties": {"level": "village", "name": "Mamadapura", "parent_level": "taluka", "parent_name": "Raichur"}}, {"type": "Feature", "geometry": {"type": "Polygon", "coordinates": [[[77.3782009, 16.0903762], [77.3810009, 16.0903762], [77.3810009, 16.093176200000002], [77.3782009, 16.093176200000002], [77.3782009, 16.0903762]]]}, "properties": {"level": "village", "name": "Manjarla", "parent_level": "taluka", "parent_name": "Raichur"}}, {"type": "Feature", "geometry": {"type": "Polygon", "coordinates": [[[77.39671, 16.1406185], [77.39951, 16.1406185], [77.39951, 16.1434185], [77.39671, 16.1434185], [77.39671, 16.1406185]]]}, "properties": {"level": "village", "name": "Mittimalkapura", "parent_level": "taluka", "parent_name": "Raichur"}}, {"type": "Feature", "geometry": {"type": "Polygon", "coordinates": [[[77.46477279999999, 16.2902579], [77.4675728, 16.2902579], [77.4675728, 16.2930579], [77.46477279999999, 16.2930579], [77.46477279999999, 16.2902579]]]}, "properties": {"level": "village", "name": "Raladoddi", "parent_level": "taluka", "parent_name": "Raichur"}}, {"type": "Feature", "geometry": {"type": "Polygon", "coordinates": [[[77.55552759999999, 16.3163537], [77.5583276, 16.3163537], [77.5583276, 16.3191537], [77.55552759999999, 16.3191537], [77.55552759999999, 16.3163537]]]}, "properties": {"level": "village", "name": "Sarjapura", "parent_level": "taluka", "parent_name": "Raichur"}}, {"type": "Feature", "geometry": {"type": "Polygon", "coordinates": [[[77.3838452, 16.171015], [77.3866452, 16.171015], [77.3866452, 16.173815], [77.3838452, 16.173815], [77.3838452, 16.171015]]]}, "properties": {"level": "village", "name": "Siddarampura", "parent_level": "taluka", "parent_name": "Raichur"}}, {"type": "Feature", "geometry": {"type": "Polygon", "coordinates": [[[77.36510799999999, 15.9634343], [77.367908, 15.9634343], [77.367908, 15.9662343], [77.36510799999999, 15.9662343], [77.36510799999999, 15.9634343]]]}, "properties": {"level": "village", "name": "Tungabhadra", "parent_level": "taluka", "parent_name": "Raichur"}}, {"type": "Feature", "geometry": {"type": "Polygon", "coordinates": [[[77.402934, 16.1126724], [77.40573400000001, 16.1126724], [77.40573400000001, 16.1154724], [77.402934, 16.1154724], [77.402934, 16.1126724]]]}, "properties": {"level": "village", "name": "Tuntapura", "parent_level": "taluka", "parent_name": "Raichur"}}, {"type": "Feature", "geometry": {"type": "Polygon", "coordinates": [[[77.47513939999999, 16.1422926], [77.4779394, 16.1422926], [77.4779394, 16.1450926], [77.47513939999999, 16.1450926], [77.47513939999999, 16.1422926]]]}, "properties": {"level": "village", "name": "Undraladoddi", "parent_level": "taluka", "parent_name": "Raichur"}}, {"type": "Feature", "geometry": {"type": "Polygon", "coordinates": [[[77.4756675, 16.314778099999998], [77.47846750000001, 16.314778099999998], [77.47846750000001, 16.3175781], [77.4756675, 16.3175781], [77.4756675, 16.314778099999998]]]}, "properties": {"level": "village", "name": "Vaddepalli", "parent_level": "taluka", "parent_name": "Raichur"}}, {"type": "Feature", "geometry": {"type": "Polygon", "coordinates": [[[77.3221588, 16.1453252], [77.3249588, 16.1453252], [77.3249588, 16.1481252], [77.3221588, 16.1481252], [77.3221588, 16.1453252]]]}, "properties": {"level": "village", "name": "Ashapura", "parent_level": "taluka", "parent_name": "Raichur"}}, {"type": "Feature", "geometry": {"type": "Polygon", "coordinates": [[[77.3289174, 16.1286182], [77.3317174, 16.1286182], [77.3317174, 16.1314182], [77.3289174, 16.1314182], [77.3289174, 16.1286182]]]}, "properties": {"level": "village", "name": "Jalibenchi", "parent_level": "taluka", "parent_name": "Raichur"}}, {"type": "Feature", "geometry": {"type": "Polygon", "coordinates": [[[77.2567421, 16.0036749], [77.2595421, 16.0036749], [77.2595421, 16.0064749], [77.2567421, 16.0064749], [77.2567421, 16.0036749]]]}, "properties": {"level": "village", "name": "Adavi Khanapura", "parent_level": "taluka", "parent_name": "Manvi"}}, {"type": "Feature", "geometry": {"type": "Polygon", "coordinates": [[[76.9284625, 15.944255], [76.9312625, 15.944255], [76.9312625, 15.947055], [76.9284625, 15.947055], [76.9284625, 15.944255]]]}, "properties": {"level": "village", "name": "Amareshvara Camp", "parent_level": "taluka", "parent_name": "Manvi"}}, {"type": "Feature", "geometry": {"type": "Polygon", "coordinates": [[[77.2514637, 16.0282274], [77.25426370000001, 16.0282274], [77.25426370000001, 16.0310274], [77.2514637, 16.0310274], [77.2514637, 16.0282274]]]}, "properties": {"level": "village", "name": "Aroli", "parent_level": "taluka", "parent_name": "Manvi"}}, {"type": "Feature", "geometry": {"type": "Polygon", "coordinates": [[[77.15451809999999, 16.1113307], [77.1573181, 16.1113307], [77.1573181, 16.1141307], [77.15451809999999, 16.1141307], [77.15451809999999, 16.1113307]]]}, "properties": {"level": "village", "name": "Hokrani", "parent_level": "taluka", "parent_name": "Sirwar"}}, {"type": "Feature", "geometry": {"type": "Polygon", "coordinates": [[[77.21909149999999, 15.9849328], [77.2218915, 15.9849328], [77.2218915, 15.9877328], [77.21909149999999, 15.9877328], [77.21909149999999, 15.9849328]]]}, "properties": {"level": "village", "name": "Kambaletti", "parent_level": "taluka", "parent_name": "Manvi"}}, {"type": "Feature", "geometry": {"type": "Polygon", "coordinates": [[[77.3250236, 16.1919316], [77.3278236, 16.1919316], [77.3278236, 16.1947316], [77.3250236, 16.1947316], [77.3250236, 16.1919316]]]}, "properties": {"level": "village", "name": "Rampura", "parent_level": "taluka", "parent_name": "Raichur"}}, {"type": "Feature", "geometry": {"type": "Polygon", "coordinates": [[[77.1927647, 15.964141399999999], [77.1955647, 15.964141399999999], [77.1955647, 15.9669414], [77.1927647, 15.9669414], [77.1927647, 15.964141399999999]]]}, "properties": {"level": "village", "name": "Tammapura", "parent_level": "taluka", "parent_name": "Manvi"}}, {"type": "Feature", "geometry": {"type": "Polygon", "coordinates": [[[77.02277389999999, 15.8644593], [77.0255739, 15.8644593], [77.0255739, 15.8672593], [77.02277389999999, 15.8672593], [77.02277389999999, 15.8644593]]]}, "properties": {"level": "village", "name": "Yadivala", "parent_level": "taluka", "parent_name": "Manvi"}}, {"type": "Feature", "geometry": {"type": "Polygon", "coordinates": [[[76.7721545, 15.742539299999999], [76.7749545, 15.742539299999999], [76.7749545, 15.7453393], [76.7721545, 15.7453393], [76.7721545, 15.742539299999999]]]}, "properties": {"level": "village", "name": "Amarapura", "parent_level": "taluka", "parent_name": "Sindhanur"}}, {"type": "Feature", "geometry": {"type": "Polygon", "coordinates": [[[77.1199567, 16.0422421], [77.12275670000001, 16.0422421], [77.12275670000001, 16.0450421], [77.1199567, 16.0450421], [77.1199567, 16.0422421]]]}, "properties": {"level": "village", "name": "Bettaduru", "parent_level": "taluka", "parent_name": "Manvi"}}, {"type": "Feature", "geometry": {"type": "Polygon", "coordinates": [[[77.0613394, 16.1486847], [77.0641394, 16.1486847], [77.0641394, 16.1514847], [77.0613394, 16.1514847], [77.0613394, 16.1486847]]]}, "properties": {"level": "village", "name": "Bhagyanagara Camp", "parent_level": "taluka", "parent_name": "Sirwar"}}, {"type": "Feature", "geometry": {"type": "Polygon", "coordinates": [[[76.8523045, 16.1774145], [76.85510450000001, 16.1774145], [76.85510450000001, 16.1802145], [76.8523045, 16.1802145], [76.8523045, 16.1774145]]]}, "properties": {"level": "village", "name": "Donamaradi", "parent_level": "taluka", "parent_name": "Sirwar"}}, {"type": "Feature", "geometry": {"type": "Polygon", "coordinates": [[[76.6291856, 15.7580268], [76.63198560000001, 15.7580268], [76.63198560000001, 15.7608268], [76.6291856, 15.7608268], [76.6291856, 15.7580268]]]}, "properties": {"level": "village", "name": "Gunjalli Camp", "parent_level": "taluka", "parent_name": "Sindhanur"}}, {"type": "Feature", "geometry": {"type": "Polygon", "coordinates": [[[77.0139464, 16.1524849], [77.0167464, 16.1524849], [77.0167464, 16.1552849], [77.0139464, 16.1552849], [77.0139464, 16.1524849]]]}, "properties": {"level": "village", "name": "Jalapura Camp", "parent_level": "taluka", "parent_name": "Sirwar"}}, {"type": "Feature", "geometry": {"type": "Polygon", "coordinates": [[[76.7697505, 15.7854946], [76.77255050000001, 15.7854946], [76.77255050000001, 15.7882946], [76.7697505, 15.7882946], [76.7697505, 15.7854946]]]}, "properties": {"level": "village", "name": "Konganahatti", "parent_level": "taluka", "parent_name": "Sindhanur"}}, {"type": "Feature", "geometry": {"type": "Polygon", "coordinates": [[[77.1137723, 16.1049109], [77.1165723, 16.1049109], [77.1165723, 16.1077109], [77.1137723, 16.1077109], [77.1137723, 16.1049109]]]}, "properties": {"level": "village", "name": "Machanuru", "parent_level": "taluka", "parent_name": "Sirwar"}}, {"type": "Feature", "geometry": {"type": "Polygon", "coordinates": [[[76.9118443, 15.9046206], [76.9146443, 15.9046206], [76.9146443, 15.9074206], [76.9118443, 15.9074206], [76.9118443, 15.9046206]]]}, "properties": {"level": "village", "name": "Muddanguddi", "parent_level": "taluka", "parent_name": "Manvi"}}, {"type": "Feature", "geometry": {"type": "Polygon", "coordinates": [[[76.9111506, 16.022595], [76.9139506, 16.022595], [76.9139506, 16.025395], [76.9111506, 16.025395], [76.9111506, 16.022595]]]}, "properties": {"level": "village", "name": "Nakkundi", "parent_level": "taluka", "parent_name": "Manvi"}}, {"type": "Feature", "geometry": {"type": "Polygon", "coordinates": [[[76.9472909, 16.1098742], [76.9500909, 16.1098742], [76.9500909, 16.1126742], [76.9472909, 16.1126742], [76.9472909, 16.1098742]]]}, "properties": {"level": "village", "name": "Nugudoni Hosuru", "parent_level": "taluka", "parent_name": "Sirwar"}}, {"type": "Feature", "geometry": {"type": "Polygon", "coordinates": [[[76.9395086, 16.1100849], [76.9423086, 16.1100849], [76.9423086, 16.1128849], [76.9395086, 16.1128849], [76.9395086, 16.1100849]]]}, "properties": {"level": "village", "name": "Nugudoni", "parent_level": "taluka", "parent_name": "Sirwar"}}, {"type": "Feature", "geometry": {"type": "Polygon", "coordinates": [[[76.8927464, 16.1679797], [76.8955464, 16.1679797], [76.8955464, 16.1707797], [76.8927464, 16.1707797], [76.8927464, 16.1679797]]]}, "properties": {"level": "village", "name": "Patakanadoddi", "parent_level": "taluka", "parent_name": "Sirwar"}}, {"type": "Feature", "geometry": {"type": "Polygon", "coordinates": [[[76.87167389999999, 16.1286852], [76.8744739, 16.1286852], [76.8744739, 16.1314852], [76.87167389999999, 16.1314852], [76.87167389999999, 16.1286852]]]}, "properties": {"level": "village", "name": "Potapura", "parent_level": "taluka", "parent_name": "Sirwar"}}, {"type": "Feature", "geometry": {"type": "Polygon", "coordinates": [[[77.0041337, 15.974143699999999], [77.0069337, 15.974143699999999], [77.0069337, 15.9769437], [77.0041337, 15.9769437], [77.0041337, 15.974143699999999]]]}, "properties": {"level": "village", "name": "Rajaladinni", "parent_level": "taluka", "parent_name": "Manvi"}}, {"type": "Feature", "geometry": {"type": "Polygon", "coordinates": [[[77.1022995, 16.1616561], [77.10509950000001, 16.1616561], [77.10509950000001, 16.1644561], [77.1022995, 16.1644561], [77.1022995, 16.1616561]]]}, "properties": {"level": "village", "name": "Shakhapura", "parent_level": "taluka", "parent_name": "Sirwar"}}, {"type": "Feature", "geometry": {"type": "Polygon", "coordinates": [[[76.9142653, 16.1993149], [76.9170653, 16.1993149], [76.9170653, 16.2021149], [76.9142653, 16.2021149], [76.9142653, 16.1993149]]]}, "properties": {"level": "village", "name": "Shavantagal", "parent_level": "taluka", "parent_name": "Devadurga"}}, {"type": "Feature", "geometry": {"type": "Polygon", "coordinates": [[[77.11458429999999, 16.0901884], [77.1173843, 16.0901884], [77.1173843, 16.0929884], [77.11458429999999, 16.0929884], [77.11458429999999, 16.0901884]]]}, "properties": {"level": "village", "name": "Tupadora", "parent_level": "taluka", "parent_name": "Sirwar"}}, {"type": "Feature", "geometry": {"type": "Polygon", "coordinates": [[[76.69184299999999, 15.8099422], [76.694643, 15.8099422], [76.694643, 15.8127422], [76.69184299999999, 15.8127422], [76.69184299999999, 15.8099422]]]}, "properties": {"level": "village", "name": "Chiratanala", "parent_level": "taluka", "parent_name": "Sindhanur"}}, {"type": "Feature", "geometry": {"type": "Polygon", "coordinates": [[[76.9172136, 15.7651377], [76.9200136, 15.7651377], [76.9200136, 15.767937700000001], [76.9172136, 15.767937700000001], [76.9172136, 15.7651377]]]}, "properties": {"level": "village", "name": "Ginivara", "parent_level": "taluka", "parent_name": "Sindhanur"}}, {"type": "Feature", "geometry": {"type": "Polygon", "coordinates": [[[76.7296458, 15.7078174], [76.73244580000001, 15.7078174], [76.73244580000001, 15.7106174], [76.7296458, 15.7106174], [76.7296458, 15.7078174]]]}, "properties": {"level": "village", "name": "Gorebala camp", "parent_level": "taluka", "parent_name": "Sindhanur"}}, {"type": "Feature", "geometry": {"type": "Polygon", "coordinates": [[[76.6722052, 15.9118145], [76.6750052, 15.9118145], [76.6750052, 15.9146145], [76.6722052, 15.9146145], [76.6722052, 15.9118145]]]}, "properties": {"level": "village", "name": "Gudadura", "parent_level": "taluka", "parent_name": "Maski"}}, {"type": "Feature", "geometry": {"type": "Polygon", "coordinates": [[[76.8329062, 15.7403523], [76.8357062, 15.7403523], [76.8357062, 15.7431523], [76.8329062, 15.7431523], [76.8329062, 15.7403523]]]}, "properties": {"level": "village", "name": "Kannari", "parent_level": "taluka", "parent_name": "Sindhanur"}}, {"type": "Feature", "geometry": {"type": "Polygon", "coordinates": [[[76.67838479999999, 15.897541], [76.6811848, 15.897541], [76.6811848, 15.900341000000001], [76.67838479999999, 15.900341000000001], [76.67838479999999, 15.897541]]]}, "properties": {"level": "village", "name": "Rangapura", "parent_level": "taluka", "parent_name": "Maski"}}, {"type": "Feature", "geometry": {"type": "Polygon", "coordinates": [[[76.8912052, 15.90831], [76.89400520000001, 15.90831], [76.89400520000001, 15.91111], [76.8912052, 15.91111], [76.8912052, 15.90831]]]}, "properties": {"level": "village", "name": "Yapalparvi", "parent_level": "taluka", "parent_name": "Sindhanur"}}, {"type": "Feature", "geometry": {"type": "Polygon", "coordinates": [[[76.8395589, 15.9431995], [76.84235890000001, 15.9431995], [76.84235890000001, 15.945999500000001], [76.8395589, 15.945999500000001], [76.8395589, 15.9431995]]]}, "properties": {"level": "village", "name": "Tadkal", "parent_level": "taluka", "parent_name": "Manvi"}}, {"type": "Feature", "geometry": {"type": "Polygon", "coordinates": [[[76.8546132, 16.0355073], [76.85741320000001, 16.0355073], [76.85741320000001, 16.0383073], [76.8546132, 16.0383073], [76.8546132, 16.0355073]]]}, "properties": {"level": "village", "name": "Nadugaddi", "parent_level": "taluka", "parent_name": "Sirwar"}}, {"type": "Feature", "geometry": {"type": "Polygon", "coordinates": [[[76.8801088, 15.7987822], [76.88290880000001, 15.7987822], [76.88290880000001, 15.8015822], [76.8801088, 15.8015822], [76.8801088, 15.7987822]]]}, "properties": {"level": "village", "name": "R H Colony 5", "parent_level": "taluka", "parent_name": "Sindhanur"}}, {"type": "Feature", "geometry": {"type": "Polygon", "coordinates": [[[76.8457605, 15.800139699999999], [76.8485605, 15.800139699999999], [76.8485605, 15.8029397], [76.8457605, 15.8029397], [76.8457605, 15.800139699999999]]]}, "properties": {"level": "village", "name": "R H Colony 2", "parent_level": "taluka", "parent_name": "Sindhanur"}}, {"type": "Feature", "geometry": {"type": "Polygon", "coordinates": [[[76.800179, 16.0247188], [76.80297900000001, 16.0247188], [76.80297900000001, 16.0275188], [76.800179, 16.0275188], [76.800179, 16.0247188]]]}, "properties": {"level": "village", "name": "Chikkadinni", "parent_level": "taluka", "parent_name": "Maski"}}, {"type": "Feature", "geometry": {"type": "Polygon", "coordinates": [[[76.7873044, 16.0597142], [76.7901044, 16.0597142], [76.7901044, 16.0625142], [76.7873044, 16.0625142], [76.7873044, 16.0597142]]]}, "properties": {"level": "village", "name": "Gugebala", "parent_level": "taluka", "parent_name": "Maski"}}, {"type": "Feature", "geometry": {"type": "Polygon", "coordinates": [[[76.7879695, 15.6377962], [76.79076950000001, 15.6377962], [76.79076950000001, 15.640596200000001], [76.7879695, 15.640596200000001], [76.7879695, 15.6377962]]]}, "properties": {"level": "village", "name": "Gobbarakal", "parent_level": "taluka", "parent_name": "Sindhanur"}}, {"type": "Feature", "geometry": {"type": "Polygon", "coordinates": [[[76.7021389, 15.669346599999999], [76.7049389, 15.669346599999999], [76.7049389, 15.6721466], [76.7021389, 15.6721466], [76.7021389, 15.669346599999999]]]}, "properties": {"level": "village", "name": "\u0cad\u0cc0\u0cae\u0cb0\u0cbe\u0c9c \u0c95\u0ccd\u0caf\u0cbe\u0c82\u0caa\u0ccd", "parent_level": "taluka", "parent_name": "Sindhanur"}}, {"type": "Feature", "geometry": {"type": "Polygon", "coordinates": [[[76.688878, 15.598428799999999], [76.69167800000001, 15.598428799999999], [76.69167800000001, 15.6012288], [76.688878, 15.6012288], [76.688878, 15.598428799999999]]]}, "properties": {"level": "village", "name": "Devi Camp", "parent_level": "taluka", "parent_name": "Sindhanur"}}, {"type": "Feature", "geometry": {"type": "Polygon", "coordinates": [[[76.9513054, 16.3451843], [76.9541054, 16.3451843], [76.9541054, 16.3479843], [76.9513054, 16.3479843], [76.9513054, 16.3451843]]]}, "properties": {"level": "village", "name": "Hemanuru", "parent_level": "taluka", "parent_name": "Devadurga"}}, {"type": "Feature", "geometry": {"type": "Polygon", "coordinates": [[[76.9730635, 16.3341837], [76.9758635, 16.3341837], [76.9758635, 16.3369837], [76.9730635, 16.3369837], [76.9730635, 16.3341837]]]}, "properties": {"level": "village", "name": "Honkatmalli", "parent_level": "taluka", "parent_name": "Devadurga"}}, {"type": "Feature", "geometry": {"type": "Polygon", "coordinates": [[[76.7487342, 15.800227399999999], [76.75153420000001, 15.800227399999999], [76.75153420000001, 15.8030274], [76.7487342, 15.8030274], [76.7487342, 15.800227399999999]]]}, "properties": {"level": "village", "name": "Butaldinni", "parent_level": "taluka", "parent_name": "Sindhanur"}}, {"type": "Feature", "geometry": {"type": "Polygon", "coordinates": [[[76.9616909, 16.2484118], [76.9644909, 16.2484118], [76.9644909, 16.2512118], [76.9616909, 16.2512118], [76.9616909, 16.2484118]]]}, "properties": {"level": "village", "name": "Bandagudda", "parent_level": "taluka", "parent_name": "Devadurga"}}, {"type": "Feature", "geometry": {"type": "Polygon", "coordinates": [[[76.9769956, 16.247253], [76.9797956, 16.247253], [76.9797956, 16.250053], [76.9769956, 16.250053], [76.9769956, 16.247253]]]}, "properties": {"level": "village", "name": "Malledevaragudda", "parent_level": "taluka", "parent_name": "Devadurga"}}, {"type": "Feature", "geometry": {"type": "Polygon", "coordinates": [[[76.83577729999999, 16.375599], [76.8385773, 16.375599], [76.8385773, 16.378399], [76.83577729999999, 16.378399], [76.83577729999999, 16.375599]]]}, "properties": {"level": "village", "name": "Amarapura", "parent_level": "taluka", "parent_name": "Devadurga"}}, {"type": "Feature", "geometry": {"type": "Polygon", "coordinates": [[[76.8490623, 16.314976], [76.85186230000001, 16.314976], [76.85186230000001, 16.317776000000002], [76.8490623, 16.317776000000002], [76.8490623, 16.314976]]]}, "properties": {"level": "village", "name": "Ganajali", "parent_level": "taluka", "parent_name": "Devadurga"}}, {"type": "Feature", "geometry": {"type": "Polygon", "coordinates": [[[76.7024393, 16.3668698], [76.7052393, 16.3668698], [76.7052393, 16.3696698], [76.7024393, 16.3696698], [76.7024393, 16.3668698]]]}, "properties": {"level": "village", "name": "Bunkaladoddi", "parent_level": "taluka", "parent_name": "Devadurga"}}, {"type": "Feature", "geometry": {"type": "Polygon", "coordinates": [[[76.8208427, 16.4141444], [76.82364270000001, 16.4141444], [76.82364270000001, 16.416944400000002], [76.8208427, 16.416944400000002], [76.8208427, 16.4141444]]]}, "properties": {"level": "village", "name": "Baguru", "parent_level": "taluka", "parent_name": "Devadurga"}}, {"type": "Feature", "geometry": {"type": "Polygon", "coordinates": [[[77.0650203, 16.1811553], [77.06782030000001, 16.1811553], [77.06782030000001, 16.1839553], [77.0650203, 16.1839553], [77.0650203, 16.1811553]]]}, "properties": {"level": "village", "name": "Jakkaladinni", "parent_level": "taluka", "parent_name": "Sirwar"}}, {"type": "Feature", "geometry": {"type": "Polygon", "coordinates": [[[77.1718044, 16.2815036], [77.1746044, 16.2815036], [77.1746044, 16.2843036], [77.1718044, 16.2843036], [77.1718044, 16.2815036]]]}, "properties": {"level": "village", "name": "Sultanpura", "parent_level": "taluka", "parent_name": "Raichur"}}, {"type": "Feature", "geometry": {"type": "Polygon", "coordinates": [[[77.49332079999999, 16.272677599999998], [77.4961208, 16.272677599999998], [77.4961208, 16.2754776], [77.49332079999999, 16.2754776], [77.49332079999999, 16.272677599999998]]]}, "properties": {"level": "village", "name": "Palawaladoddi", "parent_level": "taluka", "parent_name": "Raichur"}}, {"type": "Feature", "geometry": {"type": "Polygon", "coordinates": [[[77.52088049999999, 16.3124868], [77.5236805, 16.3124868], [77.5236805, 16.3152868], [77.52088049999999, 16.3152868], [77.52088049999999, 16.3124868]]]}, "properties": {"level": "village", "name": "Kalawala Doddi", "parent_level": "taluka", "parent_name": "Raichur"}}, {"type": "Feature", "geometry": {"type": "Polygon", "coordinates": [[[77.4283899, 16.2136249], [77.4311899, 16.2136249], [77.4311899, 16.2164249], [77.4283899, 16.2164249], [77.4283899, 16.2136249]]]}, "properties": {"level": "village", "name": "Kurubadoddi", "parent_level": "taluka", "parent_name": "Raichur"}}, {"type": "Feature", "geometry": {"type": "Polygon", "coordinates": [[[77.4310131, 16.3558035], [77.43381310000001, 16.3558035], [77.43381310000001, 16.3586035], [77.4310131, 16.3586035], [77.4310131, 16.3558035]]]}, "properties": {"level": "village", "name": "Korvihala", "parent_level": "taluka", "parent_name": "Raichur"}}, {"type": "Feature", "geometry": {"type": "Polygon", "coordinates": [[[76.7483051, 15.6725592], [76.7511051, 15.6725592], [76.7511051, 15.6753592], [76.7483051, 15.6753592], [76.7483051, 15.6725592]]]}, "properties": {"level": "village", "name": "Lakshmi Camp", "parent_level": "taluka", "parent_name": "Sindhanur"}}, {"type": "Feature", "geometry": {"type": "Polygon", "coordinates": [[[77.3175449, 15.9654992], [77.32034490000001, 15.9654992], [77.32034490000001, 15.9682992], [77.3175449, 15.9682992], [77.3175449, 15.9654992]]]}, "properties": {"level": "village", "name": "Channaviranagara", "parent_level": "taluka", "parent_name": "Raichur"}}, {"type": "Feature", "geometry": {"type": "Polygon", "coordinates": [[[77.2956179, 15.9678123], [77.2984179, 15.9678123], [77.2984179, 15.9706123], [77.2956179, 15.9706123], [77.2956179, 15.9678123]]]}, "properties": {"level": "village", "name": "Nirmala Hanumapura", "parent_level": "taluka", "parent_name": "Raichur"}}, {"type": "Feature", "geometry": {"type": "Polygon", "coordinates": [[[77.3823364, 15.9614042], [77.38513640000001, 15.9614042], [77.38513640000001, 15.964204200000001], [77.3823364, 15.964204200000001], [77.3823364, 15.9614042]]]}, "properties": {"level": "village", "name": "\u0ca6\u0cbe\u0cae\u0c9c\u0c97\u0cb0", "parent_level": "taluka", "parent_name": "Raichur"}}, {"type": "Feature", "geometry": {"type": "Polygon", "coordinates": [[[77.211426, 16.4131976], [77.21422600000001, 16.4131976], [77.21422600000001, 16.4159976], [77.211426, 16.4159976], [77.211426, 16.4131976]]]}, "properties": {"level": "village", "name": "Baswantpura", "parent_level": "taluka", "parent_name": "Devadurga"}}]}